anahtar,konusmaci,sapma,f0,tini,seviye,z_f0,z_tini,z_seviye
D30O_E_01,SPK_EMPEROR,24.9,266.7,1944.4,-11.3,24.9,3.9,4.1
D26_K_LAST,SPK_EMPEROR,14.8,200.0,1636.7,-11.6,14.8,2.4,4.0
D19_C_WHISPER,SPK_BRIG,13.1,301.9,2010.3,-23.8,13.1,5.3,2.2
D19_C_02,SPK_BRIG,12.7,297.2,1876.1,-22.8,12.7,4.4,1.6
D21_T_HUSH,SPK_TOLGA,11.2,nan,5157.4,-22.3,0.0,14.0,0.6
D12_F_POWERBANK_2,SPK_FATIH,9.4,111.1,2011.7,-22.9,0.3,11.7,1.1
D22_G_HIT_1,SPK_GIUST,8.6,363.6,2249.1,-19.8,8.6,0.3,2.2
D3_N_LIE_KIND_SLIP,SPK_NIHAT,8.2,363.6,991.0,-21.6,8.2,3.2,0.3
D23_TH_PHOTO,SPK_THEODOROS,8.1,179.8,1745.0,-25.4,8.1,0.4,1.1
D35O_D_CREAK,SPK_DULGER,8.0,140.4,1388.9,-27.4,8.0,2.8,6.4
D39O_C_FAR,SPK_CAVUS,8.0,206.5,1478.4,-11.6,8.0,2.5,2.0
D11_N_T_SILENT,SPK_NIHAT,7.9,355.6,1391.2,-25.7,7.9,2.2,2.4
D7_N_FOUND,SPK_NIHAT,7.9,355.6,1195.3,-21.9,7.9,0.4,0.1
D21_N_LIE,SPK_NIHAT,7.7,351.7,1444.4,-30.1,7.7,3.0,5.4
D7_N_HOLO_KITCHEN_FIRE,SPK_NIHAT,7.7,351.7,1244.4,-22.9,7.7,0.2,0.6
D21O_DIG_5,SPK_MINER,7.6,336.9,3362.6,-41.1,7.3,4.2,12.7
D_DOWNED_N_3,SPK_NIHAT,7.6,347.8,1338.9,-21.4,7.6,1.5,0.4
D13_H_1977_4,SPK_HIKMET,7.2,180.8,1600.1,-36.0,7.2,3.6,10.6
D7_N_HOLO_ARTILLERY_PHONE,SPK_NIHAT,7.2,340.4,1112.9,-23.4,7.2,1.6,0.9
D_AYA_CLERK,SPK_CLERK,6.9,246.2,2531.5,-15.7,6.9,1.6,2.9
D21_G_POT,SPK_GRANT,6.8,193.9,1446.6,-13.4,6.8,5.1,3.5
D15_O_EAVES_A,SPK_MANAGER,6.6,129.6,1316.3,-21.2,6.6,0.6,0.3
D6B_N_ROOF,SPK_NIKO,6.5,141.6,1224.0,-22.8,6.5,6.9,1.7
D21_G_BACK,SPK_GRANT,6.5,190.5,1415.2,-15.5,6.5,4.8,2.5
D14_N_RESIGN_1,SPK_NIHAT,6.4,320.0,1330.3,-21.2,6.4,1.4,0.6
D17_N_08,SPK_NIHAT,6.4,320.0,1241.2,-20.7,6.4,0.2,0.9
D33O_N_PHOTO,SPK_NIHAT,6.4,320.0,1431.5,-17.6,6.4,2.8,2.9
D7_N_LOST_HEN,SPK_NIHAT,6.4,320.0,1169.4,-21.1,6.4,0.8,0.6
D7_N_TRACE_MARKET,SPK_NIHAT,6.3,316.9,1445.4,-22.6,6.3,3.0,0.4
D10A_TH_DONE_CLEAN,SPK_THEODOROS,6.3,161.7,1789.4,-23.7,6.3,0.6,0.3
D10A_N_03,SPK_NIHAT,6.2,313.7,1319.5,-20.4,6.2,1.2,1.1
D7_N_HOLO_MARKET,SPK_NIHAT,6.2,313.7,1255.5,-21.9,6.2,0.4,0.1
D33O_G_ROLL,SPK_GENOESE,6.0,275.9,2136.2,-15.3,6.0,3.3,2.3
D20_G_STAGE_6,SPK_GIUST,6.0,320.0,1723.8,-19.8,6.0,2.2,2.2
D10A_N_REFUSE,SPK_NIHAT,5.9,307.7,1255.0,-23.8,5.9,0.4,1.2
D33O_N_TAKE,SPK_NIHAT,5.9,307.7,1330.5,-21.6,5.9,1.4,0.3
D7_N_HOLO_WALLS,SPK_NIHAT,5.9,307.7,1445.3,-24.4,5.9,3.0,1.6
D7_N_NO_TEA,SPK_NIHAT,5.9,307.7,1428.7,-20.4,5.9,2.7,1.1
D30O_Z_RETREAT,SPK_ZAGANOS,5.8,191.6,1283.5,-10.7,5.8,4.2,2.6
D32O_TP_URBAN_TAPED,SPK_TOPCU,5.8,207.8,1640.4,-28.1,5.8,3.2,1.6
D0_N_FREEZE,SPK_NIHAT,5.8,304.8,1220.5,-23.3,5.8,0.1,0.8
D29_S_HOOK,SPK_GENOESE,5.8,271.2,2094.3,-15.4,5.8,3.1,2.2
REACT_CALLIGRAPHER_CHICKPEAS,SPK_CALLIGRAPHER,5.7,148.1,1372.2,-20.1,5.7,1.3,0.7
D26_G_REPELLED_1,SPK_GIUST,5.6,313.7,2184.1,-21.1,5.6,0.0,1.3
D17_N_POLICY,SPK_NIHAT,5.6,299.1,1222.2,-20.1,5.6,0.1,1.3
D29O_F_SEA,SPK_FATIH,5.5,173.0,1577.9,-13.4,4.8,6.9,3.6
D32O_F_01,SPK_FATIH,5.5,156.1,1568.7,-15.8,3.4,6.8,2.4
D3_N_SHELLS_NO,SPK_NIHAT,5.5,296.3,1188.2,-22.5,5.5,0.5,0.3
D7_N_LOST_GOAT,SPK_NIHAT,5.5,296.3,1441.8,-22.1,5.5,2.9,0.1
D30O_Z_PLANT,SPK_ZAGANOS,5.3,186.0,1445.4,-12.3,5.3,6.7,2.1
D9_P_FATIH,SPK_PASHA,5.3,161.6,1328.1,-26.9,5.3,1.7,2.3
D20_G_ASSAULT,SPK_GIUST,5.2,307.7,2262.0,-19.6,5.2,0.4,2.3
D26_G_REPELLED_2,SPK_GIUST,5.2,307.7,1858.9,-23.2,5.2,1.5,0.1
D6B_NIHAT_PLAZA,SPK_NIHAT,5.2,290.9,1212.6,-26.6,5.2,0.2,3.0
D7_N_HOLO_ARTILLERY_CUBE,SPK_NIHAT,5.2,290.9,1234.3,-22.4,5.2,0.1,0.2
D7_N_FOUND_NOFEZ,SPK_NIHAT,5.1,288.3,1181.4,-21.9,5.1,0.6,0.1
REACT_CLERK_CUBE,SPK_CLERK,4.9,220.7,2204.5,-22.0,4.9,0.3,0.8
D3_N_TEA,SPK_NIHAT,4.9,283.7,1269.9,-19.4,4.9,0.6,1.7
D3_N_14,SPK_NIHAT,4.9,283.2,1036.1,-21.0,4.9,2.6,0.7
D7_N_FOUND_CELL2,SPK_NIHAT,4.9,283.2,1155.5,-21.7,4.9,1.0,0.2
D2_T_STUMBLE_1,SPK_TOLGA,4.9,278.3,3126.3,-19.4,2.4,6.1,0.8
D11_N_H_08,SPK_NIHAT,4.8,280.7,1109.7,-23.9,4.8,1.6,1.2
REACT_THEODOROS_POWERBANK,SPK_THEODOROS,4.8,146.8,1606.8,-24.6,4.8,0.4,0.7
D15_Y_F_05,SPK_AGENCY,4.7,134.5,1293.5,-22.3,4.7,1.2,0.1
D7_N_WALL_KEPT,SPK_NIHAT,4.7,278.3,1049.5,-22.2,4.7,2.4,0.1
D20_G_LOSS,SPK_GIUST,4.7,297.8,3087.9,-33.2,4.7,4.3,6.8
D27_NT_GO,SPK_NOTARY,4.6,133.3,2320.9,-24.7,1.9,5.8,1.9
D17_N_READ,SPK_NIHAT,4.6,275.9,1534.0,-24.3,4.6,4.2,1.5
D7_N_WALL,SPK_NIHAT,4.6,275.9,1336.2,-25.2,4.6,1.5,2.1
D20_G_STAGE_4,SPK_GIUST,4.6,296.3,2075.5,-21.7,4.6,0.5,0.9
D10H_TH_FRANK,SPK_THEODOROS,4.5,144.1,1921.7,-28.3,4.5,1.3,2.4
D11_N_ITEM_CUBE,SPK_NIHAT,4.4,271.5,1265.5,-21.7,4.4,0.5,0.2
D20_N_01,SPK_NIHAT,4.4,271.2,1357.7,-22.1,4.4,1.8,0.1
D7_N_THEO_ASK,SPK_NIHAT,4.4,271.2,1230.0,-20.3,4.4,0.0,1.1
D26_G_BOX,SPK_GIUST,4.4,293.6,2634.0,-19.7,4.4,2.1,2.3
REACT_EMPEROR_TAPE,SPK_EMPEROR,4.4,131.7,1123.6,-18.8,4.4,0.1,1.4
D17_N_SHOT,SPK_NIHAT,4.4,269.8,1320.4,-22.6,4.4,1.3,0.3
D9_LUTFI_TR2,SPK_LUTFI,4.3,250.0,1349.3,-19.2,4.3,1.0,1.3
D27_NT_1,SPK_NOTARY,4.3,160.0,2239.9,-22.5,0.8,5.3,1.0
D6_GIUST_SELFIE,SPK_GIUST,4.2,195.1,3292.8,-25.4,1.4,5.2,1.5
D15_O_EAVES_B,SPK_MANAGER,4.2,313.7,1359.7,-22.5,4.2,0.4,0.5
D7_N_FOUND_OUT,SPK_NIHAT,4.2,264.6,1280.3,-22.3,4.2,0.7,0.2
D4B_T_HIT_3,SPK_TOLGA,4.1,271.2,2878.2,-17.3,2.2,5.1,1.8
D7_N_GOAT_PLAIN,SPK_NIHAT,4.1,262.4,1070.3,-20.0,4.1,2.1,1.4
D21O_DIG_1,SPK_MINER,4.0,173.9,2746.5,-26.0,4.0,1.8,3.5
D7_N_GOAT,SPK_NIHAT,4.0,262.3,1070.8,-20.0,4.0,2.1,1.4
D1_T_28,SPK_TOLGA,4.0,347.8,2579.4,-16.7,4.0,4.0,2.1
D27_NT_STAY,SPK_NOTARY,4.0,153.8,2179.1,-23.5,1.1,5.0,1.4
D33O_M_DONE_LATE,SPK_MASON,4.0,172.0,1159.8,-23.4,4.0,2.6,1.9
D4A_ITEM_TAPE_2,SPK_TOLGA,4.0,149.6,2847.7,-27.5,0.6,5.0,3.1
D6_LUTFI_THERMOS,SPK_LUTFI,4.0,242.4,1471.6,-18.4,4.0,2.0,1.7
REACT_CAMELEER_THERMOS,SPK_CAMELEER,4.0,280.7,1929.9,-25.0,4.0,1.3,1.6
D20_G_STAGE_8,SPK_GIUST,3.9,285.7,1856.2,-22.5,3.9,1.6,0.4
D11_N_WALL_TORN,SPK_NIHAT,3.9,258.1,1339.0,-23.2,3.9,1.5,0.8
D3_N_ALARM,SPK_NIHAT,3.9,258.1,1268.5,-23.6,3.9,0.6,1.1
D7_N_HOLO_ARTILLERY,SPK_NIHAT,3.9,258.1,1153.1,-21.4,3.9,1.0,0.5
D21_T_SHOUT,SPK_TOLGA,3.9,340.4,2033.2,-14.0,3.9,1.9,3.4
D10O_F_TOMORROW,SPK_FATIH,3.9,93.0,1388.7,-24.0,1.7,4.8,1.6
D1_H_IDLE_3,SPK_HIKMET,3.9,246.2,1796.6,-22.2,3.9,2.6,1.4
D3_H_SWEEP_3,SPK_HIKMET,3.9,246.2,1554.6,-24.6,3.9,3.9,3.0
D33O_M_STONE_1,SPK_MASON,3.8,175.8,1201.7,-21.9,3.8,2.3,1.0
D35O_D_LOG,SPK_DULGER,3.8,347.8,1977.8,-16.4,3.8,3.0,1.0
D17_N_01,SPK_NIHAT,3.8,256.8,1338.1,-19.5,3.8,1.5,1.7
D7_N_HOLO_PALACE,SPK_NIHAT,3.8,256.0,1218.1,-22.3,3.8,0.1,0.2
REACT_PASHA_COLOGNE,SPK_PASHA,3.8,149.5,1020.6,-18.6,3.8,0.2,0.9
D26_F_STOP,SPK_FATIH,3.8,126.0,1381.0,-15.4,0.9,4.7,2.6
D6B_C_COLOGNE,SPK_CLERK,3.8,108.1,1714.8,-25.7,3.8,1.6,2.9
D7_N_GATE,SPK_NIHAT,3.7,254.0,1237.3,-23.9,3.7,0.1,1.3
D26_N_EPI_2,SPK_NIHAT,3.7,254.0,1234.7,-22.2,3.7,0.1,0.1
D29_N_SULTAN,SPK_NIHAT,3.7,254.0,1313.8,-22.4,3.7,1.2,0.2
D7_N_HOLO_TENT,SPK_NIHAT,3.7,254.0,1212.6,-22.9,3.7,0.2,0.6
MG_HAG_WINE_LOSE,SPK_WINE,3.7,258.1,1399.9,-19.2,3.7,1.4,1.9
D2_T_22,SPK_TOLGA,3.7,256.0,2737.4,-17.2,1.9,4.6,1.8
D24_K_HELP,SPK_KID,3.7,372.1,1692.9,-13.0,3.3,4.6,3.3
D15_Y_H_RADIO_1,SPK_HIKMET,3.6,250.0,2392.0,-23.2,3.6,0.6,2.1
D2_H_RADIO_YES,SPK_HIKMET,3.6,250.0,1892.2,-21.1,3.6,2.1,0.7
D8_H_G1,SPK_HIKMET,3.6,250.0,1947.3,-21.1,3.6,1.8,0.6
D20_G_WRONG_BARREL,SPK_GIUST,3.6,280.7,1669.2,-22.3,3.6,2.4,0.5
D11_N_AMBUSH,SPK_NIHAT,3.5,250.0,1047.2,-19.0,3.5,2.4,2.0
D11_N_KNOWN,SPK_NIHAT,3.5,250.0,1312.6,-23.4,3.5,1.2,0.9
D32O_N_SILENCE,SPK_NIHAT,3.5,250.0,1324.1,-23.2,3.5,1.3,0.8
D7_N_HOLO_CELL,SPK_NIHAT,3.5,250.0,1212.4,-23.5,3.5,0.2,1.0
D7_N_HOLO_KITCHEN,SPK_NIHAT,3.5,250.0,1272.4,-22.5,3.5,0.6,0.3
D6A_T_GOAT,SPK_TOLGA,3.5,326.5,2403.9,-19.2,3.5,3.3,0.9
MG_MAN_E_CAPTURE_3,SPK_EMPEROR,3.5,126.0,919.4,-17.1,3.5,1.1,2.0
REACT_EMPEROR_REPLAY_5,SPK_EMPEROR,3.5,126.0,840.2,-16.6,3.5,1.5,2.2
D15_O_EVENING_A,SPK_MANAGER,3.5,301.9,1246.6,-21.5,3.5,0.7,0.2
D38O_R_LEFT,SPK_PATROL,3.5,290.9,2591.0,-14.2,3.5,0.9,2.9
D10B_T_B3_5,SPK_TOLGA,3.4,183.9,2650.3,-25.8,0.2,4.2,2.2
D14_NN_4,SPK_NIHAT,3.4,246.2,1173.8,-22.5,3.4,0.7,0.3
D18_N_END,SPK_NIHAT,3.4,246.2,1292.5,-22.8,3.4,0.9,0.5
D19_N_EMPTY,SPK_NIHAT,3.4,246.2,1235.4,-21.2,3.4,0.1,0.6
D3_N_CHICKEN,SPK_NIHAT,3.4,246.2,1177.0,-21.7,3.4,0.7,0.2
D6B_NIHAT_CAMEO,SPK_NIHAT,3.4,246.2,1193.5,-24.1,3.4,0.5,1.4
D7_N_SENT,SPK_NIHAT,3.4,246.2,1108.7,-21.3,3.4,1.6,0.5
D7_N_TRACE_KITCHEN_FIRE,SPK_NIHAT,3.4,246.2,1157.4,-21.7,3.4,0.9,0.2
D10G_T_MISSED,SPK_TOLGA,3.4,320.0,2255.8,-16.9,3.4,2.7,2.0
D26_T_HURT,SPK_TOLGA,3.4,320.0,2016.4,-18.3,3.4,1.8,1.3
D27_N_END_GO,SPK_NIHAT,3.3,244.3,1250.1,-20.4,3.3,0.3,1.1
D2_H_07,SPK_HIKMET,3.3,313.7,2209.4,-11.8,0.3,0.4,5.5
D18B_T_REPLY,SPK_TOLGA,3.2,313.7,1678.5,-17.5,3.2,0.5,1.7
D1_T_DEMO_3,SPK_TOLGA,3.2,313.7,1760.3,-18.4,3.2,0.8,1.3
D23_N_END_CREATIVE,SPK_NIHAT,3.2,242.4,1129.1,-23.6,3.2,1.3,1.1
D2_T_FALL_SCREAM,SPK_TOLGA,3.2,313.7,2215.5,-16.8,3.2,2.6,2.0
D10L_G_MEET_2,SPK_GRANT,3.2,133.9,1345.3,-21.6,1.4,4.0,0.6
D17O_A_WATCH,SPK_TOPCU,3.2,258.1,2078.3,-29.9,3.2,0.4,2.7
D24_NK_GUST,SPK_NIKO,3.2,333.3,2036.8,-17.3,0.9,1.4,5.4
D7_THEO_CHAT,SPK_THEODOROS,3.2,129.8,2433.0,-23.9,3.0,4.0,0.4
D8_C_TEA,SPK_CEMIL,3.2,195.1,1930.2,-18.1,3.2,2.4,1.4
D6B_C_BOOK,SPK_CLERK,3.2,171.4,2554.0,-29.7,1.1,1.7,5.3
D10A_N_01,SPK_NIHAT,3.2,240.6,1190.5,-20.8,3.2,0.5,0.8
D10A_N_MEET_4,SPK_NIHAT,3.2,240.6,1258.3,-20.2,3.2,0.4,1.2
D10A_T_N_02_NEW,SPK_TOLGA,3.2,214.8,2575.8,-21.3,0.9,4.0,0.1
D11_N_ITEM_BOOK,SPK_NIHAT,3.2,240.6,1252.7,-20.0,3.2,0.3,1.3
D13_H3_OPEN,SPK_HIKMET,3.2,381.0,2320.3,-18.3,3.2,0.2,1.2
D1_H_26,SPK_HIKMET,3.2,381.0,2303.6,-16.3,3.2,0.1,2.5
D21_N_DANGER,SPK_NIHAT,3.2,121.2,1378.0,-29.9,1.7,2.0,5.3
D29O_B_SHORE,SPK_BALTA,3.2,258.1,1305.2,-11.1,3.2,0.1,0.8
D2_T_ARROW_1,SPK_TOLGA,3.2,310.7,2140.6,-17.5,3.2,2.3,1.7
D6B_NIHAT_ALARM,SPK_NIHAT,3.2,240.6,1258.8,-22.1,3.2,0.4,0.1
D10G_C_1,SPK_CAPTAIN,3.2,163.3,1672.5,-17.9,3.2,2.0,0.4
D10O_DERVISH_1,SPK_DERVISH,3.1,114.3,1515.5,-22.1,3.1,0.5,0.5
D12_END_12_6_3,SPK_FATIH,3.1,123.1,1307.2,-17.6,0.7,3.9,1.5
D38O_R_ROW_BAD,SPK_PATROL,3.1,285.7,2758.3,-16.7,3.1,1.7,1.6
D4B_T_HIT_1,SPK_TOLGA,3.1,225.4,2558.0,-16.7,1.2,3.9,2.1
D17O_T_SPOT,SPK_TOLGA,3.1,307.7,2239.4,-17.5,3.1,2.6,1.7
D2_T_20,SPK_TOLGA,3.1,307.7,2267.3,-18.6,3.1,2.8,1.2
D7_N_HOLO_OTAG,SPK_NIHAT,3.1,238.8,1266.8,-21.9,3.1,0.5,0.1
D7_N_HOLO_OUTSIDE,SPK_NIHAT,3.1,238.8,1138.2,-20.7,3.1,1.2,0.9
D20_G_ARROWS_FIRST,SPK_GIUST,3.1,271.2,2202.0,-18.9,3.1,0.1,2.8
D26_G_LADDER,SPK_GIUST,3.1,271.2,2135.3,-19.4,3.1,0.2,2.4
D26_G_STAY,SPK_GIUST,3.1,271.2,2512.8,-20.6,3.1,1.6,1.7
D33O_M_NEWLADDER,SPK_MASON,3.1,320.0,2016.4,-17.8,3.1,3.0,1.6
D33O_M_DONE,SPK_MASON,3.0,192.8,1378.9,-23.7,3.0,1.1,2.1
D7_N_WARM,SPK_NIHAT,3.0,237.1,1430.3,-22.2,3.0,2.8,0.1
D1_H_DEMO_2,SPK_HIKMET,3.0,280.7,2117.2,-27.6,2.0,0.9,5.0
D9_P_AGAIN,SPK_PASHA,3.0,103.6,1645.2,-28.7,1.8,3.7,3.0
D10Z_F_WHO,SPK_FATIH,3.0,151.0,991.9,-22.1,3.0,0.4,0.7
D17O_T_POUR_3,SPK_TOLGA,3.0,301.9,1839.8,-18.5,3.0,1.1,1.2
REACT_CLERK_PHONE,SPK_CLERK,3.0,195.1,2351.8,-19.9,3.0,0.9,0.5
D10A_N_MEET_1,SPK_NIHAT,3.0,235.3,1220.4,-21.4,3.0,0.1,0.4
D20O_N_NIGHT,SPK_NIHAT,3.0,235.3,1316.2,-22.3,3.0,1.2,0.2
D21_N_TORTURE,SPK_NIHAT,3.0,235.3,1259.1,-21.3,3.0,0.4,0.5
D25_N_END,SPK_NIHAT,3.0,235.3,1055.9,-22.1,3.0,2.3,0.1
D31O_N_END,SPK_NIHAT,3.0,235.3,1138.6,-23.4,3.0,1.2,0.9
D27_NT_AGAIN,SPK_NOTARY,2.9,160.0,1922.1,-18.0,0.8,3.6,1.0
D14_M_RESIGN,SPK_MUFIDE,2.9,296.4,1224.0,-21.2,2.9,0.6,0.7
D6_LUTFI_HELLO,SPK_LUTFI,2.9,202.5,1674.8,-18.6,2.3,3.6,1.6
D4B_T_HIT_2,SPK_TOLGA,2.9,299.1,1721.4,-15.9,2.9,0.6,2.5
REACT_FISHMONGER_THERMOS,SPK_FISHMONGER,2.9,372.1,2857.0,-20.4,0.0,3.6,1.1
D14_N_FORGE,SPK_NIHAT,2.9,233.6,1247.3,-23.8,2.9,0.3,1.2
D24_N_END,SPK_NIHAT,2.9,233.6,1196.1,-22.8,2.9,0.4,0.5
D7_N_LUTFI_LEAVE,SPK_NIHAT,2.9,233.6,1223.7,-22.2,2.9,0.1,0.1
D1P_T_03,SPK_TOLGA,2.9,128.0,1849.5,-31.1,1.1,1.1,4.8
D10H_K_SHAME,SPK_EMPEROR,2.9,94.1,1870.3,-24.0,1.3,3.6,0.6
D11_T_AMBUSH,SPK_TOLGA,2.8,296.3,1966.8,-15.8,2.8,1.6,2.5
D8_C_BADGE,SPK_CEMIL,2.8,202.5,1360.6,-24.3,2.8,0.8,2.1
D20O_N_01,SPK_NIHAT,2.8,232.3,1350.8,-22.6,2.8,1.7,0.4
D11_N_03,SPK_NIHAT,2.8,231.9,1290.8,-21.5,2.8,0.9,0.4
D14_N_T3,SPK_NIHAT,2.8,231.9,1221.6,-21.1,2.8,0.1,0.6
D20_G_WRONG_PLANK,SPK_GIUST,2.8,266.7,2004.5,-21.1,2.8,0.8,1.3
D22O_N_01,SPK_NIHAT,2.8,231.9,1221.2,-21.1,2.8,0.1,0.6
D27_N_LONDON,SPK_NIHAT,2.8,231.9,1137.6,-21.7,2.8,1.2,0.2
D27_N_SQUARE,SPK_NIHAT,2.8,231.9,1271.7,-22.4,2.8,0.6,0.3
D30O_N_END,SPK_NIHAT,2.8,231.9,1242.7,-21.5,2.8,0.2,0.4
D3_R_11,SPK_RIZA,2.8,200.0,1974.5,-24.0,2.8,1.0,2.9
D6B_E_03,SPK_EMPEROR,2.8,121.2,923.2,-18.8,2.8,1.1,1.3
D7_N_LUTFI_THANKS,SPK_NIHAT,2.8,231.9,1308.6,-22.1,2.8,1.1,0.0
D2_T_STUMBLE_2,SPK_TOLGA,2.8,275.9,2457.1,-20.8,2.4,3.5,0.1
D10Z_K_TASTE_OK_1,SPK_KADRI,2.8,266.7,1871.5,-28.9,2.8,1.0,2.6
D14_N_SEEN,SPK_NIHAT,2.8,146.8,971.9,-21.0,0.7,3.5,0.7
D25B_S_2,SPK_DEFENDER,2.8,280.7,2261.0,-26.9,2.8,0.0,2.0
D2_H_17,SPK_HIKMET,2.8,266.7,2196.3,-19.2,2.8,0.4,0.6
D5_H_CONF_3,SPK_HIKMET,2.8,266.7,2069.7,-24.4,2.8,1.1,2.9
REACT_KADRI_COLOGNE,SPK_KADRI,2.8,266.7,1782.1,-29.4,2.8,1.5,3.0
D33O_M_DROP,SPK_MASON,2.8,313.7,1689.1,-18.4,2.8,0.9,1.2
D34O_M_RUN,SPK_MASON,2.8,313.7,1512.9,-17.8,2.8,0.3,1.6
D11_N_GIVE_UP,SPK_NIHAT,2.8,230.3,1289.8,-22.6,2.8,0.8,0.4
D7_N_TRACE_ARTILLERY_LIGHTER,SPK_NIHAT,2.8,230.3,1222.8,-21.3,2.8,0.1,0.5
D10H_T_FRANK_1,SPK_TOLGA,2.7,222.2,678.4,-17.2,1.1,3.4,1.9
D1_H_08,SPK_HIKMET,2.7,275.9,1640.6,-21.2,2.3,3.4,0.7
D26_N_EPI_1,SPK_NIHAT,2.7,230.2,1164.3,-20.9,2.7,0.8,0.7
D9_T_P_2,SPK_TOLGA,2.7,193.9,2435.7,-25.1,0.5,3.4,1.9
REACT_FISHMONGER_COLOGNE,SPK_FISHMONGER,2.7,310.9,2132.4,-22.0,2.7,0.8,0.1
REACT_THEODOROS_THERMOS,SPK_THEODOROS,2.7,126.6,2096.2,-25.2,2.7,2.2,0.9
D13_H_WRONG,SPK_HIKMET,2.7,372.1,2585.6,-20.2,2.7,1.6,0.1
D21_T_Q1_C,SPK_TOLGA,2.7,290.9,1806.9,-17.0,2.7,1.0,1.9
D34O_U_PAWL,SPK_URBAN,2.7,372.1,2010.6,-18.8,2.7,0.5,0.8
D38O_T_OIL_HIT,SPK_TOLGA,2.7,290.9,2368.5,-18.4,2.7,3.1,1.3
D7_T_FAR_C,SPK_TOLGA,2.7,290.9,1646.6,-15.1,2.7,0.3,2.8
D9_T_H2_5,SPK_TOLGA,2.7,290.9,1930.5,-17.8,2.7,1.4,1.6
D9_T_P_4,SPK_TOLGA,2.7,290.9,1851.9,-18.1,2.7,1.1,1.4
MG_HAG_URBAN_SWEET,SPK_URBAN,2.7,372.1,2004.7,-19.4,2.7,0.5,0.3
D7_AWE_THEODOROS,SPK_THEODOROS,2.7,108.1,1041.8,-15.6,0.8,3.4,3.4
D7_N_TRACE_ARTILLERY,SPK_NIHAT,2.7,228.6,1153.6,-22.1,2.7,1.0,0.1
D11_N_03_HEN_NOLEB,SPK_NIHAT,2.7,228.6,1221.4,-22.8,2.7,0.1,0.5
D11_N_ARREST,SPK_NIHAT,2.7,228.6,1290.4,-22.5,2.7,0.9,0.3
D11_N_ITEM_PHONE,SPK_NIHAT,2.7,228.6,1093.2,-24.0,2.7,1.8,1.3
D14_N_FIXED,SPK_NIHAT,2.7,228.6,1191.6,-24.0,2.7,0.5,1.3
D17_N_FEZ_ISSUE,SPK_NIHAT,2.7,228.6,1228.4,-22.1,2.7,0.0,0.0
D24_N_SLIP,SPK_NIHAT,2.7,228.6,1353.0,-22.8,2.7,1.7,0.5
D26_N_01,SPK_NIHAT,2.7,228.6,1226.1,-21.8,2.7,0.0,0.1
D26_N_EPI_SOME,SPK_NIHAT,2.7,228.6,1182.3,-23.1,2.7,0.6,0.7
D38O_N_BOOM,SPK_NIHAT,2.7,228.6,1247.3,-21.5,2.7,0.3,0.3
D38O_R_RIGHT,SPK_PATROL,2.7,278.3,2174.2,-16.1,2.7,1.0,1.9
D4A_HA_STOP,SPK_HASAN,2.7,329.9,2468.5,-20.7,1.4,3.3,1.3
D7_AWE_EMPEROR,SPK_EMPEROR,2.7,120.3,1322.0,-19.1,2.7,0.8,1.2
D7_N_NIKO_ASK,SPK_NIHAT,2.7,228.6,1244.1,-23.0,2.7,0.2,0.7
D7_N_TRACE_KITCHEN,SPK_NIHAT,2.7,228.6,1155.0,-23.4,2.7,1.0,0.9
D21_N_WHO,SPK_NIHAT,2.6,183.9,1188.2,-28.6,0.8,0.5,4.4
D26_G_DUCK,SPK_GIUST,2.6,174.9,2184.3,-26.2,2.6,0.0,2.0
D7_EAVES_GUARDS_2_ARTILLERY,SPK_HUSEYIN,2.6,128.0,900.6,-23.2,1.9,3.3,2.5
D11_N_FOUND,SPK_NIHAT,2.6,227.0,1184.6,-22.7,2.6,0.6,0.4
D11_N_ITEM_TAPE,SPK_NIHAT,2.6,227.0,1244.2,-20.9,2.6,0.2,0.8
D17_N_01_NOAUD,SPK_NIHAT,2.6,227.0,1259.2,-20.2,2.6,0.4,1.2
D35O_N_01,SPK_NIHAT,2.6,227.0,1263.3,-21.2,2.6,0.5,0.5
D7_N_HOLO_TENT_THERMOS,SPK_NIHAT,2.6,227.0,1145.8,-22.3,2.6,1.1,0.2
D26_G_01,SPK_GIUST,2.6,216.2,2873.3,-23.8,0.2,3.2,0.5
D6B_N_E_04,SPK_NIKO,2.6,242.4,2374.6,-26.8,2.6,0.8,1.0
D15_S7_T_6,SPK_TOLGA,2.6,285.8,1866.8,-19.6,2.6,1.2,0.7
D17_HINT_ROW,SPK_TOLGA,2.6,128.0,2389.7,-28.9,1.1,3.2,3.7
D22O_T_ARROW_1,SPK_TOLGA,2.6,285.7,2270.0,-19.4,2.6,2.8,0.8
D22_G_HIT_2,SPK_HASAN,2.6,320.0,2448.5,-20.2,1.1,3.2,1.6
D29O_B_HOOKS_OK,SPK_BALTA,2.6,242.4,1333.6,-12.2,2.6,0.2,0.1
D38O_S2_WRAP,SPK_SAILOR2,2.6,359.6,2092.8,-19.1,2.6,3.2,0.4
REACT_FATIH_CUBE,SPK_FATIH,2.6,129.0,1247.0,-23.2,1.2,3.2,1.2
D19_C_DECIDED,SPK_BRIG,2.6,156.9,1334.5,-15.1,2.6,0.7,2.6
D26_G_HURT,SPK_GIUST,2.6,190.5,2866.7,-26.2,1.7,3.2,2.1
D21O_DIG_3,SPK_MINER,2.6,195.1,2040.7,-24.4,2.6,0.9,2.5
D10B_F_B3_5,SPK_FATIH,2.6,96.4,1243.7,-23.7,1.4,3.2,1.4
D21O_DIG_2,SPK_TOLGA,2.5,129.6,2377.7,-25.8,1.0,3.2,2.2
D26_G_DUEL,SPK_GIUST,2.5,262.3,2323.3,-20.7,2.5,0.7,1.6
D10A_N_MEET_5,SPK_NIHAT,2.5,225.4,1286.8,-22.5,2.5,0.8,0.3
D10H_K_FRANK,SPK_EMPEROR,2.5,119.4,973.5,-16.4,2.5,0.9,2.2
D10L_N_DIG_2,SPK_NIHAT,2.5,225.4,1266.8,-22.1,2.5,0.5,0.1
D11_N_ILLUM,SPK_NIHAT,2.5,225.4,1204.2,-22.0,2.5,0.3,0.0
D13_H3_MISSED,SPK_HIKMET,2.5,271.2,2095.3,-23.1,2.5,1.0,2.0
D17_N_MISSED,SPK_NIHAT,2.5,225.4,1217.0,-22.3,2.5,0.1,0.2
D19_N_01,SPK_NIHAT,2.5,225.4,1255.9,-22.3,2.5,0.4,0.2
D20_T_DROP_2,SPK_TOLGA,2.5,266.7,2375.3,-19.2,2.1,3.2,0.9
D27_N_01,SPK_NIHAT,2.5,225.4,1243.4,-21.6,2.5,0.2,0.3
D2_H_09,SPK_HIKMET,2.5,271.2,2215.3,-22.2,2.5,0.3,1.4
D2_H_WARRANTY_END,SPK_HIKMET,2.5,271.2,1935.4,-19.7,2.5,1.8,0.3
D32O_N_PHOTO,SPK_NIHAT,2.5,225.4,1179.3,-22.8,2.5,0.7,0.6
D6A_C_03,SPK_CANDARLI,2.5,363.6,1747.8,-22.9,2.5,1.0,0.7
D7_N_HOLO_CHANCERY,SPK_NIHAT,2.5,225.4,1232.5,-21.6,2.5,0.1,0.3
D7_N_TRACE_WALLS,SPK_NIHAT,2.5,225.4,1247.1,-22.7,2.5,0.3,0.5
D7_N_URBAN_ASK_PLAIN,SPK_NIHAT,2.5,225.4,1172.3,-22.2,2.5,0.8,0.1
D9_T_RADIO_DEAD,SPK_TOLGA,2.5,169.3,2371.5,-21.4,0.1,3.2,0.2
REACT_PAINTER_THERMOS,SPK_PAINTER,2.5,115.5,2023.4,-24.3,2.5,0.8,0.0
D10B_F_02_NOFEZ,SPK_FATIH,2.5,145.5,1176.0,-16.4,2.5,2.5,2.1
D12_END_12_4_1,SPK_FATIH,2.5,145.5,846.0,-19.2,2.5,1.2,0.8
D23_I_KNOWN,SPK_ISMAIL,2.5,141.6,884.0,-17.2,2.5,0.9,2.5
D19_T_INSURE,SPK_TOLGA,2.5,262.3,2367.9,-18.9,2.0,3.1,1.0
D7_N_TRACE_ARTILLERY_TAPE,SPK_NIHAT,2.5,172.0,1458.7,-20.9,0.4,3.1,0.8
D33O_T_05,SPK_TOLGA,2.5,219.2,2361.9,-19.9,1.1,3.1,0.6
D16_HU_GONE_HUCUBE,SPK_HUSEYIN,2.5,116.8,1052.2,-21.2,2.5,2.0,1.2
MG_HAG_WINE_WIN,SPK_WINE,2.5,242.4,1335.9,-17.7,2.5,0.9,2.9
D26_N_EPI_ALL,SPK_NIHAT,2.5,223.8,1228.5,-21.5,2.5,0.0,0.3
D2_S_LOG,SPK_SOLDIER,2.5,320.0,3128.1,-15.2,1.5,3.1,0.7
D12_T_CANNON_C,SPK_TOLGA,2.5,280.7,1946.4,-17.9,2.5,1.5,1.5
D1_H_27,SPK_HIKMET,2.5,285.7,1702.3,-21.1,1.8,3.1,0.7
D23_TH_SINGED,SPK_THEODOROS,2.5,124.0,1975.4,-26.9,2.5,1.6,1.7
D4A_HU_FEZ_1,SPK_HUSEYIN,2.5,219.2,1443.5,-17.3,2.5,1.1,1.4
MG_HAG_NIKO_OPEN,SPK_NIKO,2.5,246.2,2274.1,-30.0,2.5,0.2,3.1
D10B_H_RADIO_1,SPK_HIKMET,2.4,326.5,1711.4,-19.2,0.3,3.0,0.6
D10B_T_RADIO_4,SPK_TOLGA,2.4,171.1,2339.8,-20.4,0.1,3.0,0.3
D21O_D_RAID,SPK_MINER,2.4,266.7,2371.5,-17.6,2.4,0.3,1.6
D38O_S2_SLIP,SPK_SAILOR2,2.4,313.7,2071.0,-19.7,1.3,3.0,0.1
D1_H_07B,SPK_HIKMET,2.4,273.5,2393.7,-21.4,2.4,0.6,0.9
D3_N_LOOK_CLOCK,SPK_NIHAT,2.4,222.3,1128.0,-21.2,2.4,1.4,0.6
D6_KADRI_COLOGNE,SPK_KADRI,2.4,273.5,2168.9,-30.7,2.4,0.9,3.8
D8_H_G3,SPK_HIKMET,2.4,273.5,2467.5,-23.3,2.4,1.0,2.1
REACT_DOUBLE_CUBE,SPK_DOUBLE,2.4,266.7,2336.5,-23.0,0.8,3.0,1.4
D11_N_CANT_HELP,SPK_NIHAT,2.4,222.2,1106.9,-22.3,2.4,1.6,0.1
D11_N_RELEASE,SPK_NIHAT,2.4,222.2,1205.1,-21.0,2.4,0.3,0.7
D19_N_01_NOFEZ,SPK_NIHAT,2.4,222.2,1222.0,-22.6,2.4,0.1,0.4
D7_N_HOT,SPK_NIHAT,2.4,222.2,1221.7,-21.2,2.4,0.1,0.6
D7_N_TRACE_ARTILLERY_PHONE,SPK_NIHAT,2.4,222.2,1214.8,-21.8,2.4,0.2,0.2
D10L_T_HEARD,SPK_TOLGA,2.4,148.1,2320.9,-28.6,0.6,3.0,3.6
D22O_H_VOLLEY,SPK_HASAN,2.4,372.1,2130.8,-19.7,2.4,1.6,1.8
D9_P_1_ALT,SPK_PASHA,2.4,137.9,1089.4,-19.8,2.4,0.2,0.5
REACT_PAINTER_CUBE,SPK_PAINTER,2.4,114.3,1951.9,-25.4,2.4,0.5,0.7
D10G_D_AGAIN_NOKAFTAN,SPK_DOUBLE,2.4,237.1,2197.2,-27.4,0.6,1.9,3.9
D10Z_T_MENU_DONE,SPK_TOLGA,2.4,275.9,1992.5,-15.9,2.4,1.7,2.5
D20_T_ARROWS_2,SPK_TOLGA,2.4,275.9,2127.8,-18.8,2.4,2.2,1.1
D21O_DIG_4,SPK_TOLGA,2.4,144.1,1691.7,-29.3,0.7,0.5,3.9
D2_T_08,SPK_TOLGA,2.4,275.9,1906.2,-20.0,2.4,1.4,0.5
D2_T_ARROW_2,SPK_TOLGA,2.4,227.0,2317.6,-21.5,1.2,3.0,0.2
D38O_T_ARROW_HIT,SPK_TOLGA,2.4,275.9,1839.6,-18.7,2.4,1.1,1.1
D39O_J_WALL,SPK_JANISSARY,2.4,205.1,1538.4,-25.2,1.4,3.0,2.5
REACT_CANDARLI_PHONE,SPK_CANDARLI,2.4,347.8,1829.6,-24.3,2.4,1.1,1.0
D11_N_03_HEN,SPK_NIHAT,2.4,220.7,1244.8,-22.0,2.4,0.2,0.0
D11_N_H_02,SPK_NIHAT,2.4,220.8,1215.1,-21.0,2.4,0.2,0.7
D12_END_12_1_1,SPK_FATIH,2.4,123.1,690.3,-18.4,0.7,2.9,1.1
D29O_N_SULTAN,SPK_NIHAT,2.4,220.7,1231.6,-22.7,2.4,0.1,0.5
D32O_TP_MISS,SPK_TOPCU,2.4,320.0,2383.9,-27.6,0.0,2.9,1.3
REACT_FISHMONGER_CUBE,SPK_FISHMONGER,2.4,333.3,2263.8,-28.0,1.7,0.0,3.9
D13_T_BACK_2,SPK_TOLGA,2.3,188.2,2310.1,-23.1,0.3,2.9,0.9
D4A_HU_ARGUE_6,SPK_HUSEYIN,2.3,152.4,942.2,-20.8,0.8,2.9,1.0
D10Z_T_MAIN_MODERN,SPK_TOLGA,2.3,225.4,2302.7,-20.1,1.2,2.9,0.5
D7_EAVES_GUARDS_2_MARKET,SPK_HUSEYIN,2.3,120.3,1111.8,-25.1,2.3,1.6,3.9
MG_HAG_WINE_FAIR,SPK_WINE,2.3,180.8,1045.6,-22.4,2.3,1.2,0.2
NPC_KID_THANKS_1,SPK_KID,2.3,340.4,1274.5,-18.7,2.3,0.1,0.8
D12_END_12_3_1,SPK_FATIH,2.3,100.0,694.7,-22.5,1.2,2.9,0.9
D12_F_ITEM_POWERBANK,SPK_FATIH,2.3,142.9,988.7,-20.7,2.3,0.4,0.1
D34O_F_01,SPK_FATIH,2.3,142.9,840.3,-20.1,2.3,1.3,0.3
D34O_F_02,SPK_FATIH,2.3,127.5,1215.5,-15.8,1.1,2.9,2.4
D34O_M_01,SPK_MASON,2.3,207.8,1385.9,-21.0,2.3,1.1,0.4
D0_G_ARROWS,SPK_GIUST,2.3,258.1,2329.0,-20.1,2.3,0.7,2.0
D10B_U_B2_2,SPK_URBAN,2.3,275.9,1883.5,-23.3,2.3,1.5,2.3
D10Z_BOTH,SPK_KADRI,2.3,275.9,2179.3,-20.5,2.3,1.0,2.4
D13_H_1977_2,SPK_HIKMET,2.3,275.9,2288.3,-21.8,2.3,0.1,1.1
D18B_G_SHORT,SPK_DEFENDER,2.3,290.9,2248.8,-24.4,2.3,0.0,0.3
D20_G_WRONG_EARTH,SPK_GIUST,2.3,258.1,1872.1,-24.9,2.3,1.5,1.2
D26_K_HOLD_3,SPK_KADRI,2.3,275.9,2154.3,-27.1,2.3,0.8,1.6
D32O_TP_NAME_2,SPK_TOPCU,2.3,275.9,1821.4,-26.0,2.3,1.7,0.4
D39O_SA_TEZ,SPK_SAILOR,2.3,266.7,2148.2,-26.6,2.3,0.7,0.9
REACT_NIHAT_LIGHTER,SPK_NIHAT,2.3,149.5,1438.9,-21.0,0.6,2.9,0.7
D10L_G_POLICY,SPK_GRANT,2.3,124.0,1233.2,-20.5,0.5,2.9,0.0
D11_N_ILLUM_2,SPK_NIHAT,2.3,219.2,1224.0,-22.7,2.3,0.0,0.4
D11_N_ITEM_CHICKPEAS,SPK_NIHAT,2.3,219.2,1234.5,-22.7,2.3,0.1,0.5
D11_N_NK_04,SPK_NIHAT,2.3,219.2,1130.8,-21.1,2.3,1.3,0.6
D11_N_RUN_FAIL,SPK_NIHAT,2.3,219.2,1227.6,-21.0,2.3,0.0,0.7
D27O_N_01,SPK_NIHAT,2.3,219.2,1190.0,-23.2,2.3,0.5,0.8
D28O_F_02,SPK_FATIH,2.3,97.6,1212.2,-24.4,1.4,2.9,1.8
D37O_N_PHOTO_OK,SPK_NIHAT,2.3,219.2,1198.1,-21.5,2.3,0.4,0.4
D3_N_02,SPK_NIHAT,2.3,219.2,1286.4,-22.0,2.3,0.8,0.0
D2_HA_13,SPK_HASAN,2.3,323.3,2372.3,-20.1,1.2,2.9,1.6
D9_MINER_TR1,SPK_MINER,2.3,264.5,2770.4,-20.3,2.3,1.9,0.0
D10B_U_EARS,SPK_URBAN,2.3,363.6,2106.9,-20.0,2.3,0.3,0.1
D10H_L_04,SPK_LUTFI,2.3,202.5,1194.6,-20.8,2.3,0.3,0.6
D13_H_BACK_1_NOKAFTAN,SPK_HIKMET,2.3,363.6,2282.6,-16.2,2.3,0.0,2.6
D13_H_PRESS,SPK_HIKMET,2.3,363.6,2372.8,-19.6,2.3,0.5,0.3
D13_R_CARD,SPK_RIZA,2.3,207.8,2450.6,-19.1,2.3,0.4,0.1
D13_U3_FIRE,SPK_URBAN,2.3,363.6,2190.3,-16.7,2.3,1.0,2.1
D20O_U_MISS,SPK_URBAN,2.3,363.6,2253.6,-17.7,2.3,1.5,1.5
D26O_T_LOST,SPK_TOLGA,2.3,125.0,1864.4,-29.0,1.1,1.2,3.8
D2_H_04,SPK_HIKMET,2.3,363.6,2444.7,-21.3,2.3,0.9,0.8
D33O_U_HIT,SPK_URBAN,2.3,363.6,2060.1,-20.8,2.3,0.1,0.6
MG_MAN_E_OUCH_2,SPK_EMPEROR,2.3,117.6,1082.6,-22.6,2.3,0.3,0.1
D32O_TP_01,SPK_TOPCU,2.3,320.0,2369.1,-25.4,0.0,2.8,0.0
D38O_S2_FALL,SPK_SAILOR2,2.3,347.8,1487.4,-18.0,2.3,0.9,0.9
D12_END_12_4_2,SPK_TOLGA,2.2,271.2,1621.4,-22.0,2.2,0.2,0.4
D21_G_FIRE,SPK_GRANT,2.2,93.6,896.6,-27.0,2.2,0.7,3.2
D38O_T_R1,SPK_TOLGA,2.2,271.2,2183.3,-20.2,2.2,2.4,0.4
D9_T_H2_3,SPK_TOLGA,2.2,271.2,2145.6,-16.8,2.2,2.3,2.0
D15_G_T3_3,SPK_HIKMET,2.2,347.8,2799.1,-18.8,1.4,2.8,0.8
D22O_H_SAFE,SPK_HASAN,2.2,273.5,2362.7,-23.8,0.1,2.8,0.5
D25O_H_2,SPK_HASAN,2.2,175.8,1678.9,-25.0,2.2,0.7,1.1
D7_EAVES_GUARDS,SPK_HASAN,2.2,175.8,1877.2,-29.1,2.2,0.3,3.4
D4A_ITEM_LIGHTER_2,SPK_HUSEYIN,2.2,163.3,1652.0,-19.7,0.2,2.8,0.3
D6B_T_MISS,SPK_TOLGA,2.2,225.4,2269.5,-21.8,1.2,2.8,0.3
D7_M_LOST,SPK_MUFIDE,2.2,285.7,1401.5,-23.8,2.2,1.2,1.1
D18_U_TAPE,SPK_USTA,2.2,200.0,1380.6,-22.4,2.2,1.3,0.7
D19_C_BROKEN,SPK_BRIG,2.2,151.7,1544.0,-17.1,2.2,2.2,1.5
D2_S_BLOCK,SPK_SOLDIER,2.2,296.3,2991.0,-15.8,1.2,2.8,0.5
D38O_R_01,SPK_PATROL,2.2,250.0,2977.8,-21.7,0.9,2.8,0.9
D3_T_RADIO_3,SPK_TOLGA,2.2,268.9,1666.9,-18.0,2.2,0.4,1.5
D6_EMP_LIGHTER,SPK_EMPEROR,2.2,94.7,1706.2,-21.1,1.2,2.8,0.5
D6A_C_01_NOFEZ,SPK_CANDARLI,2.2,333.3,1833.7,-21.4,2.2,1.1,0.3
D10G_D_AGAIN,SPK_DOUBLE,2.2,202.5,1954.1,-21.9,2.2,0.2,0.8
D11_N_ITEM_ANY,SPK_NIHAT,2.2,110.0,1078.5,-22.1,2.2,2.0,0.1
D21O_T_LISTEN,SPK_TOLGA,2.2,119.4,2224.4,-28.7,1.3,2.6,3.6
D10L_T_RETREAT,SPK_TOLGA,2.2,151.7,2254.6,-24.3,0.5,2.7,1.5
D10O_G_LIFT2,SPK_HUSEYIN,2.2,213.3,1476.0,-18.1,2.2,1.4,0.8
D11_N_LOST_1,SPK_NIHAT,2.2,216.2,1338.2,-23.1,2.2,1.5,0.8
D16_G_CATCH_1,SPK_HASAN,2.2,363.6,2307.4,-20.0,2.2,2.5,1.6
D26O_H_RAISE,SPK_HASAN,2.2,363.6,2313.4,-19.0,2.2,2.5,2.2
D29O_N_END,SPK_NIHAT,2.2,216.2,1244.4,-22.0,2.2,0.2,0.0
D2_HU_12,SPK_HUSEYIN,2.2,128.0,970.3,-19.2,1.9,2.7,0.1
D4A_HA_ARGUE_1,SPK_HASAN,2.2,363.6,1944.3,-18.6,2.2,0.7,2.5
D7_N_CANNON,SPK_NIHAT,2.2,216.2,1214.3,-20.6,2.2,0.2,0.9
D12_F_ITEM_COLOGNE,SPK_FATIH,2.2,141.0,932.1,-18.2,2.2,0.2,1.2
D32O_AZ_B1,SPK_AZAP,2.2,128.0,1936.6,-23.4,0.8,0.2,3.6
D17_T_PULL_2,SPK_TOLGA,2.1,266.7,2003.6,-17.5,2.1,1.7,1.7
D19O_T_SPOT,SPK_TOLGA,2.1,142.9,2005.1,-28.6,0.7,1.7,3.6
D22O_T_RESCUE_2,SPK_TOLGA,2.1,266.7,2105.8,-19.4,2.1,2.1,0.8
D26_T_WARN,SPK_TOLGA,2.1,266.7,1776.5,-16.0,2.1,0.8,2.4
D28O_T_ROLLER,SPK_TOLGA,2.1,266.7,1937.9,-18.9,2.1,1.5,1.0
D3_H_SWEPT,SPK_HIKMET,2.1,280.7,1776.6,-17.0,2.0,2.7,2.1
D_CHICKEN_CATCH_3,SPK_TOLGA,2.1,246.2,2250.4,-21.2,1.7,2.7,0.1
D10G_N_AGAIN,SPK_NOTARY,2.1,222.2,1396.4,-11.8,1.7,0.8,3.6
D2_T_05,SPK_TOLGA,2.1,252.0,2246.0,-20.3,1.8,2.7,0.4
D34O_M_GOOD,SPK_MASON,2.1,254.0,1967.0,-19.2,0.1,2.7,0.7
D11_N_LOST_2,SPK_NIHAT,2.1,141.6,1422.9,-22.3,0.9,2.7,0.2
D37O_S_VOLLEY,SPK_SOLDIER,2.1,367.9,2377.3,-15.2,2.1,1.2,0.7
D7_EAVES_GUARDS_2_KITCHEN,SPK_HUSEYIN,2.1,132.2,975.9,-21.5,1.8,2.7,1.4
D17_TR_GUNS,SPK_TREVISANO,2.1,326.5,2354.8,-17.9,2.1,0.0,1.0
D4B_NIKO_COLOGNE,SPK_NIKO,2.1,333.3,2644.1,-23.6,0.9,2.6,1.2
D9_MINER_TR3,SPK_MINER,2.1,207.8,2085.0,-26.1,1.7,0.8,3.5
D12_F_CANNON_C,SPK_FATIH,2.1,103.9,716.9,-20.8,0.8,2.6,0.0
D1P_T_01,SPK_TOLGA,2.1,119.9,882.3,-25.9,1.2,2.6,2.3
D17_TR_NOISE,SPK_TREVISANO,2.1,290.9,2859.7,-21.5,1.3,2.6,0.0
D18_U_MISS_1,SPK_USTA,2.1,290.9,1799.1,-16.0,1.2,0.8,3.5
D19O_T_TELL,SPK_TOLGA,2.1,205.1,2232.4,-23.1,0.7,2.6,1.0
D32O_AZ_FIRE_LOST,SPK_AZAP,2.1,136.8,1617.2,-23.2,0.8,0.7,3.5
D6B_C_LIGHTER,SPK_CLERK,2.1,183.9,2253.3,-18.1,2.1,0.5,1.5
REACT_TAILOR_SELFIE,SPK_TAILOR,2.1,200.0,1990.8,-26.1,2.0,0.1,3.5
D7_C_NOBODY,SPK_CANDARLI,2.1,323.3,1684.9,-23.2,2.1,0.8,0.8
D21O_D_LISTEN,SPK_MINER,2.1,206.7,2609.7,-25.9,1.8,1.3,3.5
D32O_S_SULTAN,SPK_SOLDIER,2.1,363.6,2258.9,-14.3,2.1,0.9,1.0
D33O_S_ABOVE,SPK_SOLDIER,2.1,363.6,2706.1,-13.9,2.1,2.0,1.1
D10B_U_CAST_SPILL,SPK_URBAN,2.1,359.6,2012.2,-18.3,2.1,0.5,1.1
D12_F_ITEM_SELFIE,SPK_FATIH,2.1,139.7,894.2,-21.5,2.1,0.7,0.4
D20_G_DUEL,SPK_GIUST,2.1,254.0,2323.6,-20.4,2.1,0.7,1.8
D6_GIUST_THERMOS,SPK_GIUST,2.1,202.5,2730.3,-24.5,1.0,2.6,0.9
D10A_N_FORM_3,SPK_NIHAT,2.0,163.3,1038.9,-19.5,0.0,2.6,1.7
D10Z_K_FIRE_1,SPK_KADRI,2.0,280.7,1836.2,-25.0,2.0,1.2,0.3
D10Z_T_SOUP_MODERN,SPK_TOLGA,2.0,262.3,1745.8,-17.2,2.0,0.7,1.8
D13_W4_3,SPK_TOLGA,2.0,262.3,1785.2,-17.9,2.0,0.9,1.5
D14_N_01,SPK_NIHAT,2.0,213.3,1196.4,-23.3,2.0,0.4,0.8
D17_T_PULL_3,SPK_TOLGA,2.0,262.3,1711.3,-18.3,2.0,0.6,1.3
D18B_T_01,SPK_TOLGA,2.0,262.3,1738.7,-20.8,2.0,0.7,0.1
D1_H_DEMO_4,SPK_HIKMET,2.0,280.7,2039.7,-22.2,2.0,1.3,1.4
D25O_H_3,SPK_HASAN,2.0,183.9,1450.0,-27.1,2.0,1.8,2.3
D32O_H_03,SPK_HASAN,2.0,183.9,1625.8,-26.1,2.0,0.9,1.7
D33O_FZ_01,SPK_FIRUZ,2.0,301.9,1936.2,-24.3,2.0,0.8,1.9
D3_H_RADIO_4,SPK_HIKMET,2.0,280.7,2433.7,-21.9,2.0,0.8,1.2
D5_H_AFTER_NO,SPK_HIKMET,2.0,280.7,1843.1,-21.3,2.0,2.3,0.8
D6B_T_CHASE_1,SPK_TOLGA,2.0,262.3,1728.6,-18.4,2.0,0.7,1.3
D7_N_TRACE_ARTILLERY_CUBE,SPK_NIHAT,2.0,213.4,1223.2,-21.5,2.0,0.1,0.3
D9_H_NO_ANSWER,SPK_HIKMET,2.0,280.7,2325.3,-20.0,2.0,0.2,0.1
D9_T_H2_1,SPK_TOLGA,2.0,262.3,1454.9,-15.9,2.0,0.4,2.5
MG_HAG_DOUBLE_NOSWEET,SPK_DOUBLE,2.0,216.2,1674.3,-15.4,1.6,2.6,2.8
REACT_URBAN_REPLAY_5,SPK_URBAN,2.0,280.7,2094.2,-21.2,2.0,0.2,0.9
D6A_C_REFUSED,SPK_CANDARLI,2.0,320.0,1268.6,-20.2,2.0,0.0,0.0
D7_N_GIUST_ASK,SPK_NIHAT,2.0,188.2,1415.1,-22.8,1.0,2.5,0.5
REACT_CANDARLI_LIGHTER,SPK_CANDARLI,2.0,320.0,1393.1,-23.6,2.0,0.2,0.9
REACT_CLERK_TAPE,SPK_CLERK,2.0,155.3,2400.7,-26.5,0.1,1.1,3.4
D10H_H_RADIO_SAVE,SPK_HIKMET,2.0,296.3,1808.1,-20.2,1.2,2.5,0.1
D10H_K_FRANK_1,SPK_EMPEROR,2.0,116.0,1137.8,-18.5,2.0,0.1,1.5
D10H_K_SAFE,SPK_EMPEROR,2.0,89.9,1662.6,-27.7,1.9,2.5,1.9
D10O_A_BEGIN,SPK_AGA,2.0,329.9,1703.7,-16.8,0.2,1.0,3.4
D21_K_B1,SPK_KASIM,2.0,139.1,1056.3,-22.5,2.0,1.5,1.1
D24_M_STUMBLE,SPK_MONK,2.0,135.6,1569.8,-19.5,2.0,0.6,0.6
D7_HASAN_FAN_TAPE,SPK_HASAN,2.0,200.0,1310.6,-26.8,1.7,2.5,2.2
D7_N_WALL_TORN,SPK_NIHAT,2.0,212.3,1289.5,-23.4,2.0,0.8,0.9
D10Z_F_STAY,SPK_FATIH,2.0,120.3,1180.1,-23.4,0.5,2.5,1.3
D1P_T_10,SPK_TOLGA,2.0,115.9,1358.0,-28.1,1.3,0.8,3.3
D29O_T_01,SPK_TOLGA,2.0,260.2,1850.4,-19.5,2.0,1.1,0.7
D9_G_LATER,SPK_HUSEYIN,2.0,127.0,1142.5,-21.6,2.0,1.3,1.5
D10B_F_B3_2_PLAIN,SPK_FATIH,2.0,122.6,1179.5,-19.4,0.7,2.5,0.7
D10G_C_EARLY,SPK_CAPTAIN,2.0,320.0,1931.0,-18.3,2.0,0.2,0.1
D10H_TH_ANSWER,SPK_THEODOROS,2.0,119.4,1888.4,-24.5,2.0,1.1,0.6
D1_H_IDLE_1,SPK_HIKMET,2.0,320.0,1815.1,-21.7,0.0,2.5,1.1
D4B_N_MERCHANT,SPK_NIKO,2.0,258.1,2097.5,-25.9,2.0,1.0,0.3
D6B_N_PLAZA,SPK_NIKO,2.0,258.1,2041.5,-25.9,2.0,1.4,0.4
D10H_L_ANSWER,SPK_LUTFI,2.0,170.2,1532.7,-24.6,0.9,2.5,1.2
D12B_T_COUNT,SPK_TOLGA,2.0,175.8,2192.8,-23.9,0.0,2.5,1.4
D22O_H_FIRE,SPK_HASAN,2.0,355.6,1937.1,-19.3,2.0,0.7,2.1
D4A_ITEM_PHONE_1,SPK_HASAN,2.0,355.6,2088.5,-21.1,2.0,1.4,1.1
D10B_F_B3_2P,SPK_FATIH,2.0,129.0,1176.8,-18.0,1.2,2.5,1.3
D26O_S_VOLLEY,SPK_SOLDIER,2.0,355.6,2497.0,-14.2,2.0,1.5,1.0
D37O_S_RETREAT,SPK_SOLDIER,2.0,355.6,2425.8,-14.3,2.0,1.3,1.0
D38O_T_PULL,SPK_TOLGA,2.0,209.2,2191.1,-23.2,0.8,2.5,1.0
D23_I_2_ADD,SPK_ISMAIL,2.0,136.2,969.4,-18.4,2.0,0.2,1.7
D5_H_AFTER,SPK_HIKMET,2.0,326.5,2735.4,-20.5,0.3,2.5,0.3
D6B_G_BOOK_BACK,SPK_GIUST,2.0,186.0,2556.7,-23.6,2.0,1.8,0.4
REACT_CALLIGRAPHER_CUBE,SPK_CALLIGRAPHER,2.0,108.1,1086.2,-20.0,2.0,0.0,0.5
D10A_T_FORM_4,SPK_TOLGA,1.9,149.6,2185.2,-21.6,0.6,2.4,0.2
D11_T_SAW_FLY,SPK_TOLGA,1.9,258.1,2016.6,-20.0,1.9,1.8,0.5
D20_T_GUN_BAD,SPK_TOLGA,1.9,258.1,1767.6,-18.3,1.9,0.8,1.3
D32O_T_HIT_1,SPK_TOLGA,1.9,258.1,2048.9,-18.0,1.9,1.9,1.5
D38O_R_ROW_OK,SPK_PATROL,1.9,266.7,2446.5,-15.0,1.9,0.3,2.5
D4A_HA_STOP_NOFEZ,SPK_HASAN,1.9,307.7,2291.1,-20.4,0.9,2.4,1.4
D10A_TH_EMPTY,SPK_THEODOROS,1.9,106.7,1220.1,-21.5,0.7,2.4,0.7
D12_F_CANNON_A,SPK_FATIH,1.9,98.2,736.2,-21.8,1.3,2.4,0.5
D27_T_GN_GO,SPK_TOLGA,1.9,134.5,2182.8,-25.5,0.9,2.4,2.1
D9_THEO_NO,SPK_THEODOROS,1.9,108.1,1222.0,-20.1,0.8,2.4,1.4
D11_N_INSURANCE,SPK_NIHAT,1.9,210.5,1206.7,-23.3,1.9,0.3,0.9
D19O_T_GUN_GOOD,SPK_TOLGA,1.9,207.8,2177.8,-21.5,0.8,2.4,0.2
D3_N_KIT_2,SPK_NIHAT,1.9,210.5,1166.5,-22.1,1.9,0.8,0.0
D6B_C_SELFIE,SPK_CLERK,1.9,181.8,2302.8,-23.0,1.9,0.7,1.4
D21_G_FOUND,SPK_GRANT,1.9,139.8,1023.8,-17.5,1.9,0.7,1.5
D29O_B_CLIMB,SPK_BALTA,1.9,141.6,982.1,-17.2,1.1,1.5,3.2
D31O_CARP_KNOT_BAD,SPK_SOLDIER,1.9,351.7,2199.1,-15.4,1.9,0.8,0.7
D3_N_RADIO_IGNORE,SPK_NIHAT,1.9,210.2,1179.5,-22.1,1.9,0.7,0.1
D9_LUTFI_TR3,SPK_LUTFI,1.9,139.1,929.5,-24.5,0.5,2.4,1.1
D1P_T_05,SPK_TOLGA,1.9,172.0,1514.0,-27.8,0.0,0.2,3.2
D30O_Z_01,SPK_ZAGANOS,1.9,148.1,1050.5,-13.4,1.9,0.7,1.8
D32O_U_01,SPK_USTA,1.9,207.8,1297.7,-23.0,1.9,1.7,1.1
D4A_ITEM_CUBE_1,SPK_HASAN,1.9,256.0,2281.3,-25.6,0.4,2.4,1.4
D7_EAVES_GUARDS_2_TENT,SPK_HUSEYIN,1.9,144.1,1010.1,-20.4,1.2,2.4,0.7
D7_EAVES_GUARDS_NOFEZ,SPK_HASAN,1.9,190.5,1333.6,-24.8,1.9,2.4,1.0
D9_THEO_1,SPK_THEODOROS,1.9,117.6,1370.6,-16.1,1.8,1.6,3.2
D10A_F_3,SPK_FATIH,1.9,127.0,1169.2,-15.8,1.0,2.4,2.4
D22O_T_LOST,SPK_TOLGA,1.9,256.0,2164.0,-19.3,1.9,2.4,0.8
D24_M_SLIP,SPK_MONK,1.9,126.0,1379.9,-15.7,1.4,0.7,3.2
D2_T_15,SPK_TOLGA,1.9,244.3,2168.1,-21.9,1.6,2.4,0.4
D26_L_BANNER,SPK_LOOKOUT,1.9,301.9,2374.6,-15.7,1.9,0.0,0.2
D7_THEO_HELLO,SPK_THEODOROS,1.9,112.7,1233.8,-20.6,1.3,2.4,1.1
D10A_N_SIGN,SPK_NIHAT,1.9,209.2,1189.3,-20.0,1.9,0.5,1.4
D11_T_HELP_2,SPK_TOLGA,1.9,125.5,2163.7,-26.4,1.1,2.4,2.5
D24O_T_TIED_3,SPK_TOLGA,1.9,235.3,2161.2,-18.9,1.4,2.4,1.0
D7_M_WALL_TORN,SPK_MUFIDE,1.9,280.7,1349.0,-21.4,1.9,0.7,0.5
D_CHICKEN_CATCH_1,SPK_TOLGA,1.9,246.2,2163.4,-19.5,1.7,2.4,0.7
MG_MAN_E_LOSE,SPK_EMPEROR,1.9,90.4,1412.7,-27.1,1.9,1.3,1.7
D12_F_RETRY,SPK_FATIH,1.9,107.4,743.7,-22.0,0.6,2.3,0.6
D17_TR_THANKS,SPK_TREVISANO,1.9,219.2,1906.0,-22.7,0.5,2.3,0.3
D2_S_ROPE,SPK_SOLDIER,1.9,347.8,2282.3,-13.9,1.9,1.0,1.1
D6A_T_C_02,SPK_TOLGA,1.9,201.3,2160.3,-23.0,0.6,2.3,0.9
REACT_EMPEROR_LIGHTER,SPK_EMPEROR,1.9,93.6,1623.4,-25.5,1.4,2.3,1.1
D1_H_IDLE_2,SPK_HIKMET,1.9,290.9,1843.5,-18.7,1.5,2.3,0.9
D21_T_TEPID,SPK_TOLGA,1.9,137.9,1685.3,-27.6,0.8,0.5,3.1
D24_M_LIGHT,SPK_MONK,1.9,110.3,1824.7,-20.2,0.4,2.3,0.2
REACT_GUARDS_SELFIE,SPK_HASAN,1.9,246.2,1346.2,-24.2,0.6,2.3,0.7
D10B_KADRI_B3,SPK_KADRI,1.9,355.6,2105.4,-24.6,1.9,0.5,0.1
D10B_U_CALC_OK,SPK_URBAN,1.9,355.6,2117.7,-18.7,1.9,0.4,0.8
D10O_A_ITEM_THERMOS,SPK_AGA,1.9,296.3,1815.2,-21.8,1.9,0.0,0.0
D10O_A_Q3_LUCKY,SPK_AGA,1.9,296.3,1785.7,-23.6,1.9,0.3,1.1
D10Z_T_SWEET_MODERN,SPK_TOLGA,1.9,254.0,1886.9,-18.0,1.9,1.3,1.5
D12_T_HIDE,SPK_TOLGA,1.9,114.7,967.7,-25.1,1.4,2.3,1.9
D15_Y_H_RADIO_CALL,SPK_HIKMET,1.9,355.6,2214.3,-19.7,1.9,0.3,0.3
D17_TR_LIGHT,SPK_TREVISANO,1.9,228.6,2798.7,-23.8,0.2,2.3,0.7
D22O_T_DUEL,SPK_TOLGA,1.9,254.0,2058.3,-18.4,1.9,1.9,1.2
D24O_T_TIED_1,SPK_TOLGA,1.9,254.0,1685.7,-19.0,1.9,0.5,1.0
D28O_U_ROLLER,SPK_URBAN,1.9,355.6,2110.9,-17.1,1.9,0.3,1.9
D34O_U_HIT,SPK_URBAN,1.9,355.6,2138.6,-19.4,1.9,0.6,0.3
D34O_U_JAM,SPK_URBAN,1.9,355.6,2143.2,-19.2,1.9,0.6,0.5
D34O_U_SPARK,SPK_URBAN,1.9,355.6,2234.5,-18.4,1.9,1.3,1.0
D35O_U_POST,SPK_URBAN,1.9,355.6,2148.2,-16.7,1.9,0.7,2.1
D38O_S_BRACE_BAD,SPK_SAILOR,1.9,381.0,2554.9,-20.5,1.9,1.2,1.2
D3_H_END_33,SPK_HIKMET,1.9,313.7,1957.1,-15.5,0.3,1.7,3.1
D5_H_SEAL2,SPK_HIKMET,1.9,285.7,1847.8,-19.0,1.8,2.3,0.7
D6B_T_CHASE_4,SPK_TOLGA,1.9,254.0,1508.6,-20.8,1.9,0.2,0.1
HIKMET_ITEM_COLOGNE,SPK_HIKMET,1.9,355.6,2363.1,-22.7,1.9,0.5,1.8
REACT_AGA_PHONE,SPK_AGA,1.9,296.3,1653.5,-25.9,1.9,1.5,2.7
D10H_K_HELP_NOTAPE,SPK_EMPEROR,1.8,90.7,1412.7,-24.2,1.8,1.3,0.7
D10L_G_RETREAT,SPK_GRANT,1.8,98.2,948.8,-24.4,1.8,0.1,1.9
D2_T_10,SPK_TOLGA,1.8,135.6,1914.8,-27.5,0.9,1.4,3.1
D9_P_5_NOFEZ,SPK_PASHA,1.8,115.1,1419.9,-26.6,0.4,2.3,2.2
D1_T_05,SPK_TOLGA,1.8,127.0,971.7,-24.5,1.1,2.3,1.6
D21O_D_FIRE,SPK_MINER,1.8,258.1,2624.1,-17.7,1.8,1.3,1.6
D22_G_LATE,SPK_GIUST,1.8,250.0,2064.2,-20.9,1.8,0.6,1.5
D24_NK_01,SPK_NIKO,1.8,262.3,2103.2,-23.9,1.8,1.0,1.0
D26_G_BREACH_FIGHT,SPK_GIUST,1.8,250.0,2180.2,-19.9,1.8,0.0,2.1
D26_G_GUN,SPK_GIUST,1.8,250.0,2407.5,-19.9,1.8,1.1,2.1
D28O_S_BALL,SPK_SOLDIER,1.8,344.1,2728.5,-15.2,1.8,2.1,0.7
D2_T_STUMBLE_2_NOFEZ,SPK_TOLGA,1.8,212.4,2147.4,-21.5,0.9,2.3,0.2
D39O_C_LATE,SPK_CAVUS,1.8,106.0,1298.6,-21.1,1.8,1.6,0.9
D8_C_PAY_HEIST,SPK_CEMIL,1.8,222.2,1336.0,-22.2,1.8,1.0,0.9
ITEM_SELF_THERMOS_2,SPK_TOLGA,1.8,141.0,2148.1,-24.5,0.8,2.3,1.6
REACT_PAINTER_PHONE,SPK_PAINTER,1.8,110.3,1674.6,-23.8,1.8,0.7,0.3
D10G_D_3,SPK_DOUBLE,1.8,252.0,2249.1,-21.2,0.1,2.3,0.4
D10H_T_OPEN_2,SPK_TOLGA,1.8,121.2,976.2,-21.3,1.2,2.3,0.1
D12_F_ITEMS,SPK_FATIH,1.8,136.8,895.7,-18.0,1.8,0.7,1.3
D3_N_RESIST,SPK_NIHAT,1.8,207.8,1284.6,-20.9,1.8,0.8,0.8
D7_N_TRACE_CELL_CARD,SPK_NIHAT,1.8,207.8,1184.0,-23.6,1.8,0.6,1.1
NPC_CROWD_BYZ_3,SPK_TOWNSMAN,1.8,142.9,1573.2,-18.1,0.7,2.3,0.8
REACT_FATIH_COLOGNE,SPK_FATIH,1.8,136.8,1080.1,-17.5,1.8,1.4,1.6
D17_N_06,SPK_NIHAT,1.8,146.8,1060.7,-20.6,0.7,2.3,0.9
D17_TR_FELL,SPK_TREVISANO,1.8,313.7,2570.1,-18.9,1.8,1.1,0.8
D31O_T_STONE,SPK_TOLGA,1.8,252.0,1808.7,-21.5,1.8,1.0,0.2
D3_N_TRACE_DONE,SPK_NIHAT,1.8,119.0,1223.9,-22.2,1.8,0.1,0.1
D9_P_1,SPK_PASHA,1.8,133.3,1100.4,-18.8,1.8,0.3,0.9
REACT_PASHA_LIGHTER,SPK_PASHA,1.8,133.3,1098.7,-19.3,1.8,0.3,0.7
D10H_T_EXIT_2,SPK_TOLGA,1.8,130.1,2138.0,-22.7,1.0,2.2,0.8
D22O_H_HIDE_2,SPK_HASAN,1.8,347.8,1836.2,-19.6,1.8,0.1,1.9
D22_G_01,SPK_GIUST,1.8,225.4,2661.0,-23.6,0.4,2.2,0.3
D26O_H_LADDER,SPK_HASAN,1.8,347.8,2088.8,-20.2,1.8,1.4,1.6
D39O_C_FLAG_WRONG,SPK_CAVUS,1.8,106.3,1355.3,-26.8,1.8,1.9,2.6
D3_N_FEZ,SPK_NIHAT,1.8,155.3,1392.5,-23.6,0.3,2.2,1.1
D4A_ITEM_SELFIE_3,SPK_HASAN,1.8,347.8,1928.2,-19.6,1.8,0.6,1.9
D4B_N_ECLIPSE_3,SPK_NIKO,1.8,355.6,2466.7,-24.3,1.8,1.4,0.7
D4B_N_THROW_CHICKEN_2,SPK_NIKO,1.8,355.6,2257.1,-23.4,1.8,0.1,1.3
D8_H_G3_NO,SPK_HIKMET,1.8,285.7,1859.3,-22.3,1.8,2.2,1.5
REACT_LUTFI_LIGHTER,SPK_LUTFI,1.8,108.8,1289.1,-27.7,1.8,0.5,2.6
D13_H_LEVER,SPK_HIKMET,1.8,285.7,2055.8,-17.5,1.8,1.2,1.7
D15_S7_H_2,SPK_HIKMET,1.8,285.7,2358.7,-21.1,1.8,0.4,0.7
D1_H_29,SPK_HIKMET,1.8,285.7,2209.1,-20.3,1.8,0.4,0.1
D1_H_IDLE_4,SPK_HIKMET,1.8,285.7,2079.9,-19.4,1.8,1.1,0.4
D32O_TP_NAME_3,SPK_TOPCU,1.8,285.7,2026.0,-28.2,1.8,0.0,1.7
D39O_C_FLAG_OK,SPK_CAVUS,1.8,106.3,989.1,-21.0,1.8,0.0,0.8
D5_H_CONF_0,SPK_HIKMET,1.8,285.7,2173.9,-20.2,1.8,0.6,0.0
D5_H_KNOCK,SPK_HIKMET,1.8,285.7,2354.0,-20.8,1.8,0.4,0.5
D6_URBAN_CUBE,SPK_URBAN,1.8,285.7,1976.0,-20.1,1.8,0.7,0.2
D9_H2_6,SPK_HIKMET,1.8,285.7,2173.5,-22.8,1.8,0.6,1.8
D9_H_CALL,SPK_HIKMET,1.8,285.7,1965.9,-15.7,1.8,1.7,2.9
HIKMET_ITEM_BACK,SPK_HIKMET,1.8,285.7,2176.8,-17.7,1.8,0.6,1.6
D18B_G_HIT_1,SPK_HASAN,1.8,333.3,2246.3,-20.7,1.5,2.2,1.3
D26O_S_WAVE1,SPK_SOLDIER,1.8,340.4,2365.7,-15.1,1.8,1.2,0.8
D26O_S_WAVE2,SPK_SOLDIER,1.8,340.4,2434.7,-15.4,1.8,1.4,0.7
D31O_CARP_GUST,SPK_SOLDIER,1.8,340.4,2503.0,-15.5,1.8,1.5,0.7
NPC_PAINTER_3,SPK_PAINTER,1.8,110.0,1457.0,-23.6,1.8,1.6,0.5
D10B_U_B1_2,SPK_URBAN,1.8,301.9,1794.0,-19.6,0.9,2.2,0.2
D18_U_BARRELS,SPK_USTA,1.8,304.8,1889.2,-19.7,1.8,1.3,1.0
D10H_T_CANT_SAY,SPK_TOLGA,1.8,153.8,2123.4,-22.9,0.5,2.2,0.9
D23_K_KNOWN,SPK_EMPEROR,1.8,114.3,1406.0,-19.6,1.8,1.3,1.1
D30_T_LOST,SPK_TOLGA,1.8,177.8,995.8,-17.5,0.1,2.2,1.7
D32O_T_FIRE_3,SPK_TOLGA,1.8,250.0,1803.6,-21.8,1.8,0.9,0.3
D33O_T_CLIMB,SPK_TOLGA,1.8,250.0,1434.7,-19.0,1.8,0.5,1.0
D33O_T_WIND,SPK_TOLGA,1.8,250.0,1834.6,-17.8,1.8,1.1,1.6
D3_N_KIND,SPK_NIHAT,1.8,187.7,1389.1,-21.3,1.0,2.2,0.5
D4A_ITEM_TAPE_1,SPK_HUSEYIN,1.8,203.8,1033.6,-17.0,1.7,2.2,1.6
D4A_T_BLUFF,SPK_TOLGA,1.8,250.0,1661.6,-18.6,1.8,0.4,1.2
D5_H_CALL_5,SPK_HIKMET,1.8,301.9,1868.3,-21.6,0.9,2.2,1.0
D6_EMP_BOOK,SPK_EMPEROR,1.8,114.3,884.2,-17.6,1.8,1.3,1.8
D23_I_CARD,SPK_ISMAIL,1.8,108.1,1286.3,-25.1,1.0,2.2,2.7
D26_T_AYA,SPK_TOLGA,1.8,139.7,1982.1,-27.2,0.8,1.6,2.9
D2_T_CURRENT,SPK_TOLGA,1.8,126.5,1288.0,-27.2,1.1,1.1,2.9
D38O_T_03,SPK_TOLGA,1.8,137.9,2049.5,-27.2,0.8,1.9,2.9
D4A_ITEM_TAPE_3,SPK_HASAN,1.8,307.7,1637.1,-17.8,0.9,0.9,2.9
D6_LUTFI_DONE,SPK_LUTFI,1.8,190.5,1386.9,-19.3,1.8,1.3,1.3
D10H_N_K,SPK_NIKO,1.7,264.5,2182.2,-27.1,1.7,0.5,1.1
D14_M_FIXED,SPK_MUFIDE,1.7,225.4,1275.3,-23.4,1.7,0.1,0.8
D15_G_T3_DRIFT,SPK_HIKMET,1.7,307.7,2683.1,-20.4,0.6,2.2,0.2
D1_H_18,SPK_HIKMET,1.7,320.0,2682.6,-23.0,0.0,2.2,1.9
D25_T_HEARD,SPK_TOLGA,1.7,137.9,2118.3,-25.8,0.8,2.2,2.3
D26O_L_WAVE_1,SPK_SOLDIER,1.7,333.3,2763.3,-15.2,1.7,2.2,0.7
D5_H_FOUND_TIN,SPK_HIKMET,1.7,333.3,2681.9,-19.3,0.7,2.2,0.5
D6_T_RADIO_DEAD,SPK_TOLGA,1.7,156.9,2117.3,-22.3,0.4,2.2,0.6
D9_MINER_OFFER_1_NOFEZ,SPK_MINER,1.7,250.0,2842.0,-20.0,1.3,2.2,0.1
D11_NK_01_HEN,SPK_NIKO,1.7,329.9,2571.8,-22.7,0.8,2.2,1.8
D12_F_CUBE_2,SPK_FATIH,1.7,103.2,1149.5,-24.0,0.9,2.2,1.6
D14_M_02,SPK_MUFIDE,1.7,246.2,1496.0,-21.4,0.4,2.2,0.5
D15_Y_H_HOLD,SPK_HIKMET,1.7,333.3,2074.6,-15.8,0.7,1.1,2.9
D32O_AZ_VOLLEY,SPK_AZAP,1.7,381.0,2051.1,-14.4,1.7,0.6,1.2
D7_LUTFI_TRUTH_C,SPK_LUTFI,1.7,153.8,959.7,-21.0,0.2,2.2,0.5
D11_N_HONEST,SPK_NIHAT,1.7,205.3,1146.4,-22.3,1.7,1.1,0.2
D30O_T_DUEL,SPK_TOLGA,1.7,248.1,1974.3,-22.7,1.7,1.6,0.8
D35O_D_LASH_OK,SPK_DULGER,1.7,278.3,1636.8,-22.1,0.1,0.3,2.9
D4A_ITEM_SELFIE_2,SPK_HUSEYIN,1.7,157.7,1039.0,-18.7,0.5,2.1,0.5
D_CAT_FOUND,SPK_TOLGA,1.7,225.4,2112.4,-21.5,1.2,2.1,0.2
D19_T_EMPTY,SPK_TOLGA,1.7,134.5,1425.5,-27.1,0.9,0.5,2.9
D32O_TL_01,SPK_HERALD,1.7,139.1,1764.3,-19.0,1.7,0.7,0.0
D4A_ITEM_LIGHTER_1,SPK_HASAN,1.7,344.1,2162.0,-18.7,1.7,1.8,2.4
D15_O_IDK_2,SPK_MANAGER,1.7,213.3,1823.6,-20.4,1.7,0.7,0.9
D17_T_WINDOW,SPK_TOLGA,1.7,246.2,2104.1,-21.1,1.7,2.1,0.0
D31O_S_EMBER,SPK_AZAP,1.7,372.1,2594.5,-14.8,1.6,2.1,0.9
D32O_U_CARRY,SPK_USTA,1.7,213.3,1334.2,-20.2,1.7,1.5,0.7
D25_T_HALF,SPK_TOLGA,1.7,115.1,1172.0,-27.0,1.4,1.5,2.8
D26O_L_WAVE_2,SPK_SOLDIER,1.7,333.3,2267.3,-14.6,1.7,0.9,0.9
D26O_L_WAVE_3,SPK_SOLDIER,1.7,333.3,2446.3,-15.2,1.7,1.4,0.7
D2_S_14_NOFEZ,SPK_SOLDIER,1.7,333.3,2473.7,-15.5,1.7,1.4,0.6
D2_T_STUMBLE_3,SPK_TOLGA,1.7,205.1,1255.8,-15.2,0.7,1.2,2.8
D3_H_7C,SPK_HIKMET,1.7,326.5,2671.5,-19.0,0.3,2.1,0.7
D4B_N_THROW_SACK,SPK_NIKO,1.7,333.3,2564.2,-25.8,0.9,2.1,0.3
D8_H_GUN_3,SPK_HIKMET,1.7,290.9,2672.2,-19.0,1.5,2.1,0.7
D38O_R_HORN,SPK_PATROL,1.7,262.3,2770.4,-17.6,1.7,1.8,1.1
D39O_J_WRITE,SPK_JANISSARY,1.7,258.1,1678.1,-23.0,0.7,2.1,1.0
D5_H_02,SPK_HIKMET,1.7,320.0,1886.7,-16.8,0.0,2.1,2.2
ITEM_SELF_COLOGNE_2,SPK_TOLGA,1.7,150.9,1019.7,-22.5,0.5,2.1,0.7
MG_HAG_DOUBLE_SWEET,SPK_DOUBLE,1.7,213.3,1900.0,-17.5,1.7,0.7,1.6
D10G_T_RADIO,SPK_TOLGA,1.7,246.2,1746.3,-19.1,1.7,0.7,0.9
D10G_W_EARLY,SPK_WINE,1.7,231.9,1295.6,-20.6,1.7,0.6,1.0
D12_T_SEE_HIKMET,SPK_TOLGA,1.7,246.2,1606.3,-19.1,1.7,0.2,0.9
D17_T_INTRO,SPK_TOLGA,1.7,246.2,1807.3,-19.8,1.7,1.0,0.6
D20_T_GUN_GOOD,SPK_TOLGA,1.7,246.2,1613.1,-20.4,1.7,0.2,0.3
D24_T_ECLIPSE,SPK_TOLGA,1.7,246.2,1626.1,-20.2,1.7,0.3,0.4
D25O_H_SIT,SPK_HASAN,1.7,231.9,1393.3,-25.1,0.9,2.1,1.2
D26_T_PHOTO,SPK_TOLGA,1.7,123.1,1239.8,-26.9,1.2,1.2,2.8
D29_T_FIRE_BAD,SPK_TOLGA,1.7,246.2,2015.8,-20.9,1.7,1.8,0.1
D6_EMP_CUBE,SPK_EMPEROR,1.7,103.9,1573.1,-24.3,0.2,2.1,0.7
D0_T_FREEZE_1,SPK_TOLGA,1.7,124.0,1026.9,-21.8,1.2,2.1,0.4
D10A_F_REFUSE,SPK_FATIH,1.7,114.3,1141.9,-18.1,0.0,2.1,1.3
D10A_TH_WRONG_3,SPK_THEODOROS,1.7,91.2,1287.2,-20.7,0.9,2.1,1.1
D10O_TAILOR_1,SPK_TAILOR,1.7,254.0,1691.8,-22.2,0.1,2.1,1.0
D12_END_12_3_2,SPK_TOLGA,1.7,219.2,1029.5,-19.5,1.1,2.1,0.8
D12_F_CANNON_B,SPK_FATIH,1.7,93.8,950.9,-23.9,1.7,0.0,1.6
D19_NK_02,SPK_NIKO,1.7,266.7,2221.2,-25.5,1.7,0.2,0.1
D21_G_DIG,SPK_GRANT,1.7,109.6,1158.5,-24.8,0.8,2.1,2.1
D23_T_2_SOFT,SPK_TOLGA,1.7,125.0,1960.8,-26.9,1.1,1.6,2.8
D26_T_OUT,SPK_TOLGA,1.7,144.8,1271.9,-26.9,0.7,1.1,2.8
D34O_T_01,SPK_TOLGA,1.7,205.1,2092.2,-22.8,0.7,2.1,0.8
D5_H_PICK_ANTENNA,SPK_HIKMET,1.7,313.7,2663.6,-20.5,0.3,2.1,0.3
D10B_U_POWDER_3,SPK_URBAN,1.6,351.7,1935.7,-21.1,1.6,1.1,0.8
D18_HU_01_HUFEZ,SPK_HUSEYIN,1.6,202.5,1357.9,-18.9,1.6,0.4,0.3
D21_K_B2,SPK_KASIM,1.6,101.3,1333.9,-28.2,1.6,0.1,0.6
D35O_U_RUN,SPK_URBAN,1.6,351.7,2090.9,-17.3,1.6,0.2,1.7
D35O_U_SNAP,SPK_URBAN,1.6,351.7,1989.7,-16.3,1.6,0.6,2.4
D10H_K_FIXED_1,SPK_EMPEROR,1.6,92.0,1230.0,-24.3,1.6,0.4,0.7
D23_K_1_ADD,SPK_EMPEROR,1.6,113.5,1124.0,-22.1,1.6,0.1,0.1
D23_K_1_TRUE,SPK_EMPEROR,1.6,92.0,1289.2,-27.2,1.6,0.7,1.8
REACT_HIKMET_TAPE,SPK_HIKMET,1.6,320.0,2660.0,-21.4,0.0,2.0,0.9
REACT_KID_SELFIE,SPK_KID,1.6,288.3,1455.0,-18.0,0.7,2.0,1.1
D10H_T_FRANK_3,SPK_TOLGA,1.6,244.3,1961.0,-20.8,1.6,1.6,0.1
D10O_TAILOR_2,SPK_TAILOR,1.6,210.5,1885.5,-21.2,1.6,0.8,0.3
D15_R_T_4,SPK_TOLGA,1.6,244.3,1650.2,-18.1,1.6,0.3,1.4
D29O_B_HOOKS_BAD,SPK_BALTA,1.6,216.2,1269.6,-12.5,1.6,0.1,0.1
D6B_N_MISS,SPK_NIKO,1.6,344.1,1994.9,-21.3,1.4,1.7,2.7
D9_LUTFI_TR1,SPK_LUTFI,1.6,128.0,974.9,-25.3,1.0,2.0,1.5
REACT_GUARDS_TAPE,SPK_HASAN,1.6,250.0,1403.2,-23.5,0.5,2.0,0.3
D10O_G_ENVOY,SPK_HASAN,1.6,340.4,2114.2,-20.9,1.6,1.6,1.2
D1_H_04,SPK_HIKMET,1.6,307.7,1900.2,-17.5,0.6,2.0,1.8
D21O_D_PULLED,SPK_MINER,1.6,238.8,2753.6,-24.7,0.5,1.8,2.7
D25_G_CAUGHT_1,SPK_HASAN,1.6,340.4,2068.9,-19.1,1.6,1.3,2.2
D26O_H_MORE,SPK_HASAN,1.6,340.4,2123.3,-20.7,1.6,1.6,1.3
D2_T_FALL,SPK_TOLGA,1.6,219.2,2081.3,-17.0,1.1,2.0,1.9
D34O_M_WRONG,SPK_MASON,1.6,222.2,1456.4,-22.3,1.6,0.7,1.3
D6B_T_PERMIT,SPK_TOLGA,1.6,136.8,2076.9,-21.2,0.9,2.0,0.0
REACT_CLERK_POWERBANK,SPK_CLERK,1.6,177.8,1857.0,-19.2,1.6,1.0,0.9
REACT_HIKMET_LIGHTER,SPK_HIKMET,1.6,326.5,2522.8,-24.1,0.3,1.3,2.7
D10Z_K_LEBLEBI,SPK_KADRI,1.6,323.3,2287.8,-28.9,0.2,1.6,2.7
D11_N_FIRED,SPK_NIHAT,1.6,124.0,1127.3,-23.9,1.6,1.4,1.3
D21_T_WAIT,SPK_TOLGA,1.6,136.8,1044.4,-23.2,0.9,2.0,1.0
D26_S_CLEAR_1,SPK_DEFENDER,1.6,340.4,1949.5,-23.4,0.0,2.0,0.3
D27_F_STAY,SPK_FISHMONGER,1.6,372.1,2593.9,-24.1,0.0,2.0,1.3
D26_S_GIUST,SPK_DEFENDER,1.6,363.6,2557.9,-22.9,1.1,2.0,0.7
D2_S_14,SPK_SOLDIER,1.6,326.5,2534.0,-15.9,1.6,1.6,0.5
D33O_S_LADDER_B,SPK_SOLDIER,1.6,326.5,2196.7,-15.3,1.6,0.7,0.7
D37O_G_01,SPK_GIUST,1.6,246.2,2182.8,-20.9,1.6,0.0,1.4
D3_N_16,SPK_NIHAT,1.6,144.1,1374.4,-23.0,0.8,2.0,0.7
MG_MAN_E_CAPTURE_2,SPK_EMPEROR,1.6,92.2,1310.2,-24.5,1.6,0.8,0.8
REACT_TAILOR_CUBE,SPK_TAILOR,1.6,262.3,2297.1,-20.2,0.1,2.0,0.3
REACT_THEODOROS_PHONE,SPK_THEODOROS,1.6,96.1,1301.5,-22.5,0.4,2.0,0.2
D10G_T_N_4,SPK_TOLGA,1.6,213.3,2070.9,-19.4,0.9,2.0,0.8
D10H_K_STAY,SPK_EMPEROR,1.6,98.2,1554.0,-23.9,0.7,2.0,0.6
D10O_A_NEXT,SPK_AGA,1.6,351.7,1865.9,-17.9,0.9,0.5,2.6
D17O_A_NEAR,SPK_TOPCU,1.6,347.8,2118.2,-20.8,1.4,0.8,2.6
D22O_T_FIRE,SPK_TOLGA,1.6,242.4,1781.6,-19.3,1.6,0.9,0.8
D22_T_02,SPK_TOLGA,1.6,242.5,1521.2,-20.6,1.6,0.1,0.2
D22_T_03,SPK_TOLGA,1.6,242.4,1461.5,-20.5,1.6,0.4,0.3
D26_T_HOLD,SPK_TOLGA,1.6,242.5,1553.5,-19.0,1.6,0.0,1.0
D33O_T_TAKE,SPK_TOLGA,1.6,242.4,1914.4,-21.2,1.6,1.4,0.1
D4B_N_THROW_SHIELD,SPK_NIKO,1.6,320.0,2547.1,-25.9,0.4,2.0,0.4
D6_T_ANSWER,SPK_TOLGA,1.6,242.4,1632.3,-19.1,1.6,0.3,0.9
D7_N_TRACE_PALACE,SPK_NIHAT,1.6,160.8,1080.5,-24.4,0.1,2.0,1.6
ITEM_SELF_CHICKPEAS_2,SPK_TOLGA,1.6,242.4,1632.1,-18.7,1.6,0.3,1.1
MG_HAG_DOUBLE_OPEN,SPK_DOUBLE,1.6,254.0,2213.6,-21.6,0.2,2.0,0.7
REACT_DERVISH_LIGHTER,SPK_DERVISH,1.6,87.0,1392.3,-21.4,1.6,0.2,0.0
REACT_THEODOROS_BOOK,SPK_THEODOROS,1.6,115.4,1376.1,-25.4,1.6,1.6,1.0
D26_G_HURT_GBOOK,SPK_GIUST,1.6,192.8,2469.1,-27.0,1.6,1.3,2.6
D26_T_RETURN,SPK_TOLGA,1.6,137.9,1317.3,-26.6,0.8,0.9,2.6
D10O_A_ITEM_CUBE,SPK_AGA,1.6,301.9,1761.0,-21.9,1.6,0.5,0.0
D1P_T_07,SPK_TOLGA,1.6,141.6,1055.6,-23.7,0.8,2.0,1.2
D26_G_WAVE3,SPK_GIUST,1.6,210.5,2085.5,-27.0,0.5,0.5,2.6
D2_HA_11_NOFEZ,SPK_HASAN,1.6,205.1,1510.6,-27.7,1.6,1.5,2.6
HIKMET_ITEM_TAPE,SPK_HIKMET,1.6,320.0,2644.1,-19.9,0.0,2.0,0.2
ITEM_SELF_BOOK_3,SPK_TOLGA,1.6,155.3,2062.3,-22.3,0.4,2.0,0.6
MG_HAG_DOUBLE_FAIR,SPK_DOUBLE,1.6,216.2,1744.8,-21.4,1.6,2.0,0.6
D10G_W_R1,SPK_WINE,1.6,190.5,1245.1,-23.5,1.6,0.2,1.0
D10H_G_DONE,SPK_GIUST,1.6,192.8,1941.3,-25.0,1.6,1.1,1.3
D10H_K_HELP,SPK_EMPEROR,1.6,92.5,1187.4,-25.9,1.6,0.2,1.3
D14_M_NEW_1,SPK_MUFIDE,1.6,275.9,1275.9,-21.3,1.6,0.1,0.6
D14_M_NEW_3,SPK_MUFIDE,1.6,275.9,1234.2,-20.8,1.6,0.5,0.9
D17_T_PULL_1,SPK_TOLGA,1.6,144.8,1478.7,-26.5,0.7,0.3,2.6
D3_H_RESIST,SPK_HIKMET,1.6,347.8,2641.7,-20.6,1.4,1.9,0.3
D6_GIUST_POWERBANK,SPK_GIUST,1.6,192.8,2210.2,-22.0,1.6,0.1,0.7
D7_M_LOST_HEN,SPK_MUFIDE,1.6,275.9,1103.4,-22.4,1.6,1.8,0.1
D8_H_CAUGHT_1,SPK_HIKMET,1.6,320.0,2130.7,-16.2,0.0,0.8,2.6
NPC_CALLIGRAPHER_4,SPK_CALLIGRAPHER,1.6,103.9,895.2,-19.0,1.6,0.8,0.1
REACT_CAMELEER_TAPE,SPK_CAMELEER,1.6,333.3,1975.5,-21.5,1.6,1.1,0.7
D10H_L_02,SPK_LUTFI,1.6,186.0,1270.2,-20.7,1.6,0.4,0.6
D17_N_FIRST_29,SPK_NIHAT,1.6,173.9,1369.9,-22.6,0.4,1.9,0.4
D1_T_09,SPK_TOLGA,1.6,197.5,2057.2,-22.8,0.6,1.9,0.8
D29_T_01,SPK_TOLGA,1.6,240.6,1745.2,-19.8,1.6,0.7,0.6
D32O_T_TP1,SPK_TOLGA,1.6,240.6,1883.8,-20.6,1.6,1.3,0.2
D35O_D_BREAK,SPK_DULGER,1.6,307.7,1692.6,-17.3,1.6,0.2,0.3
D7_HASAN_LIE,SPK_HASAN,1.6,205.1,1777.8,-27.3,1.6,0.1,2.4
D9_LUTFI_TRIAL,SPK_LUTFI,1.6,186.0,1227.2,-22.0,1.6,0.0,0.0
D10A_F_2,SPK_FATIH,1.5,133.3,1038.4,-20.2,1.5,0.9,0.3
D10O_A_Q1_OK,SPK_AGA,1.5,333.3,1827.4,-18.0,0.0,0.1,2.6
D10Z_F_01,SPK_FATIH,1.5,133.3,826.5,-22.0,1.5,1.4,0.6
D12_F_WHO_B,SPK_FATIH,1.5,133.3,1097.4,-18.0,1.5,1.6,1.4
D13_MECLIS_1,SPK_HIKMET,1.5,320.0,2635.9,-20.7,0.0,1.9,0.4
D17_N_07,SPK_NIHAT,1.5,160.0,1368.7,-23.4,0.1,1.9,0.9
D21_K_MIRKO_HUSH,SPK_KASIM,1.5,110.3,1674.1,-28.0,0.8,1.9,0.6
D26_F_COUPLET,SPK_FATIH,1.5,95.2,933.4,-23.3,1.5,0.2,1.2
D38O_R_05,SPK_PATROL,1.5,210.5,2325.7,-21.6,1.5,0.3,0.9
D7_N_HOLO_WALLS_SILENT,SPK_NIHAT,1.5,152.4,1368.6,-24.4,0.5,1.9,1.6
D9_MINER_OFFER_1,SPK_MINER,1.5,254.0,2444.9,-20.4,1.5,0.6,0.1
D10A_T_N_02,SPK_TOLGA,1.5,219.2,2050.3,-19.9,1.1,1.9,0.6
D15_R_M_2,SPK_MANAGER,1.5,216.2,1415.8,-21.8,1.5,0.3,0.0
D20_L_WARN_2,SPK_LOOKOUT,1.5,347.8,2102.0,-13.8,0.4,1.9,1.0
D5_H_CALL_3,SPK_HIKMET,1.5,333.3,2634.1,-21.6,0.7,1.9,1.0
D0_S_ARROWS,SPK_DEFENDER,1.5,307.7,2406.1,-24.1,1.5,1.0,0.1
D10O_A_AGAIN,SPK_AGA,1.5,363.6,1771.2,-20.0,1.5,0.4,1.2
D10O_A_AGAIN_NOFEZ,SPK_AGA,1.5,363.6,1791.0,-19.7,1.5,0.2,1.4
D10O_G_LIFT,SPK_HASAN,1.5,206.5,1561.7,-26.2,1.5,1.2,1.8
D15_G_PYJAMA,SPK_HIKMET,1.5,290.9,2615.5,-20.0,1.5,1.8,0.1
D17O_A_MISS,SPK_TOPCU,1.5,333.3,1795.1,-24.0,0.7,1.9,0.8
D19O_R_BACK,SPK_PATROL,1.5,258.1,2795.4,-19.5,1.4,1.9,0.2
D26_K_HOLD_1,SPK_KADRI,1.5,290.9,1900.8,-25.0,1.5,0.8,0.4
D28O_U_EDIRNE_OK,SPK_URBAN,1.5,290.9,2280.3,-20.6,1.5,1.7,0.5
D3_H_22,SPK_HIKMET,1.5,290.9,2032.3,-19.1,1.5,1.3,0.7
D3_H_24,SPK_HIKMET,1.5,290.9,1963.6,-20.8,1.5,1.7,0.5
D5_H_AFTER_CITY,SPK_HIKMET,1.5,290.9,2438.6,-19.8,1.5,0.9,0.2
D6_KADRI_ASK,SPK_KADRI,1.5,290.9,1965.6,-24.4,1.5,0.4,0.1
D6_URBAN_BOOK,SPK_URBAN,1.5,290.9,2000.7,-19.4,1.5,0.5,0.3
D6_URBAN_POWERBANK_T,SPK_URBAN,1.5,290.9,1921.9,-20.6,1.5,1.2,0.5
D7_HUSEYIN_FAN,SPK_HUSEYIN,1.5,200.0,1103.5,-19.2,1.5,1.6,0.1
D8_H_PAJAMA,SPK_HIKMET,1.5,290.9,2120.3,-20.7,1.5,0.8,0.4
D10H_TH_CONFESS,SPK_THEODOROS,1.5,90.1,1892.0,-28.6,1.0,1.1,2.5
D12_F_CANNON,SPK_FATIH,1.5,126.0,955.6,-15.6,0.9,0.0,2.5
D38O_R_04,SPK_PATROL,1.5,225.4,1985.9,-21.7,0.6,1.9,0.9
D3_H_SWEEP_1,SPK_HIKMET,1.5,304.8,2273.2,-23.9,0.8,0.0,2.5
D6A_C_01,SPK_CANDARLI,1.5,273.5,1988.7,-23.5,1.5,1.4,0.8
MG_HAG_WINE_OPEN,SPK_WINE,1.5,200.0,1349.9,-18.3,0.8,1.0,2.5
REACT_TAILOR_BOOK,SPK_TAILOR,1.5,264.5,2280.7,-19.7,0.2,1.9,0.7
D11_T_04_GOAT,SPK_TOLGA,1.5,238.8,1767.1,-20.8,1.5,0.8,0.1
D12_T_KEY_C,SPK_TOLGA,1.5,238.8,1779.2,-20.8,1.5,0.9,0.1
D17_T_SIDE_O_NEW,SPK_TOLGA,1.5,144.1,1080.9,-21.3,0.7,1.9,0.1
D29_T_END,SPK_TOLGA,1.5,238.8,1436.6,-19.7,1.5,0.5,0.6
D31O_T_04,SPK_TOLGA,1.5,238.8,1731.8,-17.9,1.5,0.7,1.5
D35O_T_01,SPK_TOLGA,1.5,238.8,1600.4,-21.7,1.5,0.2,0.3
D38O_T_02,SPK_TOLGA,1.5,238.8,1346.9,-17.7,1.5,0.8,1.6
D4B_N_THROW_CHICKEN_1,SPK_NIKO,1.5,347.8,2246.2,-22.5,1.5,0.0,1.9
D8_H_FAIL_LATE,SPK_HIKMET,1.5,320.0,1928.0,-18.6,0.0,1.9,1.0
D9_T_MINER_Q,SPK_TOLGA,1.5,161.6,2040.8,-22.8,0.3,1.9,0.8
NPC_CALLIGRAPHER_1,SPK_CALLIGRAPHER,1.5,79.0,1498.6,-18.6,0.8,1.9,0.4
REACT_FISHMONGER_TAPE,SPK_FISHMONGER,1.5,372.1,2570.8,-21.6,0.0,1.9,0.3
D18_U_END,SPK_USTA,1.5,235.3,1264.2,-21.9,0.9,1.9,0.4
D24O_S_2_SCIENCE,SPK_SOLDIER,1.5,119.4,1566.0,-25.2,1.0,0.8,2.5
D26_G_LAST_WAVE,SPK_GIUST,1.5,244.3,1956.1,-20.2,1.5,1.1,1.9
D32O_TP_HIT_1,SPK_TOPCU,1.5,347.8,1973.4,-21.0,1.4,0.4,2.5
D10B_T_RADIO_2,SPK_TOLGA,1.5,210.5,1509.5,-15.9,0.8,0.2,2.5
D21O_T_LISTEN_FIRST,SPK_TOLGA,1.5,142.9,1558.1,-26.2,0.7,0.0,2.5
D6A_T_RING,SPK_TOLGA,1.5,155.3,1538.9,-26.2,0.4,0.1,2.5
D_GAL_NOTARY,SPK_NOTARY,1.5,216.2,1187.3,-20.0,1.5,0.3,0.1
REACT_DOUBLE_PHONE,SPK_DOUBLE,1.5,275.9,2197.1,-20.0,1.2,1.9,0.2
D21_G_TUNNEL,SPK_GRANT,1.5,102.2,970.5,-25.4,1.5,0.1,2.4
D30_D_DUEL,SPK_DEFENDER,1.5,372.1,2143.6,-21.8,1.5,0.7,1.4
D9_THEO_AGAIN,SPK_THEODOROS,1.5,101.9,2022.4,-23.6,0.2,1.8,0.2
D9_T_H2_GUN,SPK_TOLGA,1.5,207.8,2031.2,-20.8,0.8,1.8,0.1
HIKMET_ITEM_THERMOS,SPK_HIKMET,1.5,301.9,1936.1,-18.5,0.9,1.8,1.1
D10Z_T_YES,SPK_TOLGA,1.5,148.1,1683.6,-26.2,0.6,0.5,2.4
D1_H_KICK_STRONG,SPK_HIKMET,1.5,340.4,1939.1,-16.8,1.1,1.8,2.2
D20_N_END,SPK_NIHAT,1.5,167.5,1361.4,-21.3,0.2,1.8,0.5
D21O_T_FACE,SPK_TOLGA,1.5,133.3,1462.7,-26.2,0.9,0.4,2.4
D28O_T_END,SPK_TOLGA,1.5,210.5,2029.4,-20.1,0.8,1.8,0.5
D32O_AZ_HALF,SPK_AZAP,1.5,135.6,1777.3,-21.2,0.8,0.2,2.4
D33O_T_REFUSE,SPK_TOLGA,1.5,163.3,2025.6,-19.6,0.2,1.8,0.7
D3_N_12,SPK_NIHAT,1.5,127.5,1355.4,-22.7,1.5,1.7,0.4
D3_N_TRACE_PARTIAL,SPK_NIHAT,1.5,140.4,1361.2,-23.0,0.9,1.8,0.7
D4A_ITEM_PHONE_3,SPK_HASAN,1.5,333.3,2133.3,-21.2,1.5,1.6,1.0
D9_LUTFI_YES,SPK_LUTFI,1.5,183.9,1250.8,-21.8,1.5,0.2,0.1
D9_T_THEO_4,SPK_TOLGA,1.5,237.1,1805.5,-21.1,1.5,1.0,0.0
NPC_KID_THANKS_2,SPK_KID,1.5,283.2,1090.6,-22.4,0.5,1.8,0.9
REACT_GIUST_PHONE,SPK_GIUST,1.5,202.5,1796.9,-22.6,1.0,1.8,0.3
D10O_A_Q2_LIE,SPK_AGA,1.4,355.6,1840.3,-18.2,1.1,0.2,2.4
D10Z_H_FIRE,SPK_HIKMET,1.4,347.8,2152.2,-21.2,1.4,0.7,0.8
D12_T_KEY_HMM,SPK_TOLGA,1.4,115.5,1234.8,-26.2,1.4,1.3,2.4
D13_H_TOG_1,SPK_HIKMET,1.4,347.8,2329.2,-18.7,1.4,0.3,0.9
D13_U3_03,SPK_URBAN,1.4,347.8,2017.8,-19.4,1.4,0.4,0.3
D15_G_W11,SPK_HIKMET,1.4,347.8,2200.4,-18.4,1.4,0.4,1.1
D17_TR_02,SPK_TREVISANO,1.4,178.8,2478.7,-27.9,1.4,0.7,1.8
D18B_G_HIT_2,SPK_HASAN,1.4,326.5,2165.0,-20.8,1.3,1.8,1.2
D1P_H_08,SPK_HIKMET,1.4,347.8,2307.8,-19.9,1.4,0.2,0.1
D1_H_12,SPK_HIKMET,1.4,347.8,2592.1,-18.7,1.4,1.7,1.0
D1_H_KICK_WEAK,SPK_HIKMET,1.4,347.8,2220.1,-19.3,1.4,0.3,0.6
D20O_U_COOL,SPK_URBAN,1.4,347.8,2150.4,-18.9,1.4,0.7,0.7
D20O_U_MORE,SPK_URBAN,1.4,347.8,2011.2,-20.4,1.4,0.5,0.3
D20O_U_NAME_GONE,SPK_URBAN,1.4,347.8,2069.3,-21.1,1.4,0.0,0.8
D26_S_WATER_2,SPK_SOLDIER,1.4,135.6,2068.5,-24.9,0.8,0.4,2.4
D2_H_SWIM_BOAT_2,SPK_HIKMET,1.4,347.8,2482.0,-16.7,1.4,1.1,2.2
D34O_U_TILT,SPK_URBAN,1.4,347.8,1978.8,-18.2,1.4,0.7,1.1
D35O_U_FREE,SPK_URBAN,1.4,347.8,2081.2,-18.8,1.4,0.1,0.7
D35O_U_TIGHT,SPK_URBAN,1.4,347.8,2050.2,-16.5,1.4,0.1,2.2
D3_H_RADIO_2,SPK_HIKMET,1.4,347.8,2319.4,-19.9,1.4,0.2,0.1
D5_H_END,SPK_HIKMET,1.4,347.8,2409.0,-18.6,1.4,0.7,1.0
D5_H_FOUND_CALENDAR,SPK_HIKMET,1.4,347.8,2526.4,-20.4,1.4,1.3,0.2
D6_URBAN_LIGHTER,SPK_URBAN,1.4,347.8,1979.0,-19.7,1.4,0.7,0.1
D9_P_NO,SPK_PASHA,1.4,106.7,981.1,-21.5,1.4,0.5,0.2
EV_COUNCIL_2,SPK_ISIDORE,1.4,93.6,1597.4,-22.7,0.0,1.8,0.7
EV_ENVOY_5,SPK_URBAN,1.4,347.8,2159.1,-20.6,1.4,0.7,0.4
REACT_FATIH_POWERBANK,SPK_FATIH,1.4,124.0,1117.7,-21.4,0.8,1.8,0.3
D26O_L_BANNER,SPK_SOLDIER,1.4,313.7,2224.6,-15.9,1.4,0.8,0.5
D3_M_07,SPK_MUFIDE,1.4,262.3,1460.7,-21.7,0.7,1.8,0.3
D4A_HA_END,SPK_HASAN,1.4,323.3,1830.5,-18.7,1.2,0.1,2.4
D10B_F_B3_4,SPK_FATIH,1.4,122.6,794.0,-19.5,0.7,1.8,0.6
D10B_U_POWDER_1,SPK_URBAN,1.4,307.7,1845.3,-21.1,0.6,1.8,0.8
D11_N_H_GUN,SPK_NIHAT,1.4,171.2,1095.4,-23.2,0.3,1.8,0.8
D11_T_02,SPK_TOLGA,1.4,174.9,1100.6,-21.9,0.0,1.8,0.4
D32O_TP_NAME_4,SPK_TOPCU,1.4,313.7,1808.1,-25.5,0.3,1.8,0.1
D39O_T_05,SPK_TOLGA,1.4,152.4,1100.2,-21.3,0.5,1.8,0.1
REACT_EMPEROR_THERMOS,SPK_EMPEROR,1.4,99.4,1513.2,-26.0,0.5,1.8,1.3
D10G_T_TO_FATIH,SPK_TOLGA,1.4,235.3,1308.4,-18.7,1.4,1.0,1.1
D13_T3_02,SPK_TOLGA,1.4,235.3,1380.0,-18.1,1.4,0.7,1.4
D14_T_W3,SPK_TOLGA,1.4,235.3,1537.2,-19.0,1.4,0.1,1.0
D17_T_POLICY,SPK_TOLGA,1.4,235.3,1545.2,-21.7,1.4,0.1,0.3
D19O_T_BACK,SPK_TOLGA,1.4,235.3,1812.0,-19.4,1.4,1.0,0.8
D20O_N_END,SPK_NIHAT,1.4,155.3,1357.6,-23.3,0.3,1.8,0.9
D21_T_Q1_A,SPK_TOLGA,1.4,156.9,1103.5,-23.2,0.4,1.8,1.0
D6_URBAN_CHICKPEAS,SPK_URBAN,1.4,320.0,1982.0,-23.5,0.0,0.7,2.4
D7_NIKO_CELL,SPK_NIKO,1.4,285.7,2348.5,-28.9,0.9,0.7,2.4
D10G_W_2,SPK_WINE,1.4,228.6,1373.2,-22.0,1.4,1.2,0.0
D37O_AB_06,SPK_AZAPBASI,1.4,256.0,1546.8,-23.7,0.9,1.8,1.5
D6B_N_DUNGEON,SPK_NIKO,1.4,290.9,2512.9,-25.8,0.7,1.8,0.3
D8_C_TEA_OFFER,SPK_CEMIL,1.4,285.7,1498.0,-19.5,1.4,0.1,0.6
D8_H_LIST_HEIST,SPK_HIKMET,1.4,307.7,1950.8,-22.9,0.6,1.8,1.9
HIKMET_ITEM_SELFIE,SPK_HIKMET,1.4,320.0,2607.0,-20.6,0.0,1.8,0.3
D12_N_03,SPK_NIHAT,1.4,197.5,1207.4,-24.3,1.4,0.3,1.5
D15_Y_T_03,SPK_TOLGA,1.4,156.9,1744.9,-26.0,0.4,0.7,2.3
D17_N_SIDE,SPK_NIHAT,1.4,197.5,1321.7,-23.4,1.4,1.3,0.9
D21_K_TELL,SPK_KASIM,1.4,103.9,1572.7,-30.7,1.4,1.4,1.4
D26O_T_WALL,SPK_TOLGA,1.4,200.0,2009.5,-21.7,0.6,1.8,0.3
D4A_HU_FEZ_3,SPK_HUSEYIN,1.4,197.5,1420.0,-17.4,1.4,0.9,1.3
D7_N_TRACE_TENT_COLOGNE,SPK_NIHAT,1.4,197.5,1235.0,-22.9,1.4,0.1,0.6
REACT_PAINTER_CHICKPEAS,SPK_PAINTER,1.4,93.0,1426.1,-24.9,0.5,1.8,0.4
D10B_T_TAPE_Q,SPK_TOLGA,1.4,136.8,1112.9,-21.7,0.9,1.7,0.3
D16_H_GONE,SPK_HASAN,1.4,326.5,2151.3,-22.4,1.3,1.7,0.3
D17_TR_HIT,SPK_TREVISANO,1.4,296.3,2253.3,-18.7,1.4,0.5,0.8
D17_T_SIDE_O_NEW_NOFEZ,SPK_TOLGA,1.4,156.9,1113.1,-20.8,0.4,1.7,0.1
D26O_H_BACK,SPK_HASAN,1.4,211.9,1642.1,-26.0,1.4,0.8,1.7
D26_T_HONEST,SPK_TOLGA,1.4,128.0,1516.1,-25.9,1.1,0.2,2.3
D5_V_2,SPK_VAN,1.4,296.3,1708.1,-24.3,1.4,0.3,0.7
ITEM_SELF_THERMOS,SPK_TOLGA,1.4,126.0,1246.6,-25.9,1.1,1.2,2.3
MG_ARC_H_OPEN,SPK_HASAN,1.4,217.7,1462.5,-24.4,1.2,1.7,0.8
D10G_W_AGAIN,SPK_WINE,1.4,192.8,1212.9,-23.9,1.4,0.0,1.3
D21O_D_COLLAPSE,SPK_MINER,1.4,235.3,1843.6,-19.4,0.2,1.7,0.5
D22_G_SOAKED,SPK_GIUST,1.4,242.4,2260.7,-21.1,1.4,0.4,1.3
D25_I_1,SPK_ISIDORE,1.4,86.3,1149.4,-21.0,1.3,1.7,0.4
D26_G_WAVE1,SPK_GIUST,1.4,242.4,2005.9,-21.3,1.4,0.8,1.2
D27_B_1,SPK_BRIG,1.4,140.4,1416.9,-19.6,1.4,1.3,0.1
D38O_S_BRACE_OK,SPK_SAILOR,1.4,367.9,2595.3,-22.6,1.4,1.4,0.5
D39O_T_DOOR_BROKE,SPK_TOLGA,1.4,233.6,1403.1,-19.1,1.4,0.6,0.9
D6_LUTFI_LIGHTER,SPK_LUTFI,1.4,118.5,1314.5,-25.7,1.4,0.7,1.7
MG_HAG_NIKO_LOSE,SPK_NIKO,1.4,307.7,1994.8,-24.5,0.1,1.7,0.6
QUEST_KITCHEN_DONE,SPK_TOLGA,1.4,161.6,1117.7,-21.3,0.3,1.7,0.1
REACT_NIKO_COLOGNE,SPK_NIKO,1.4,307.7,2505.8,-26.0,0.1,1.7,0.4
D10H_T_G_WARN,SPK_TOLGA,1.4,166.7,1997.5,-22.0,0.2,1.7,0.4
D13_W4_4,SPK_HIKMET,1.4,293.6,2295.8,-17.6,1.4,0.1,1.7
D15_R_T_6,SPK_TOLGA,1.4,137.9,1809.1,-25.9,0.8,1.0,2.3
D17_TR_01,SPK_TREVISANO,1.4,228.6,2026.3,-23.9,0.2,1.7,0.7
D18_HU_01,SPK_HUSEYIN,1.4,172.0,1517.3,-20.6,0.2,1.7,0.8
D24O_S_1_JOKE,SPK_SOLDIER,1.4,307.7,2306.7,-16.0,1.4,1.0,0.5
D33O_S_LADDER,SPK_SOLDIER,1.4,307.7,2169.0,-15.7,1.4,0.7,0.6
EV_COUNCIL_6,SPK_ISIDORE,1.4,101.3,1282.1,-23.0,1.4,0.7,0.9
REACT_KADRI_POWERBANK,SPK_KADRI,1.4,293.6,2182.9,-25.8,1.4,1.0,0.8
REACT_NOTARY_THERMOS,SPK_NOTARY,1.4,213.3,1381.4,-17.9,1.4,0.8,1.0
D15_O_DOCS_2,SPK_MANAGER,1.4,219.2,1695.2,-20.0,1.4,0.4,1.2
D15_Y_F_03,SPK_AGENCY,1.4,280.8,1445.7,-22.3,1.4,0.6,0.1
D19_NK_01,SPK_NIKO,1.4,344.1,2457.4,-23.4,1.4,1.4,1.3
D27_Z_02,SPK_ZAGANOS,1.4,111.9,1018.3,-19.2,1.4,0.2,0.2
D2_H_SWIM_BOAT,SPK_HIKMET,1.4,333.3,2383.3,-16.7,0.7,0.6,2.3
D37O_T_HIT,SPK_TOLGA,1.4,115.1,1549.7,-25.7,1.4,0.0,2.2
D3_N_23,SPK_NIHAT,1.4,130.1,1196.2,-21.5,1.4,0.4,0.4
D4A_ITEM_CHICKPEAS_1,SPK_HASAN,1.4,213.3,1527.3,-25.3,1.4,1.4,1.3
D7_HASAN_HELLO,SPK_HASAN,1.4,307.7,2143.9,-22.3,0.9,1.7,0.4
D7_N_TEA,SPK_NIHAT,1.4,153.8,1352.4,-23.0,0.4,1.7,0.7
REACT_HIKMET_THERMOS,SPK_HIKMET,1.4,304.8,2167.6,-23.5,0.8,0.6,2.3
D10G_T_MISSED_2,SPK_TOLGA,1.4,115.5,1624.6,-24.5,1.4,0.2,1.6
D11_M_LOST,SPK_MUFIDE,1.4,242.4,1115.3,-23.1,0.6,1.7,0.6
D12_F_ITEM_TAPE,SPK_FATIH,1.4,97.6,897.5,-23.1,1.4,0.6,1.1
D14_N_W4,SPK_NIHAT,1.4,196.3,1203.3,-22.4,1.4,0.3,0.3
D28O_T_STAKES,SPK_TOLGA,1.4,141.6,1125.2,-21.2,0.8,1.7,0.0
D29_C_02,SPK_CATTANEO,1.4,222.2,2180.9,-24.5,0.8,1.1,2.2
D33O_FZ_WARN,SPK_FIRUZ,1.4,372.1,1859.2,-20.3,1.4,0.1,0.7
D34O_HR_01,SPK_HERALD,1.4,153.8,1842.9,-19.7,1.4,0.0,0.3
D39O_TW_POINT,SPK_TOWNSMAN,1.4,136.8,1515.2,-19.0,0.0,1.7,0.2
D4B_NIKO_CHICKPEAS,SPK_NIKO,1.4,329.9,2501.2,-24.1,0.8,1.7,0.8
D7_HUSEYIN_FAN_CUBE,SPK_HUSEYIN,1.4,196.4,1307.1,-21.7,1.4,0.0,1.5
D10B_F_B3_1,SPK_FATIH,1.3,112.7,1063.1,-16.2,0.1,1.2,2.2
D10H_T_RENT,SPK_TOLGA,1.3,231.9,1354.8,-19.1,1.3,0.8,0.9
D11_N_ITEM_THERMOS,SPK_NIHAT,1.3,145.5,1104.1,-20.3,0.7,1.7,1.1
D11_T_BURIED,SPK_TOLGA,1.3,182.9,1128.6,-17.7,0.2,1.7,1.6
D13_H3_TUNE,SPK_HIKMET,1.3,320.0,2591.5,-19.5,0.0,1.7,0.4
D13_W4_1,SPK_HIKMET,1.3,313.7,1966.1,-19.8,0.3,1.7,0.2
D17O_T_POUR_2,SPK_TOLGA,1.3,231.9,1962.1,-21.1,1.3,1.6,0.0
D19O_T_WISH,SPK_TOLGA,1.3,231.9,1690.2,-18.4,1.3,0.5,1.3
D21_T_01,SPK_TOLGA,1.3,191.6,1129.5,-19.5,0.4,1.7,0.8
D23_T_2_ADD,SPK_TOLGA,1.3,231.9,1466.1,-19.8,1.3,0.4,0.6
D23_T_2_TRUE,SPK_TOLGA,1.3,231.9,1590.9,-19.9,1.3,0.1,0.6
D24O_T_ECLIPSE_AGAIN,SPK_TOLGA,1.3,231.9,1678.6,-20.1,1.3,0.5,0.5
D32O_H_02,SPK_HASAN,1.3,222.2,1476.3,-23.4,1.1,1.7,0.2
D33O_G_HASTE,SPK_GENOESE,1.3,181.8,1807.7,-19.0,1.3,1.5,0.2
D37O_T_U2,SPK_TOLGA,1.3,231.9,1892.5,-20.2,1.3,1.3,0.4
D38O_T_01,SPK_TOLGA,1.3,231.9,1704.8,-23.4,1.3,0.6,1.1
D39O_T_TEZ_SULTAN,SPK_TOLGA,1.3,231.9,1481.8,-18.4,1.3,0.3,1.2
D8_C_PAY_NOTAPE,SPK_CEMIL,1.3,231.9,1362.0,-22.2,1.3,0.8,0.9
D9_T_URBAN_Q,SPK_TOLGA,1.3,231.9,1772.9,-21.8,1.3,0.8,0.3
REACT_GIUST_TAPE,SPK_GIUST,1.3,222.2,1826.7,-24.1,0.2,1.7,0.7
D10B_F_B2_1,SPK_FATIH,1.3,97.9,871.5,-23.0,1.3,0.9,1.1
D10G_C_MISSED,SPK_CAPTAIN,1.3,252.0,1753.0,-15.1,0.2,1.3,2.2
D10Z_K_THERMOS_SAVE,SPK_KADRI,1.3,326.5,2292.2,-25.2,0.3,1.7,0.5
D15_S7_YH_1,SPK_HIKMET,1.3,333.3,2587.0,-21.7,0.7,1.7,1.0
D19O_R_TELL,SPK_PATROL,1.3,235.3,2035.8,-19.5,0.0,1.7,0.2
D32O_TL_03,SPK_HERALD,1.3,213.3,1651.3,-16.8,0.1,1.7,0.8
D9_HA_CUBE_BACK,SPK_HASAN,1.3,250.0,1478.2,-25.4,0.5,1.7,1.4
D25O_T_1,SPK_TOLGA,1.3,139.1,1137.4,-23.5,0.8,1.6,1.1
D26O_S_WATER_2,SPK_SOLDIER,1.3,146.8,2035.2,-24.3,0.7,0.3,2.2
D32O_AZ_GREEKFIRE,SPK_AZAP,1.3,340.4,2360.5,-15.4,1.3,1.4,0.6
D32O_TP_END_OK,SPK_TOPCU,1.3,326.5,2226.8,-23.5,0.3,1.6,1.0
D3_H_END_32,SPK_HIKMET,1.3,307.7,1970.2,-21.8,0.6,1.6,1.1
D7_N_EAVES,SPK_NIHAT,1.3,161.6,1348.8,-23.2,0.1,1.6,0.8
HIKMET_ITEM_LIGHTER,SPK_HIKMET,1.3,313.7,2180.7,-23.4,0.3,0.5,2.2
ITEM_SELF_CHICKPEAS,SPK_TOLGA,1.3,135.6,1982.2,-24.4,0.9,1.6,1.6
REACT_KADRI_REPLAY_1,SPK_KADRI,1.3,320.0,2291.0,-24.4,0.0,1.6,0.0
D10O_A_TIMEOUT,SPK_AGA,1.3,359.6,1820.7,-18.9,1.3,0.0,1.9
D12_F_KEY_SILENT,SPK_FATIH,1.3,98.2,928.2,-22.4,1.3,0.3,0.8
D17_N_07O,SPK_NIHAT,1.3,195.4,1299.1,-23.0,1.3,1.0,0.7
D1_T_MIRROR,SPK_TOLGA,1.3,132.8,1186.1,-25.7,0.9,1.5,2.2
D20O_U_COOLED,SPK_URBAN,1.3,333.3,2271.4,-19.9,0.7,1.6,0.0
D21_G_Q2,SPK_GRANT,1.3,126.0,1051.3,-16.0,0.7,0.9,2.2
D24_NK_SAVED,SPK_NIKO,1.3,301.9,2006.5,-25.5,0.3,1.6,0.1
D26_T_01,SPK_TOLGA,1.3,142.9,1227.6,-25.7,0.7,1.3,2.2
D3_N_TRACE_BONUS,SPK_NIHAT,1.3,131.1,1160.8,-22.4,1.3,0.9,0.3
D4B_N_THROW_CHICKEN_4,SPK_NIKO,1.3,333.3,2494.2,-25.1,0.9,1.6,0.1
D5_H_SEAL,SPK_HIKMET,1.3,307.7,2354.2,-16.8,0.6,0.4,2.2
D7_N_TRACE_OTAG,SPK_NIHAT,1.3,131.1,1250.6,-22.3,1.3,0.3,0.2
D11_N_WALL,SPK_NIHAT,1.3,148.8,1107.5,-21.6,0.6,1.6,0.2
D14_T_W1,SPK_TOLGA,1.3,230.2,1850.6,-21.0,1.3,1.1,0.0
D19_C_01,SPK_BRIG,1.3,139.1,1170.0,-18.7,1.3,0.4,0.7
D26_N_PHONE_BACK,SPK_NIHAT,1.3,156.9,1108.3,-20.3,0.3,1.6,1.1
D27_T_B_FLEE,SPK_TOLGA,1.3,230.2,1825.8,-18.4,1.3,1.0,1.3
D2_S_06,SPK_SOLDIER,1.3,285.7,2542.7,-16.4,1.1,1.6,0.3
D37O_N_PHOTO,SPK_NIHAT,1.3,143.5,1108.1,-22.9,0.8,1.6,0.6
D4A_ITEM_BOOK_4,SPK_HUSEYIN,1.3,195.4,1111.2,-19.4,1.3,1.6,0.0
D4B_NIKO_BOOK,SPK_NIKO,1.3,301.9,2008.8,-25.9,0.3,1.6,0.4
D7_EAVES_NIKO_CELL_CASUS,SPK_NIKO,1.3,275.9,2036.6,-26.0,1.3,1.4,0.4
D7_LUTFI_TRUTH_A,SPK_LUTFI,1.3,120.3,1067.5,-23.2,1.3,1.3,0.5
D8_T_RADIO_A,SPK_TOLGA,1.3,230.2,1573.9,-19.7,1.3,0.1,0.7
REACT_GUARDS_CHICKPEAS,SPK_HASAN,1.3,235.3,1486.1,-23.3,0.8,1.6,0.1
REACT_MINER_CHICKPEAS,SPK_MINER,1.3,213.3,2269.7,-21.6,1.3,0.1,0.8
REACT_MINER_POWERBANK,SPK_MINER,1.3,250.0,2701.4,-19.7,1.3,1.6,0.3
D10A_TH_03,SPK_THEODOROS,1.3,87.0,1804.5,-22.5,1.3,0.7,0.3
D12_END_12_1_2,SPK_TOLGA,1.3,125.0,1607.0,-25.6,1.1,0.2,2.1
D12_F_FRANK,SPK_FATIH,1.3,112.7,809.9,-20.8,0.1,1.6,0.0
D12_F_ITEM_PHONE,SPK_FATIH,1.3,118.5,809.5,-22.5,0.3,1.6,0.8
D25_T_AYA,SPK_TOLGA,1.3,156.9,1146.4,-22.1,0.4,1.6,0.5
D34O_S_CRANK,SPK_SOLDIER,1.3,301.9,2496.5,-15.2,1.3,1.5,0.7
D37O_AB_PULL_3,SPK_AZAPBASI,1.3,376.5,2377.5,-20.3,1.0,1.6,0.1
D38O_R_SNAP,SPK_PATROL,1.3,256.0,2536.9,-18.5,1.3,0.7,0.7
D3_R_KIT_3,SPK_RIZA,1.3,237.1,2452.4,-22.8,0.2,0.4,2.1
D4A_HU_END,SPK_HUSEYIN,1.3,195.2,1403.4,-17.8,1.3,0.8,1.0
D5_H_TUNE,SPK_HIKMET,1.3,313.7,1979.0,-23.2,0.3,1.6,2.0
D7_HASAN_TEA,SPK_HASAN,1.3,238.8,1487.2,-22.6,0.8,1.6,0.2
D9_KADRI_BUSY,SPK_KADRI,1.3,307.7,2284.2,-27.8,0.6,1.6,2.0
REACT_KADRI_CHICKPEAS,SPK_KADRI,1.3,313.7,1861.7,-20.9,0.3,1.0,2.1
REACT_NOTARY_LIGHTER,SPK_NOTARY,1.3,148.1,1071.8,-22.1,1.3,0.9,0.8
REACT_PASHA_PHONE,SPK_PASHA,1.3,129.0,1287.4,-23.0,1.3,1.5,0.8
D10G_N_1,SPK_NOTARY,1.3,181.9,1015.6,-25.2,0.1,1.2,2.1
D10O_A_ITEM_BOOK,SPK_AGA,1.3,307.7,1787.4,-21.4,1.3,0.3,0.3
D10O_A_ITEM_POWERBANK,SPK_AGA,1.3,307.7,1779.2,-23.3,1.3,0.3,1.0
D12B_K_DONE_1,SPK_EMPEROR,1.3,111.1,1117.3,-20.7,1.3,0.2,0.6
D15_N_N4,SPK_MUFIDE,1.3,242.4,1179.0,-25.4,0.6,1.0,2.1
D1_H_DEMO_1,SPK_HIKMET,1.3,320.0,2575.5,-19.9,0.0,1.6,0.1
D21O_T_COUGH,SPK_TOLGA,1.3,121.2,1289.6,-25.6,1.2,1.1,2.1
D26_G_DUCK_WARNED,SPK_GIUST,1.3,197.5,2451.8,-24.4,1.3,1.3,0.9
D26_S_AXE,SPK_SOLDIER,1.3,153.1,1853.5,-24.1,0.6,0.1,2.1
D37O_AB_01,SPK_AZAPBASI,1.3,238.8,1814.4,-25.0,1.2,0.7,2.1
D3_N_LIFT_EARLY,SPK_NIHAT,1.3,173.9,1109.1,-20.6,0.4,1.6,0.9
D7_LUTFI_AGAIN,SPK_LUTFI,1.3,179.8,1134.7,-23.1,1.3,0.7,0.5
REACT_AGA_SELFIE,SPK_AGA,1.3,307.7,1825.1,-22.5,1.3,0.1,0.4
REACT_AGA_THERMOS,SPK_AGA,1.3,307.7,1783.1,-21.4,1.3,0.3,0.3
REACT_KID_COLOGNE,SPK_KID,1.3,307.7,1165.5,-18.7,1.3,1.0,0.8
D10B_T_CAST_SPILL,SPK_TOLGA,1.3,228.6,1640.6,-19.6,1.3,0.3,0.7
D10B_U_B3_1,SPK_URBAN,1.3,307.7,2130.8,-23.1,0.6,0.5,2.1
D10H_T_RADIO_SAVE_HELP,SPK_TOLGA,1.3,228.6,1592.9,-19.1,1.3,0.1,1.0
D10H_T_RADIO_SHAME,SPK_TOLGA,1.3,228.6,1688.5,-20.2,1.3,0.5,0.4
D10O_T_CAMELEER_ASK,SPK_TOLGA,1.3,228.6,1333.3,-19.4,1.3,0.9,0.8
D11_T_04_HEN,SPK_TOLGA,1.3,168.4,1151.7,-19.7,0.1,1.6,0.6
D11_T_EAVES_ALT,SPK_TOLGA,1.3,228.6,1737.9,-19.5,1.3,0.7,0.8
D12B_T_YEAR,SPK_TOLGA,1.3,228.6,1854.7,-21.4,1.3,1.1,0.1
D15_S_W10,SPK_TOLGA,1.3,228.6,1555.6,-18.2,1.3,0.0,1.4
D1_T_24,SPK_TOLGA,1.3,225.4,1966.3,-17.9,1.2,1.6,1.5
D21_T_MAP,SPK_TOLGA,1.3,228.6,1542.7,-19.9,1.3,0.1,0.6
D23_I_2_TRUE,SPK_ISMAIL,1.3,105.6,999.6,-22.1,1.3,0.0,0.7
D26O_H_02,SPK_HASAN,1.3,228.6,1614.1,-26.8,1.0,1.0,2.1
D26_T_LIGHTER_BACK,SPK_TOLGA,1.3,141.6,1151.2,-22.3,0.8,1.6,0.6
D30O_Z_END,SPK_ZAGANOS,1.3,127.0,1090.0,-25.0,0.0,1.3,2.1
D33O_T_01,SPK_TOLGA,1.3,228.6,1647.8,-17.9,1.3,0.3,1.5
D39O_T_02,SPK_TOLGA,1.3,228.6,1882.9,-19.1,1.3,1.3,0.9
D39O_T_03,SPK_TOLGA,1.3,228.6,1476.1,-21.8,1.3,0.3,0.4
D4B_NIKO_POWERBANK,SPK_NIKO,1.3,333.3,2013.7,-23.5,0.9,1.6,1.2
D6B_T_LETTER,SPK_TOLGA,1.3,163.3,1150.4,-22.2,0.2,1.6,0.5
D6_LUTFI_ASK,SPK_LUTFI,1.3,127.0,1362.3,-26.6,1.0,1.1,2.1
D9_THEO_OPEN,SPK_THEODOROS,1.3,105.3,1377.8,-25.6,0.6,1.6,1.2
D9_T_GALATA,SPK_TOLGA,1.3,228.6,1851.7,-19.3,1.3,1.1,0.8
D9_T_GATE_BYZ,SPK_TOLGA,1.3,135.6,1152.4,-22.7,0.9,1.6,0.8
MG_MAN_E_WIN,SPK_EMPEROR,1.3,94.4,908.6,-21.5,1.3,1.2,0.3
D10A_TH_DONE_MESSY,SPK_THEODOROS,1.3,98.8,1381.8,-22.5,0.1,1.6,0.3
D10H_K_FRANK_3,SPK_EMPEROR,1.3,109.6,1470.5,-26.5,1.0,1.6,1.5
D10H_L_FIXED_1,SPK_LUTFI,1.3,177.8,1420.9,-21.6,1.2,1.6,0.2
D10H_TH_HELP,SPK_THEODOROS,1.3,95.2,1972.5,-24.5,0.5,1.6,0.6
D10L_D_01,SPK_MINER,1.3,250.0,2470.6,-18.4,1.3,0.7,1.1
D10L_D_03,SPK_MINER,1.3,228.6,1881.6,-20.6,0.2,1.6,0.2
D10L_D_CANDLE,SPK_MINER,1.3,250.0,2385.6,-17.1,1.3,0.4,1.9
D14_M_SEEN,SPK_MUFIDE,1.3,271.2,1257.4,-22.0,1.3,0.2,0.1
D15_S_W11,SPK_TOLGA,1.3,146.8,1157.0,-22.0,0.6,1.6,0.5
D20O_U_END_HOLD,SPK_URBAN,1.3,344.1,2022.0,-21.2,1.3,0.4,0.9
D29O_T_GUN_BAD,SPK_TOLGA,1.3,202.5,1157.6,-19.0,0.7,1.6,1.0
D29_C_FIRE,SPK_CATTANEO,1.3,246.2,2106.4,-20.3,0.3,1.6,0.5
D30O_D_EMPEROR,SPK_DEFENDER,1.3,355.6,2493.4,-23.8,0.7,1.6,0.1
D31O_K_CATCH,SPK_KADRI,1.3,320.0,1772.2,-23.3,0.0,1.6,0.7
D33O_FZ_BOAT,SPK_FIRUZ,1.3,326.5,1675.9,-23.4,0.8,1.6,1.3
D3_M_IDLE,SPK_MUFIDE,1.3,271.2,1215.4,-20.1,1.3,0.7,1.4
D4A_T_WIN_TAPE,SPK_TOLGA,1.3,119.4,1201.9,-23.0,1.3,1.4,0.9
D6B_G_INSURANCE,SPK_GIUST,1.3,210.5,2518.8,-23.3,0.5,1.6,0.1
D6_LUTFI_SELFIE,SPK_LUTFI,1.3,121.2,1110.6,-24.3,1.3,0.9,1.1
MG_ARC_H_BULL_1,SPK_HASAN,1.3,301.9,2119.6,-21.8,0.7,1.6,0.7
NPC_CROWD_GAL_6,SPK_GENOESE,1.3,131.1,1237.4,-21.0,1.2,1.6,1.5
D10Z_K_SOUP_OK_1,SPK_KADRI,1.2,313.7,1775.0,-23.5,0.3,1.6,0.6
D12_F_TEZKIRE_HIKMET,SPK_FATIH,1.2,124.0,1095.2,-18.8,0.8,1.6,0.9
D15_R_T_7,SPK_TOLGA,1.2,119.9,1928.1,-24.7,1.2,1.4,1.7
D15_S_FIXED,SPK_TOLGA,1.2,150.9,1961.0,-24.6,0.5,1.6,1.7
D20_T_DROP_3,SPK_TOLGA,1.2,139.1,1788.9,-25.5,0.8,0.9,2.1
D26O_H_DUEL,SPK_HIKMET,1.2,313.7,1988.7,-20.8,0.3,1.6,0.5
D26_MG_ASK,SPK_MANAGER,1.2,248.1,2192.4,-22.1,0.3,1.6,0.3
D27_Z_04,SPK_ZAGANOS,1.2,127.0,1107.3,-19.0,0.0,1.6,0.1
D35O_T_SWEPT,SPK_TOLGA,1.2,126.0,1160.5,-24.2,1.1,1.6,1.5
D9_T_B,SPK_TOLGA,1.2,197.5,1158.5,-21.9,0.6,1.6,0.4
ITEM_SELF_LIGHTER,SPK_TOLGA,1.2,197.5,1960.0,-20.4,0.6,1.6,0.3
REACT_FATIH_PHONE,SPK_FATIH,1.2,114.3,814.4,-21.5,0.0,1.6,0.4
D10G_C_TO_FATIH,SPK_CAPTAIN,1.2,235.3,1922.3,-21.8,0.8,0.2,2.1
D13_K_MISSED,SPK_KADRI,1.2,320.0,1776.4,-22.5,0.0,1.6,1.2
D18B_G_01,SPK_DEFENDER,1.2,313.7,2157.8,-24.3,1.2,0.6,0.2
D18B_G_02,SPK_DEFENDER,1.2,313.7,2297.3,-24.4,1.2,0.3,0.3
D18B_G_END_HIT,SPK_DEFENDER,1.2,313.7,2244.6,-25.9,1.2,0.1,1.3
D18_U_SECTION_2,SPK_USTA,1.2,290.9,1750.4,-21.9,1.2,0.6,0.4
D25_K_2,SPK_EMPEROR,1.2,98.2,1464.1,-24.3,0.7,1.6,0.7
D31O_DV_01,SPK_DERVISH,1.2,103.2,1641.2,-21.9,1.2,1.1,0.3
D32O_H_SIT,SPK_HASAN,1.2,222.2,1535.4,-26.7,1.1,1.4,2.1
D37O_AB_SLIP,SPK_AZAPBASI,1.2,355.6,2363.1,-19.7,0.7,1.6,0.4
D3_H_CONFESS_1,SPK_HIKMET,1.2,326.5,2567.7,-18.4,0.3,1.6,1.1
D6B_N_E_03,SPK_NIKO,1.2,278.3,2481.2,-26.0,1.2,1.6,0.4
D6B_T_DUNGEON_FIRST,SPK_TOLGA,1.2,120.3,1616.2,-24.0,1.2,0.2,1.4
D7_LUTFI_TRUTH_B,SPK_LUTFI,1.2,142.9,1034.7,-20.5,0.3,1.6,0.7
D8_A1_ENTER,SPK_AGENT1,1.2,313.7,1956.4,-22.8,0.0,1.6,0.2
SPK_AGENT2,SPK_AGENT1,1.2,271.9,1704.5,-24.0,1.2,0.8,0.7
D10B_U_NAME,SPK_URBAN,1.2,296.3,2065.2,-19.0,1.2,0.0,0.6
D10B_U_NAME_3,SPK_URBAN,1.2,296.3,1980.0,-21.2,1.2,0.7,0.9
D10L_T_CANDLE,SPK_TOLGA,1.2,126.0,1164.2,-23.8,1.1,1.5,1.3
D10O_A_Q2,SPK_AGA,1.2,347.8,1916.6,-18.8,0.7,0.9,2.0
D10Z_K_MAIN_OK_2,SPK_KADRI,1.2,326.5,1790.9,-21.0,0.3,1.5,2.0
D10Z_K_TASTE_RAW,SPK_KADRI,1.2,296.3,1881.9,-25.8,1.2,0.9,0.8
D12_END_12_6_1,SPK_FATIH,1.2,122.1,1093.3,-22.9,0.6,1.5,1.0
D13_H_OPEN_THANKS,SPK_HIKMET,1.2,296.3,2092.6,-18.8,1.2,1.0,0.9
D15_S7_YH_3,SPK_HIKMET,1.2,296.3,2274.0,-20.5,1.2,0.0,0.2
D15_S7_YH_5,SPK_HIKMET,1.2,296.3,2026.6,-18.2,1.2,1.4,1.3
D17O_A_OUT,SPK_TOPCU,1.2,296.3,1990.9,-25.2,1.2,0.3,0.0
D19O_R_PASS,SPK_PATROL,1.2,228.6,2718.4,-18.6,0.4,1.5,0.7
D1_H_02,SPK_HIKMET,1.2,296.3,2477.6,-21.2,1.2,1.1,0.8
D1_H_15,SPK_HIKMET,1.2,296.3,2456.6,-20.1,1.2,1.0,0.0
D24O_K_THERMOS,SPK_KADRI,1.2,296.3,2094.1,-27.1,1.2,0.4,1.6
D24O_T_TIED_2,SPK_TOLGA,1.2,227.0,1606.5,-19.8,1.2,0.2,0.6
D2_H_02,SPK_HIKMET,1.2,296.3,2131.2,-19.7,1.2,0.8,0.3
D31O_K_CAVEIN,SPK_KADRI,1.2,296.3,1925.0,-24.8,1.2,0.6,0.2
D4A_T_01M,SPK_TOLGA,1.2,148.8,1354.7,-25.4,0.6,0.8,2.0
D4A_T_DISHES,SPK_TOLGA,1.2,210.5,1953.4,-19.1,0.8,1.5,0.9
D5_H_DISMANTLE,SPK_HIKMET,1.2,296.3,2107.2,-18.5,1.2,0.9,1.1
D5_H_SPOT_CALENDAR,SPK_HIKMET,1.2,296.3,2343.5,-23.1,1.2,0.3,2.0
D6A_KADRI_KITCHEN,SPK_KADRI,1.2,296.3,2075.2,-25.0,1.2,0.3,0.3
D6_KADRI_LIGHTER,SPK_KADRI,1.2,296.3,1870.3,-22.8,1.2,1.0,1.0
D6_URBAN_TAPE,SPK_URBAN,1.2,296.3,2121.4,-20.9,1.2,0.4,0.7
D7_AWE_NIKO,SPK_NIKO,1.2,326.5,2295.9,-22.3,0.7,0.3,2.0
D7_HASAN_FAN_CUBE,SPK_HASAN,1.2,254.0,1502.2,-23.9,0.4,1.5,0.5
D9_T_C,SPK_TOLGA,1.2,227.0,1386.2,-18.7,1.2,0.7,1.1
D9_T_THERMOS_KEEP,SPK_TOLGA,1.2,161.6,1954.0,-22.6,0.3,1.5,0.7
D9_URBAN_AGAIN,SPK_URBAN,1.2,296.3,2011.3,-19.1,1.2,0.5,0.5
REACT_DERVISH_POWERBANK,SPK_DERVISH,1.2,91.4,1145.5,-19.9,0.8,1.5,1.0
REACT_FISHMONGER_CHICKPEAS,SPK_FISHMONGER,1.2,372.1,2516.9,-23.7,0.0,1.5,1.0
REACT_KADRI_REPLAY_3,SPK_KADRI,1.2,296.3,1931.9,-26.0,1.2,0.6,0.9
REACT_PAINTER_POWERBANK,SPK_PAINTER,1.2,106.0,1682.6,-24.3,1.2,0.7,0.0
REACT_URBAN_CUBE,SPK_URBAN,1.2,296.3,1919.8,-18.3,1.2,1.2,1.1
D10Z_K_CRIT_2,SPK_KADRI,1.2,320.0,2228.3,-27.9,0.0,1.3,2.0
D23_K_ANSWER_1,SPK_EMPEROR,1.2,110.7,1056.7,-17.3,1.2,0.5,1.9
D24_NK_KID,SPK_NIKO,1.2,340.4,2253.7,-24.1,1.2,0.0,0.8
D26O_AZ_LATE,SPK_AZAP,1.2,307.7,2385.0,-15.2,1.0,1.5,0.7
D27_T_END,SPK_TOLGA,1.2,143.5,1167.8,-23.0,0.7,1.5,0.9
D31O_CARP_01,SPK_SOLDIER,1.2,290.9,2503.8,-15.8,1.1,1.5,0.5
D39O_SA_03,SPK_SAILOR,1.2,296.3,2169.6,-26.7,1.2,0.6,0.9
D39O_SA_FLAG,SPK_SAILOR,1.2,363.6,2091.1,-24.0,1.2,1.0,0.0
D4B_NIKO_LIGHTER,SPK_NIKO,1.2,340.4,2435.8,-25.6,1.2,1.2,0.2
D4B_N_ECLIPSE_2,SPK_NIKO,1.2,340.4,2400.3,-24.4,1.2,1.0,0.7
D6B_N_CALL,SPK_NIKO,1.2,340.4,2407.5,-23.8,1.2,1.1,1.0
D6_EMP_THERMOS,SPK_EMPEROR,1.2,110.7,1075.8,-20.6,1.2,0.4,0.7
D7_HUSEYIN_FAN_TAPE,SPK_HUSEYIN,1.2,188.2,1116.7,-21.7,1.0,1.5,1.6
D8_H_PHONE,SPK_HIKMET,1.2,307.7,2563.1,-20.1,0.6,1.5,0.0
ITEM_SHOW_THING,SPK_TOLGA,1.2,179.8,1820.5,-25.3,0.1,1.0,2.0
MG_CAUL_K_MISS_2,SPK_KADRI,1.2,340.4,2271.2,-25.3,1.1,1.5,0.5
REACT_EMPEROR_CHICKPEAS,SPK_EMPEROR,1.2,100.6,1457.9,-25.5,0.3,1.5,1.2
REACT_NIKO_LIGHTER,SPK_NIKO,1.2,340.4,2278.4,-24.1,1.2,0.2,0.8
REACT_NIKO_PHONE,SPK_NIKO,1.2,340.4,2137.4,-22.7,1.2,0.8,1.8
D17_N_END_ANY,SPK_NIHAT,1.2,164.1,1338.3,-22.0,0.0,1.5,0.0
D25_T_LIGHTS,SPK_TOLGA,1.2,152.4,1173.4,-23.7,0.5,1.5,1.2
D26_N_GIUST,SPK_NIHAT,1.2,158.4,1338.7,-21.8,0.2,1.5,0.1
D35O_T_MUDFALL,SPK_TOLGA,1.2,136.2,1788.8,-25.3,0.9,0.9,2.0
D38O_S_DODGE,SPK_SAILOR,1.2,355.6,2611.9,-24.9,0.9,1.5,0.3
D3_N_LOOK_WINDOW,SPK_NIHAT,1.2,165.8,1338.1,-21.8,0.1,1.5,0.2
D7_KADRI_AGAIN,SPK_KADRI,1.2,313.7,2219.7,-27.8,0.3,1.2,2.0
MG_HAG_DOUBLE_DEAL,SPK_DOUBLE,1.2,254.0,1968.9,-16.8,0.2,0.1,2.0
D10G_W_1,SPK_WINE,1.2,195.1,1041.2,-20.6,1.2,1.3,1.0
D10L_D_DIG_5,SPK_MINER,1.2,228.6,2669.7,-18.2,0.2,1.5,1.2
D17O_T_POUR_1,SPK_TOLGA,1.2,169.3,1913.1,-25.3,0.1,1.4,2.0
D18_U_TWINS,SPK_USTA,1.2,280.7,1335.2,-21.3,0.9,1.5,0.1
D26O_T_GUN_BAD,SPK_TOLGA,1.2,151.7,1174.3,-22.8,0.5,1.5,0.8
D4A_ITEM_CUBE_2,SPK_HUSEYIN,1.2,172.0,1491.8,-18.8,0.2,1.5,0.3
D4B_NIKO_CUBE,SPK_NIKO,1.2,278.3,2242.1,-25.7,1.2,0.1,0.2
D4B_N_CHICKEN,SPK_NIKO,1.2,278.3,2348.4,-26.6,1.2,0.7,0.8
D10H_T_EXIT_1,SPK_TOLGA,1.2,225.4,1853.0,-21.9,1.2,1.1,0.4
D11_T_BYZ,SPK_TOLGA,1.2,225.4,1785.3,-19.2,1.2,0.9,0.9
D12_F_ITEM_THERMOS,SPK_FATIH,1.2,129.0,965.6,-20.0,1.2,0.1,0.3
D12_T_K_02,SPK_TOLGA,1.2,225.4,1736.6,-19.2,1.2,0.7,0.9
D13_H_1977_6,SPK_HIKMET,1.2,326.5,2409.8,-17.1,0.3,0.7,2.0
D17_T_07,SPK_TOLGA,1.2,225.4,1287.6,-17.9,1.2,1.1,1.5
D17_T_CAM_1,SPK_TOLGA,1.2,225.4,1852.6,-20.2,1.2,1.1,0.4
D19_T_FLEE,SPK_TOLGA,1.2,158.4,1217.3,-25.2,0.4,1.3,2.0
D1_T_11,SPK_TOLGA,1.2,225.4,1286.0,-19.8,1.2,1.1,0.6
D20_T_DUEL,SPK_TOLGA,1.2,225.4,1759.9,-17.1,1.2,0.8,1.9
D26O_T_DUEL,SPK_TOLGA,1.2,225.4,1748.7,-19.3,1.2,0.7,0.8
D26_N_LIFT,SPK_NIHAT,1.2,164.9,1303.8,-19.1,0.1,1.0,2.0
D30O_T_EMPEROR,SPK_TOLGA,1.2,122.6,1322.7,-23.5,1.2,0.9,1.2
D32O_T_03,SPK_TOLGA,1.2,225.4,1467.6,-20.2,1.2,0.4,0.4
D32O_T_U1,SPK_TOLGA,1.2,225.4,1674.4,-21.9,1.2,0.5,0.4
D33O_T_BOAT,SPK_TOLGA,1.2,225.4,1531.3,-20.3,1.2,0.1,0.3
D3_T_RADIO_1_CHAIN,SPK_TOLGA,1.2,225.4,1555.8,-18.9,1.2,0.0,1.0
D7_T_FAR_A_FIRE,SPK_TOLGA,1.2,225.4,1908.5,-20.1,1.2,1.4,0.5
D8_H_TAPE,SPK_HIKMET,1.2,313.7,2556.1,-20.5,0.3,1.5,0.2
MG_HAG_NIKO_DEAL,SPK_NIKO,1.2,280.7,2472.4,-26.7,1.1,1.5,0.9
NPC_CROWD_BYZ_7,SPK_TOWNSMAN,1.2,142.9,1495.3,-19.1,0.7,1.5,0.1
QUEST_SELFIE_DONE,SPK_TOLGA,1.2,145.5,1178.4,-22.1,0.7,1.5,0.5
REACT_DOUBLE_COLOGNE,SPK_DOUBLE,1.2,275.9,2018.6,-22.0,1.2,0.3,0.9
REACT_KID_LIGHTER,SPK_KID,1.2,290.9,1402.3,-19.4,0.7,1.5,0.5
REACT_TAILOR_LIGHTER,SPK_TAILOR,1.2,278.3,2220.5,-19.6,0.7,1.5,0.7
D10H_K_HELP_NOTAPE_NOFEZ,SPK_EMPEROR,1.2,98.5,1450.1,-24.2,0.7,1.5,0.7
D12_F_01_LETTER,SPK_FATIH,1.2,106.7,822.9,-22.4,0.6,1.5,0.8
D13_H_TUNE,SPK_HIKMET,1.2,320.0,2058.1,-17.2,0.0,1.2,2.0
D17_N_05,SPK_NIHAT,1.2,144.1,1118.2,-23.4,0.8,1.5,0.9
D19O_R_SILENT,SPK_PATROL,1.2,216.2,2496.9,-22.0,1.2,0.5,1.0
D21_T_FACE,SPK_TOLGA,1.2,129.0,1648.2,-25.2,1.0,0.3,2.0
D29_T_SULTAN,SPK_TOLGA,1.2,153.9,1180.3,-21.5,0.5,1.5,0.2
D2_H_24,SPK_HIKMET,1.2,320.0,2554.0,-18.8,0.0,1.5,0.9
D31O_AZ_TRAPPED,SPK_AZAP,1.2,326.5,2284.6,-15.2,1.2,1.2,0.7
D3_N_HOLO_TOLGA,SPK_NIHAT,1.2,134.5,1204.5,-22.2,1.2,0.3,0.1
D6B_T_GOT_PERMIT,SPK_TOLGA,1.2,123.1,1204.7,-22.3,1.2,1.4,0.6
D7_HUSEYIN_WHO,SPK_HUSEYIN,1.2,192.8,1372.9,-19.9,1.2,0.5,0.4
D9_T_BYZ,SPK_TOLGA,1.2,192.8,1182.6,-20.6,0.4,1.5,0.2
MG_CAUL_K_START_1,SPK_KADRI,1.2,326.5,2261.8,-26.1,0.3,1.5,1.0
NPC_CALLIGRAPHER_3,SPK_CALLIGRAPHER,1.2,84.2,1408.8,-20.9,0.3,1.5,1.2
REACT_FATIH_TAPE,SPK_FATIH,1.2,99.7,922.1,-24.4,1.2,0.4,1.8
D10B_T_B1_3,SPK_TOLGA,1.2,201.3,1309.1,-17.0,0.6,1.0,1.9
D10Z_K_SWEET_OK_2,SPK_KADRI,1.2,320.0,2260.7,-27.6,0.0,1.5,1.9
D16_HU_GONE_HUFEZ,SPK_HUSEYIN,1.2,144.1,1139.3,-19.4,1.2,1.3,0.1
D26O_AB_LADDER_BAD,SPK_AZAPBASI,1.2,242.4,1621.9,-24.1,1.1,1.5,1.7
D26_T_POCKET,SPK_TOLGA,1.2,150.9,1184.0,-23.6,0.5,1.5,1.2
D27_N_ISI,SPK_NIHAT,1.2,177.8,1120.0,-19.3,0.6,1.5,1.8
D33O_FZ_02,SPK_FIRUZ,1.2,320.0,1935.8,-21.6,1.2,0.8,0.2
D3_H_SWEEP_CAUGHT,SPK_HIKMET,1.2,333.3,2551.0,-21.7,0.7,1.5,1.1
D7_EAVES_NIKO_OUTSIDE_CASUS,SPK_NIKO,1.2,280.7,2033.6,-25.3,1.1,1.5,0.0
D9_HU_THERMOS_BACK,SPK_HUSEYIN,1.2,192.8,1411.0,-19.3,1.2,0.8,0.0
D_DOWNED_N_2,SPK_NIHAT,1.2,146.8,1334.6,-21.7,0.7,1.5,0.2
D10A_F_3_NOFEZ,SPK_FATIH,1.2,118.5,1047.6,-16.8,0.3,1.0,1.9
D10A_T_RADIO,SPK_TOLGA,1.2,223.8,1324.9,-19.7,1.2,0.9,0.7
D10B_F_B3_3,SPK_FATIH,1.2,113.9,1024.1,-24.7,0.0,0.8,1.9
D10Z_K_TITLE,SPK_KADRI,1.2,313.7,1793.3,-24.7,0.3,1.4,0.2
D12_F_HIDE,SPK_FATIH,1.2,100.0,960.3,-22.6,1.2,0.1,0.9
D12_F_HIKMET_3,SPK_FATIH,1.2,100.0,872.8,-22.7,1.2,0.9,1.0
D12_F_ITEM_LIGHTER,SPK_FATIH,1.2,100.3,1030.3,-24.7,1.1,0.8,1.9
D12_H_MACHINE,SPK_HIKMET,1.2,326.5,2547.6,-21.0,0.3,1.4,0.6
D13_T_BACK_4,SPK_TOLGA,1.2,223.9,1577.4,-20.1,1.2,0.1,0.5
D13_T_PRESSED,SPK_TOLGA,1.2,223.9,1743.6,-18.8,1.2,0.7,1.1
D14_NN_2,SPK_NIHAT,1.2,135.0,1232.5,-21.6,1.2,0.1,0.3
D15_O_T2,SPK_MANAGER,1.2,262.3,1943.4,-21.0,1.2,1.0,0.5
D20_T_FULL,SPK_TOLGA,1.2,223.8,1453.6,-19.6,1.2,0.4,0.7
D20_T_KNOCK_1,SPK_TOLGA,1.2,223.9,1542.2,-17.0,1.2,0.1,1.9
D21_T_LISTEN,SPK_TOLGA,1.2,223.8,1427.5,-20.3,1.2,0.5,0.4
D38O_T_STREET,SPK_TOLGA,1.2,223.8,1554.5,-21.2,1.2,0.0,0.0
D3_N_EVIDENCE_TOLGA,SPK_NIHAT,1.2,191.6,1214.5,-20.5,1.2,0.2,1.0
D6_KADRI_CHICKPEAS_T,SPK_TOLGA,1.2,165.0,1569.9,-17.0,0.2,0.0,1.9
D6_LUTFI_CUBE,SPK_LUTFI,1.2,123.6,1294.1,-24.0,1.2,0.6,0.9
D7_GIUSTINIANI_AGAIN,SPK_GIUST,1.2,210.5,1877.2,-23.9,0.5,1.4,0.5
D8_C_WHERE_HEIST,SPK_CEMIL,1.2,280.7,1523.0,-20.9,1.2,0.1,0.2
D10O_T_ENVOY,SPK_TOLGA,1.1,144.1,1191.4,-20.8,0.7,1.4,0.1
D10Z_K_SWEET_OK_1,SPK_KADRI,1.1,301.9,1893.4,-21.3,0.9,0.8,1.9
D12_F_WHO_A,SPK_FATIH,1.1,103.2,825.0,-21.0,0.9,1.4,0.1
D26O_S_BACK1,SPK_SOLDIER,1.1,290.9,2403.5,-15.8,1.1,1.3,0.5
D27_C_1,SPK_CAPTAIN,1.1,242.4,2068.1,-18.8,0.6,1.4,0.1
D29O_B_01,SPK_BALTA,1.1,161.6,1072.8,-15.2,0.4,1.0,1.9
D5_T_ACCIDENT_CELL,SPK_TOLGA,1.1,145.5,1325.8,-25.1,0.7,0.9,1.9
D7_N_SEND_Q,SPK_NIHAT,1.1,151.7,1333.4,-22.4,0.5,1.4,0.2
D7_THEO_FORM,SPK_THEODOROS,1.1,97.0,1947.6,-26.0,0.3,1.4,1.3
D9_LUTFI_BUSY,SPK_LUTFI,1.1,173.0,1404.1,-21.4,1.0,1.4,0.3
NPC_CROWD_CAMP_7,SPK_SOLDIER,1.1,122.1,1852.5,-23.4,1.0,0.1,1.9
REACT_FATIH_REPLAY_1,SPK_FATIH,1.1,128.5,825.4,-20.2,1.1,1.4,0.3
REACT_KID_TAPE,SPK_KID,1.1,296.3,1326.8,-16.2,0.9,0.7,1.9
REACT_LUTFI_SELFIE,SPK_LUTFI,1.1,124.0,1048.1,-25.4,1.1,1.4,1.5
REACT_THEODOROS_CHICKPEAS,SPK_THEODOROS,1.1,92.0,1405.3,-20.8,0.8,1.4,1.1
D10G_H_RADIO,SPK_HIKMET,1.1,326.5,2544.2,-19.8,0.3,1.4,0.2
D11_N_ARRIVE,SPK_NIHAT,1.1,168.4,1225.9,-24.9,0.2,0.0,1.9
D11_N_H_06,SPK_NIHAT,1.1,149.5,1332.7,-19.9,0.6,1.4,1.4
D23_I_FAREWELL,SPK_ISMAIL,1.1,117.6,1185.8,-21.0,0.0,1.4,0.0
D34O_T_CROWD_OK,SPK_TOLGA,1.1,139.1,1923.4,-23.0,0.8,1.4,0.9
D34O_U_HIT_BAD,SPK_URBAN,1.1,307.7,2031.4,-22.8,0.6,0.3,1.9
D38O_S2_03,SPK_SAILOR2,1.1,307.7,1815.8,-20.0,1.1,1.3,0.0
D4A_ITEM_POWERBANK_1,SPK_HASAN,1.1,320.0,2048.2,-20.7,1.1,1.2,1.3
D4A_K_DISHES,SPK_KADRI,1.1,301.9,1796.2,-24.8,0.9,1.4,0.2
D6B_G_BOOK_KEEP,SPK_GIUST,1.1,200.0,2242.2,-23.9,1.1,0.3,0.6
D7_AWE_GIUSTINIANI,SPK_GIUST,1.1,200.0,2363.2,-23.5,1.1,0.8,0.3
D7_N_REPORT,SPK_NIHAT,1.1,152.4,1122.6,-22.9,0.5,1.4,0.6
D9_T_GOAT,SPK_TOLGA,1.1,134.5,1194.9,-22.2,0.9,1.4,0.5
MG_HAG_NIKO_SWEET,SPK_NIKO,1.1,333.3,2112.3,-22.5,0.9,0.9,1.9
REACT_EMPEROR_BOOK,SPK_EMPEROR,1.1,95.2,929.4,-25.1,1.1,1.1,1.0
REACT_NIKO_POWERBANK,SPK_NIKO,1.1,301.9,2037.8,-23.6,0.3,1.4,1.1
REACT_WINE_POWERBANK,SPK_WINE,1.1,197.5,1018.2,-22.0,1.0,1.4,0.0
D10L_D_DIG_2,SPK_MINER,1.1,248.1,2355.3,-19.7,1.1,0.3,0.3
D10O_T_THROWN_1,SPK_TOLGA,1.1,172.0,1920.6,-22.2,0.0,1.4,0.5
D11_N_BOOM,SPK_NIHAT,1.1,135.6,1223.0,-22.1,1.1,0.1,0.0
D12_F_ITEMS_B,SPK_FATIH,1.1,124.0,1033.6,-16.9,0.8,0.9,1.9
D14_N_W2,SPK_NIHAT,1.1,135.6,1208.3,-24.0,1.1,0.3,1.3
D1_T_YEAR_OTHER,SPK_TOLGA,1.1,125.0,1542.0,-24.9,1.1,0.1,1.8
D21_G_PROMISE,SPK_GRANT,1.1,106.0,962.0,-21.5,1.1,0.0,0.5
D25B_N_1,SPK_NIHAT,1.1,144.1,1123.2,-22.1,0.8,1.4,0.1
D3_N_06,SPK_NIHAT,1.1,135.6,1312.3,-22.5,1.1,1.2,0.3
D3_N_SHELLS,SPK_NIHAT,1.1,135.6,1165.5,-21.1,1.1,0.8,0.6
D5_H_CONF_2,SPK_HIKMET,1.1,307.7,2541.3,-21.0,0.6,1.4,0.6
D7_HASAN_TRUTH_B,SPK_HASAN,1.1,242.4,1527.5,-24.0,0.7,1.4,0.5
D7_N_TEA_DONE,SPK_NIHAT,1.1,135.6,1231.9,-22.4,1.1,0.1,0.2
MG_CAUL_K_COMBO_2,SPK_KADRI,1.1,320.0,2203.9,-21.3,0.0,1.1,1.9
REACT_CAMELEER_LIGHTER,SPK_CAMELEER,1.1,355.6,2473.3,-24.5,0.6,1.4,1.2
D10G_T_01_CARD,SPK_TOLGA,1.1,222.2,1302.9,-20.3,1.1,1.0,0.3
D10Z_T_02,SPK_TOLGA,1.1,222.2,1691.6,-18.4,1.1,0.5,1.3
D13_H_02,SPK_HIKMET,1.1,320.0,2294.2,-17.3,0.0,0.1,1.9
D26O_S_BACK2,SPK_SOLDIER,1.1,246.2,2456.0,-16.9,0.6,1.4,0.2
D26_T_ALARM,SPK_TOLGA,1.1,222.2,1257.4,-18.0,1.1,1.2,1.5
D2_S_16,SPK_SOLDIER,1.1,171.1,1686.8,-23.2,0.4,0.6,1.9
D31O_T_TOP,SPK_TOLGA,1.1,125.5,1428.8,-23.8,1.1,0.5,1.3
D32O_N_END,SPK_NIHAT,1.1,163.3,1330.2,-23.3,0.0,1.4,0.8
D3_H_17,SPK_HIKMET,1.1,326.5,2018.0,-21.3,0.3,1.4,0.8
D3_H_19,SPK_HIKMET,1.1,301.9,2018.5,-20.6,0.9,1.4,0.3
D4B_T_ECLIPSE_2,SPK_TOLGA,1.1,222.2,1529.7,-21.8,1.1,0.1,0.3
D4B_T_SELFIE,SPK_TOLGA,1.1,222.2,1754.3,-21.2,1.1,0.8,0.1
D6A_T_ROAD_Y,SPK_TOLGA,1.1,222.2,1629.1,-17.2,1.1,0.3,1.9
D6B_T_PECK,SPK_TOLGA,1.1,222.2,1737.7,-22.3,1.1,0.7,0.6
D9_T_ANSWER,SPK_TOLGA,1.1,222.2,1764.4,-21.0,1.1,0.8,0.1
REACT_CAMELEER_CHICKPEAS,SPK_CAMELEER,1.1,381.0,2471.5,-21.6,0.6,1.4,0.6
REACT_DERVISH_BOOK,SPK_DERVISH,1.1,93.0,1550.6,-24.2,0.5,0.7,1.9
D10H_L_KAFTAN,SPK_LUTFI,1.1,175.8,1207.1,-19.0,1.1,0.1,1.4
D10L_D_WARN,SPK_MINER,1.1,238.8,2141.7,-17.2,0.5,0.6,1.9
D10O_A_BYE,SPK_AGA,1.1,355.6,1823.8,-23.0,1.1,0.1,0.8
D10O_A_Q1,SPK_AGA,1.1,355.6,1804.2,-21.4,1.1,0.1,0.3
D10O_A_Q3_KAVUK,SPK_AGA,1.1,355.6,1762.6,-22.2,1.1,0.5,0.2
D12_T_ENTER,SPK_TOLGA,1.1,126.0,1456.7,-22.5,1.1,0.4,0.7
D15_O_Q,SPK_MANAGER,1.1,242.4,2120.3,-23.8,0.0,1.4,1.4
D15_S7_T_OFF,SPK_TOLGA,1.1,186.0,1916.6,-20.2,0.3,1.4,0.4
D25B_N_2,SPK_NIHAT,1.1,162.4,1125.0,-20.6,0.0,1.4,1.0
D25_N_AYA,SPK_NIHAT,1.1,149.5,1125.0,-20.1,0.6,1.4,1.3
D31O_T_05,SPK_TOLGA,1.1,126.0,1586.0,-22.7,1.1,0.1,0.8
D39O_T_END,SPK_TOLGA,1.1,134.5,1662.8,-25.0,0.9,0.4,1.9
D4A_T_04,SPK_TOLGA,1.1,126.0,1596.3,-24.5,1.1,0.1,1.6
D4B_N_ECLIPSE_1,SPK_NIKO,1.1,280.7,2190.1,-24.8,1.1,0.4,0.4
D4_H_RED_AGAIN,SPK_HIKMET,1.1,320.0,2537.8,-18.4,0.0,1.4,1.2
D6B_N_E_01,SPK_NIKO,1.1,280.7,2303.1,-25.1,1.1,0.3,0.2
D6B_N_HINT,SPK_NIKO,1.1,280.7,2136.6,-25.4,1.1,0.8,0.0
REACT_NIKO_SELFIE,SPK_NIKO,1.1,280.8,2420.3,-27.3,1.1,1.1,1.3
D10A_N_FORM_1,SPK_NIHAT,1.1,151.0,1125.9,-20.9,0.5,1.4,0.7
D10A_N_FORM_2,SPK_NIHAT,1.1,140.4,1327.9,-22.0,0.9,1.4,0.0
D10O_A_Q3_POLES,SPK_AGA,1.1,333.3,1666.5,-22.2,0.0,1.4,0.3
D12_END_12_5_3_NOH,SPK_FATIH,1.1,116.8,1079.0,-18.9,0.2,1.4,0.9
D15_Y_T_01,SPK_TOLGA,1.1,126.5,1382.2,-21.9,1.1,0.7,0.4
D16_HU_GONE,SPK_HUSEYIN,1.1,155.3,1134.4,-20.2,0.6,1.4,0.6
D18_U_DONE,SPK_USTA,1.1,258.1,1359.0,-20.7,0.0,1.4,0.4
D1P_H_06,SPK_HIKMET,1.1,313.7,2023.9,-19.5,0.3,1.4,0.4
D22_T_01,SPK_TOLGA,1.1,145.5,1208.5,-22.2,0.7,1.4,0.5
D25_H_2,SPK_HIKMET,1.1,333.3,2535.8,-21.2,0.7,1.4,0.8
D26_N_ALARM_1,SPK_NIHAT,1.1,172.0,1246.9,-19.3,0.4,0.3,1.8
D27_T_NT_GO,SPK_TOLGA,1.1,191.6,1909.8,-21.4,0.4,1.4,0.2
D29_T_DUEL,SPK_TOLGA,1.1,150.9,1208.1,-22.1,0.5,1.4,0.5
D2_S_23,SPK_SOLDIER,1.1,262.4,2446.0,-17.5,0.8,1.4,0.0
D32O_T_HIT_2,SPK_TOLGA,1.1,142.9,1914.6,-23.5,0.7,1.4,1.2
D32O_T_MANTLET,SPK_TOLGA,1.1,165.8,1205.8,-21.7,0.2,1.4,0.3
D34O_HR_02,SPK_HERALD,1.1,242.4,1684.5,-15.0,0.8,1.4,1.6
D38O_TW_01,SPK_TOWNSMAN,1.1,137.9,1483.4,-19.5,0.1,1.4,0.1
D39O_T_TEZ,SPK_TOLGA,1.1,148.8,1205.6,-18.7,0.6,1.4,1.1
D5_N_CALL_4,SPK_NIHAT,1.1,146.8,1328.0,-23.2,0.7,1.4,0.8
D5_V_KNOCK_REAL,SPK_VAN,1.1,301.9,1741.6,-23.2,1.1,0.0,0.0
D9_T_THEO_2,SPK_TOLGA,1.1,195.1,1914.2,-20.1,0.5,1.4,0.5
D9_T_Y,SPK_TOLGA,1.1,192.8,1910.0,-20.1,0.4,1.4,0.5
MG_HAG_WINE_SWEET,SPK_WINE,1.1,210.5,1025.0,-21.9,0.0,1.4,0.1
MG_MAN_E_OPEN,SPK_EMPEROR,1.1,110.0,1128.4,-19.9,1.1,0.1,0.9
REACT_FISHMONGER_SELFIE,SPK_FISHMONGER,1.1,372.1,2037.5,-19.9,0.0,1.4,1.5
REACT_KADRI_THERMOS,SPK_KADRI,1.1,301.9,1804.4,-26.0,0.9,1.4,0.9
REACT_LUTFI_COLOGNE,SPK_LUTFI,1.1,125.0,1226.8,-25.2,1.1,0.0,1.5
D10H_T_HELP,SPK_TOLGA,1.1,127.0,1755.7,-23.3,1.1,0.8,1.1
D10L_D_05,SPK_MINER,1.1,231.9,2632.4,-22.6,0.0,1.4,1.4
D10L_D_SUPPORT,SPK_MINER,1.1,216.2,2273.7,-20.9,1.1,0.0,0.4
D11_N_03_NOLEB,SPK_NIHAT,1.1,189.9,1324.2,-21.9,1.1,1.3,0.1
D1_H_25,SPK_HIKMET,1.1,313.7,2024.6,-21.1,0.3,1.4,0.7
D21O_D_SUPPORT,SPK_MINER,1.1,216.2,2037.9,-19.7,1.1,1.0,0.3
D23_T_PASS,SPK_TOLGA,1.1,127.0,1614.1,-23.6,1.1,0.2,1.2
D25_N_01,SPK_NIHAT,1.1,189.9,1254.4,-22.0,1.1,0.4,0.0
D27_F_1,SPK_FISHMONGER,1.1,347.8,2125.5,-24.0,1.1,0.8,1.2
D27_F_AGAIN,SPK_FISHMONGER,1.1,347.8,2193.1,-21.3,1.1,0.4,0.6
D28O_U_PLACED,SPK_URBAN,1.1,299.1,2140.1,-19.6,1.1,0.6,0.2
D37O_G_02,SPK_GIUST,1.1,222.2,2472.9,-21.1,0.2,1.4,1.3
D6_URBAN_POWERBANK,SPK_URBAN,1.1,326.5,1899.4,-20.1,0.3,1.4,0.1
D7_M_SEEN,SPK_MUFIDE,1.1,235.3,1299.3,-23.3,1.1,0.2,0.7
D9_MINER_TR2,SPK_MINER,1.1,216.2,2508.3,-20.3,1.1,0.9,0.0
D9_T_LUTFI_Q,SPK_TOLGA,1.1,219.2,1908.4,-20.1,1.1,1.4,0.5
REACT_MINER_SELFIE,SPK_MINER,1.1,216.2,2238.1,-22.6,1.1,0.2,1.4
REACT_NIKO_TAPE,SPK_NIKO,1.1,313.7,2452.5,-26.8,0.2,1.4,1.0
D10B_T_B3_AIR,SPK_TOLGA,1.1,220.7,1457.3,-18.7,1.1,0.4,1.1
D10G_T_01,SPK_TOLGA,1.1,173.9,1237.1,-24.8,0.0,1.3,1.8
D10Z_T_RADIO,SPK_TOLGA,1.1,141.6,1214.5,-21.2,0.8,1.4,0.1
D12_END_12_2_1,SPK_FATIH,1.1,101.0,996.5,-22.7,1.1,0.5,0.9
D21O_T_RAID_WON,SPK_TOLGA,1.1,202.5,1906.4,-20.4,0.7,1.4,0.3
D2_T_01,SPK_TOLGA,1.1,220.7,1777.9,-19.8,1.1,0.8,0.6
D30O_D_GUNNER,SPK_DEFENDER,1.1,344.1,2050.0,-22.1,0.2,1.4,1.2
D30_D_EMPEROR,SPK_DEFENDER,1.1,363.6,2400.9,-21.7,1.1,1.0,1.5
D37O_AB_STONE,SPK_AZAPBASI,1.1,381.0,2019.0,-19.4,1.1,0.2,0.6
D3_H_END_34B,SPK_HIKMET,1.1,313.7,2345.8,-22.8,0.3,0.4,1.8
D3_N_DOOR_2026,SPK_NIHAT,1.1,160.0,1326.9,-21.9,0.1,1.4,0.1
D7_N_AWE_TRUTH,SPK_NIHAT,1.1,173.9,1326.8,-20.9,0.4,1.4,0.8
D7_N_GIUST_WARNED,SPK_NIHAT,1.1,144.6,1326.8,-23.4,0.8,1.4,0.9
D8_C_01,SPK_CEMIL,1.1,250.0,1752.5,-20.5,0.4,1.4,0.1
QUEST_ENVOY_DONE,SPK_TOLGA,1.1,169.3,1213.8,-20.0,0.1,1.4,0.5
REACT_EMPEROR_CUBE,SPK_EMPEROR,1.1,105.3,878.1,-18.1,0.4,1.4,1.6
REACT_GIUST_COLOGNE,SPK_GIUST,1.1,231.9,1897.3,-22.4,0.8,1.4,0.5
D11_N_NK_02,SPK_NIHAT,1.1,168.4,1128.3,-21.3,0.2,1.3,0.5
D13_F_MISSED,SPK_FATIH,1.1,110.3,834.0,-20.7,0.3,1.3,0.0
D13_W4_5,SPK_TOLGA,1.1,137.3,1216.1,-22.1,0.8,1.3,0.5
D21_K_A1,SPK_KASIM,1.1,120.3,1568.3,-26.0,0.2,1.3,0.0
D26_G_NOTRUST_GBOOK,SPK_GIUST,1.1,209.2,2469.6,-25.3,0.6,1.3,1.5
D32O_AZ_B3,SPK_AZAP,1.1,304.8,2322.4,-15.6,0.9,1.3,0.5
D4A_ITEM_BOOK_3,SPK_HASAN,1.1,307.7,2073.1,-22.0,0.9,1.3,0.5
D4B_T_CELL,SPK_TOLGA,1.1,158.4,1902.9,-24.0,0.4,1.3,1.4
D6_EMP_CHICKPEAS,SPK_EMPEROR,1.1,102.6,881.2,-20.9,0.0,1.3,0.6
D7_N_TRACE_CHANCERY,SPK_NIHAT,1.1,176.8,1325.5,-22.6,0.6,1.3,0.4
MG_ARC_H_MOVE,SPK_HASAN,1.1,225.4,1783.2,-24.9,1.1,0.1,1.1
D10B_T_B1_5_CUBE,SPK_TOLGA,1.1,128.0,1521.8,-23.2,1.1,0.1,1.0
D10B_T_POWDER_3,SPK_TOLGA,1.1,163.3,1430.2,-24.8,0.2,0.5,1.8
D10B_U_CALC,SPK_URBAN,1.1,340.4,2126.3,-18.4,1.1,0.5,1.0
D10O_G_LIFT2_HUCUBE,SPK_HUSEYIN,1.1,190.5,1367.3,-19.9,1.1,0.5,0.4
D10O_T_THROWN_2_HUFEZ,SPK_TOLGA,1.1,139.1,1581.9,-24.8,0.8,0.1,1.8
D10Z_K_FIRE_3,SPK_KADRI,1.1,340.4,2135.8,-23.6,1.1,0.7,0.5
D12_T_ENTER_ARCHIVE,SPK_TOLGA,1.1,144.8,1219.6,-20.7,0.7,1.3,0.2
D13_H_01_DUSK,SPK_HIKMET,1.1,340.4,2517.6,-19.2,1.1,1.3,0.6
D13_H_DEPOT_1,SPK_HIKMET,1.1,307.7,2033.5,-19.0,0.6,1.3,0.8
D13_H_TUNED,SPK_HIKMET,1.1,340.4,2307.0,-20.2,1.1,0.1,0.1
D15_G_T3_4,SPK_HIKMET,1.1,340.4,2314.7,-21.0,1.1,0.2,0.6
D15_G_W5B,SPK_HIKMET,1.1,340.4,2304.1,-20.1,1.1,0.1,0.0
D15_S7_H_RADIO_LOST,SPK_HIKMET,1.1,340.4,2315.2,-19.3,1.1,0.2,0.6
D17O_A_FIRE,SPK_TOPCU,1.1,340.4,2035.0,-22.6,1.1,0.1,1.6
D17O_A_HIT_YOU,SPK_TOPCU,1.1,340.4,2095.1,-25.0,1.1,0.6,0.2
D17O_K_COME,SPK_KADRI,1.1,340.4,2096.4,-24.6,1.1,0.4,0.1
D19O_T_END_TOLD,SPK_TOLGA,1.1,201.3,1220.0,-18.3,0.6,1.3,1.3
D19_P_TEZKIRE,SPK_PATROL,1.1,228.6,2106.0,-20.6,0.4,1.3,0.3
D1P_H_04,SPK_HIKMET,1.1,340.4,2278.3,-19.4,1.1,0.0,0.5
D1_H_YEAR_1977,SPK_HIKMET,1.1,340.4,2236.3,-21.4,1.1,0.2,0.8
D20O_U_HIT_2,SPK_URBAN,1.1,340.4,2103.0,-18.1,1.1,0.3,1.2
D22_G_SINGED,SPK_GIUST,1.1,228.6,2466.5,-22.3,0.6,1.3,0.5
D25O_T_WATER,SPK_TOLGA,1.1,185.0,1405.0,-17.4,0.3,0.6,1.8
D26_MG_SILENT,SPK_MANAGER,1.1,231.9,2094.5,-21.0,0.6,1.3,0.5
D27_T_01,SPK_TOLGA,1.1,210.5,1221.1,-20.4,0.8,1.3,0.3
D28O_U_01,SPK_URBAN,1.1,340.4,2079.7,-19.2,1.1,0.1,0.5
D2_T_03,SPK_TOLGA,1.1,136.8,1354.3,-24.8,0.9,0.8,1.8
D32O_TP_GUNNER,SPK_TOPCU,1.1,326.5,1866.2,-26.1,0.3,1.3,0.5
D33O_U_MISS,SPK_URBAN,1.1,340.4,1965.1,-18.6,1.1,0.8,0.9
D33O_U_SECOND,SPK_URBAN,1.1,340.4,2184.6,-18.1,1.1,0.9,1.2
D34O_U_F2,SPK_URBAN,1.1,340.4,1998.3,-19.7,1.1,0.6,0.1
D34O_U_LATE,SPK_URBAN,1.1,340.4,2038.4,-19.7,1.1,0.2,0.1
D35O_T_SNAP,SPK_TOLGA,1.1,128.0,1263.7,-22.8,1.1,1.1,0.8
D35O_U_K1,SPK_URBAN,1.1,340.4,2119.0,-20.6,1.1,0.4,0.5
D3_H_END_31,SPK_HIKMET,1.1,340.4,2393.2,-19.1,1.1,0.6,0.7
D3_H_TEA_2,SPK_HIKMET,1.1,326.5,2525.8,-20.3,0.3,1.3,0.1
D5_H_PICK_PANEL,SPK_HIKMET,1.1,340.4,2354.6,-19.2,1.1,0.4,0.6
D6B_T_VISTA_2,SPK_TOLGA,1.1,128.0,1848.9,-21.8,1.1,1.1,0.4
D6_URBAN_HELLO,SPK_URBAN,1.1,340.4,2018.6,-20.2,1.1,0.4,0.2
D7_N_URBAN_ASK,SPK_NIHAT,1.1,156.9,1325.3,-20.4,0.3,1.3,1.1
D8_H_GUN_1,SPK_HIKMET,1.1,340.4,2251.7,-18.8,1.1,0.1,0.9
D9_HU_THERMOS_BACK_HUFEZ,SPK_HUSEYIN,1.1,190.5,1378.1,-19.0,1.1,0.6,0.2
D9_H_HERE,SPK_HIKMET,1.1,340.4,2131.8,-19.9,1.1,0.8,0.1
D9_KADRI_AGAIN,SPK_KADRI,1.1,340.4,1840.8,-22.5,1.1,1.1,1.1
ITEM_SELF_PHONE,SPK_TOLGA,1.1,130.1,1228.3,-24.8,1.0,1.3,1.8
MG_HAG_URBAN_OPEN,SPK_URBAN,1.1,340.4,2046.3,-19.2,1.1,0.2,0.5
REACT_URBAN_PHONE,SPK_URBAN,1.1,340.4,2011.7,-21.6,1.1,0.5,1.2
D10B_F_B1_2,SPK_FATIH,1.1,105.3,1035.5,-24.4,0.7,0.9,1.8
D10H_H_RADIO_SAVE_HELP,SPK_HIKMET,1.1,301.9,2522.9,-20.1,0.9,1.3,0.0
D10H_T_K_NOTAPE,SPK_TOLGA,1.1,173.9,1309.9,-17.4,0.0,1.0,1.8
D12_F_AGAIN,SPK_FATIH,1.1,123.1,1073.1,-21.1,0.7,1.3,0.2
D12_T_CUBE,SPK_TOLGA,1.1,195.1,1224.6,-18.8,0.5,1.3,1.1
D15_G_H1,SPK_HIKMET,1.1,313.7,2035.2,-18.6,0.3,1.3,1.0
D15_R_H_5,SPK_HIKMET,1.1,307.7,2033.5,-19.2,0.6,1.3,0.6
D17_T_PRO_1,SPK_TOLGA,1.1,219.2,1511.4,-19.3,1.1,0.2,0.9
D19_C_TEZKIRE_2,SPK_BRIG,1.1,106.7,1065.0,-21.8,1.1,1.1,1.1
D20O_U_SEVEN,SPK_URBAN,1.1,316.9,2230.0,-20.3,0.2,1.3,0.3
D24_T_SLIP,SPK_TOLGA,1.1,219.2,1638.5,-20.2,1.1,0.3,0.4
D27_F_GO,SPK_FISHMONGER,1.1,355.6,2310.2,-24.8,0.7,0.3,1.8
D33O_T_END,SPK_TOLGA,1.1,207.8,1690.3,-17.4,0.8,0.5,1.8
D6A_T_GOAT_MISS,SPK_TOLGA,1.1,219.2,1640.1,-22.9,1.1,0.3,0.9
D6_EMP_SELFIE,SPK_EMPEROR,1.1,95.8,1101.0,-23.7,1.1,0.2,0.5
D6_LUTFI_PHONE,SPK_LUTFI,1.1,145.5,1118.9,-25.8,0.2,0.9,1.8
D7_EMP_FORM,SPK_EMPEROR,1.1,95.8,1056.6,-24.4,1.1,0.5,0.7
D7_HASAN_FAN,SPK_HASAN,1.1,238.8,1547.4,-24.6,0.8,1.3,0.9
D7_T_CELL_NOFEZ,SPK_TOLGA,1.1,219.2,1557.5,-19.6,1.1,0.0,0.7
D_AYA_TOP,SPK_TOLGA,1.1,128.5,1809.5,-22.8,1.1,1.0,0.8
ITEM_SELF_SELFIE,SPK_TOLGA,1.1,136.8,1561.0,-24.8,0.9,0.0,1.8
QUEST_GOATHERD_DONE,SPK_TOLGA,1.1,219.2,1745.5,-18.0,1.1,0.7,1.5
REACT_EMPEROR_REPLAY_2,SPK_EMPEROR,1.1,95.8,1188.4,-23.5,1.1,0.2,0.4
D10A_TH_05,SPK_THEODOROS,1.0,89.4,1727.9,-22.0,1.0,0.3,0.5
D10G_F_LETTER,SPK_FATIH,1.0,123.1,837.4,-20.9,0.7,1.3,0.1
D10H_T_CONFESS,SPK_TOLGA,1.0,129.0,1637.8,-24.4,1.0,0.3,1.6
D12B_K_03,SPK_EMPEROR,1.0,109.6,1058.6,-18.7,1.0,0.5,1.4
D12_F_WHO,SPK_FATIH,1.0,106.3,884.6,-24.3,0.7,0.8,1.7
D17O_T_MISSED,SPK_TOLGA,1.0,129.0,1830.8,-23.1,1.0,1.1,0.9
D19_P_01,SPK_PATROL,1.0,250.0,2111.6,-18.8,0.9,1.3,0.5
D20O_T_LOST,SPK_TOLGA,1.0,129.0,1258.0,-21.4,1.0,1.2,0.1
D22O_H_DONE,SPK_HASAN,1.0,227.0,1764.7,-24.3,1.0,0.2,0.8
D31O_AZ_03,SPK_AZAP,1.0,158.4,1404.2,-17.5,0.5,1.3,0.5
D39O_J_01,SPK_JANISSARY,1.0,250.0,1807.3,-22.4,0.8,1.3,0.6
D4B_NIKO_SELFIE,SPK_NIKO,1.0,310.7,2056.5,-26.3,0.1,1.3,0.7
D9_P_GALATA,SPK_PASHA,1.0,127.0,946.4,-20.4,1.0,0.7,0.2
QUEST_TAPE_DONE,SPK_TOLGA,1.0,164.9,1227.0,-21.4,0.2,1.3,0.2
REACT_GUARDS_CUBE,SPK_HASAN,1.0,258.1,1549.8,-25.2,0.3,1.3,1.2
D10B_F_B3_2,SPK_FATIH,1.0,127.0,972.7,-20.0,1.0,0.2,0.3
D12_F_ALL,SPK_FATIH,1.0,127.0,896.6,-18.1,1.0,0.7,1.3
D12_F_NIHAT_2,SPK_FATIH,1.0,127.0,902.4,-20.5,1.0,0.6,0.1
D12_T_POWERBANK,SPK_TOLGA,1.0,205.1,1471.5,-17.4,0.7,0.3,1.7
D17O_A_LOAD_2,SPK_AGENT1,1.0,301.9,1651.6,-22.0,0.3,1.3,0.7
D18_T_SECTION,SPK_TOLGA,1.0,148.1,1227.8,-21.1,0.6,1.3,0.0
D19_C_VOTE,SPK_BRIG,1.0,107.0,1255.9,-20.1,1.0,0.2,0.1
D22_T_COLOGNE,SPK_TOLGA,1.0,129.6,1312.4,-23.8,1.0,1.0,1.3
D26_KS_FREE,SPK_KASIM,1.0,122.1,1237.8,-20.2,0.4,0.5,1.7
D27_Z_05,SPK_ZAGANOS,1.0,116.8,918.5,-21.1,0.9,1.3,0.8
D29_T_LOST,SPK_TOLGA,1.0,200.0,1227.7,-21.3,0.6,1.3,0.1
D38O_R_02,SPK_PATROL,1.0,246.2,2665.1,-20.7,0.7,1.3,0.4
D6A_S_LETTER_R2,SPK_SOLDIER,1.0,127.0,1617.1,-22.8,0.9,0.7,1.7
D6A_T_ROAD_C,SPK_TOLGA,1.0,129.6,1272.2,-22.6,1.0,1.1,0.7
D6B_C_TAPE,SPK_CLERK,1.0,170.2,2103.3,-19.7,1.0,0.1,0.6
D6B_T_E_02,SPK_TOLGA,1.0,142.9,1889.4,-22.5,0.7,1.3,0.7
D7_M_BRIEF,SPK_MUFIDE,1.0,252.0,1409.4,-22.0,0.0,1.3,0.1
D12_T_WHO_A,SPK_TOLGA,1.0,140.4,1887.2,-23.6,0.8,1.3,1.2
D17_N_03,SPK_NIHAT,1.0,148.8,1133.8,-21.8,0.6,1.3,0.2
D26_G_NOTRUST_WARNED,SPK_GIUST,1.0,211.9,2454.0,-23.9,0.4,1.3,0.6
D26_S_WATER_3,SPK_SOLDIER,1.0,280.7,2086.0,-15.1,1.0,0.5,0.8
D29_T_FIRE_OK,SPK_TOLGA,1.0,130.1,1499.6,-23.1,1.0,0.2,0.9
D2_T_ARROW_2_NOFEZ,SPK_TOLGA,1.0,186.0,1884.2,-23.1,0.3,1.3,0.9
D30O_T_WALL,SPK_TOLGA,1.0,205.1,1486.0,-17.5,0.7,0.3,1.7
D32O_T_SULTAN,SPK_TOLGA,1.0,130.1,1365.9,-22.7,1.0,0.8,0.8
D33O_N_END,SPK_NIHAT,1.0,188.2,1252.4,-21.0,1.0,0.3,0.7
D38O_S_HOLD_SOSO,SPK_SAILOR,1.0,301.9,2490.6,-28.2,1.0,0.9,1.4
D39O_SA_TEZ_SULTAN,SPK_SAILOR,1.0,301.9,2365.2,-24.6,1.0,0.3,0.2
D3_N_RULE,SPK_NIHAT,1.0,154.6,1133.5,-19.7,0.4,1.3,1.6
D4A_ITEM_BOOK_2,SPK_HUSEYIN,1.0,168.4,1463.6,-20.5,0.0,1.3,0.8
D6B_T_INSURANCE,SPK_TOLGA,1.0,145.5,1887.5,-20.0,0.7,1.3,0.5
D6_KADRI_CHICKPEAS_2,SPK_KADRI,1.0,333.3,1998.6,-21.6,0.7,0.2,1.7
D7_GIUST_WARNED,SPK_GIUST,1.0,213.3,2456.9,-24.7,0.3,1.3,1.1
D7_N_THEO_CHAT,SPK_NIHAT,1.0,188.2,1296.6,-22.9,1.0,0.9,0.6
D8_H_GOT_ANTENNA,SPK_HIKMET,1.0,329.9,2517.6,-21.2,0.5,1.3,0.7
D10A_F_REFUSE_CAMP,SPK_FATIH,1.0,120.3,1068.3,-19.6,0.5,1.3,0.6
D10B_U_03,SPK_URBAN,1.0,301.9,2224.0,-20.6,0.9,1.3,0.5
D10H_N_NOPEAS,SPK_NIKO,1.0,290.9,2257.5,-27.9,0.7,0.1,1.7
D10O_A_Q3_POLES_TWIST,SPK_AGA,1.0,320.0,1953.5,-21.3,0.7,1.3,0.4
D17_T_SIDE_O,SPK_TOLGA,1.0,141.6,1237.4,-21.1,0.8,1.3,0.0
D23_I_OFFER_2,SPK_ISMAIL,1.0,108.1,1097.4,-22.6,1.0,0.8,1.1
D24O_S_3,SPK_SOLDIER,1.0,140.4,1688.3,-22.7,0.8,0.5,1.7
D25_T_LISTEN,SPK_TOLGA,1.0,137.9,1641.5,-24.6,0.8,0.3,1.7
D26_G_HURT_WARNED,SPK_GIUST,1.0,202.5,1916.8,-24.5,1.0,1.3,0.9
D27_T_GN_STAY,SPK_TOLGA,1.0,146.8,1882.0,-23.7,0.6,1.3,1.3
D32O_T_H1,SPK_TOLGA,1.0,213.3,1237.5,-19.9,0.9,1.3,0.6
D7_HUSEYIN_FAN_HUFEZ,SPK_HUSEYIN,1.0,188.2,1240.3,-21.9,1.0,0.5,1.7
D7_HUSEYIN_TRUTH_Y,SPK_HUSEYIN,1.0,147.5,1347.9,-19.1,1.0,0.3,0.2
D8_H_VAN,SPK_HIKMET,1.0,313.7,2513.2,-19.7,0.3,1.3,0.3
D_EV_OMPHALION,SPK_TOLGA,1.0,217.7,1382.6,-19.3,1.0,0.7,0.8
REACT_CAMELEER_COLOGNE,SPK_CAMELEER,1.0,390.2,2223.4,-22.5,1.0,0.2,0.0
REACT_WINE_SELFIE,SPK_WINE,1.0,197.5,1260.5,-22.7,1.0,0.3,0.4
D10B_T_RADIO_1,SPK_TOLGA,1.0,160.0,1239.6,-21.8,0.3,1.2,0.4
D12_F_LETTER,SPK_FATIH,1.0,105.6,842.0,-22.1,0.7,1.2,0.7
D17_L_CHAIN,SPK_LOOKOUT,1.0,320.0,2448.8,-15.6,1.0,0.5,0.2
D17_T_05,SPK_TOLGA,1.0,164.9,1880.0,-23.0,0.2,1.2,0.9
D1_H_31,SPK_HIKMET,1.0,307.7,2511.6,-19.0,0.6,1.2,0.8
D20_T_KNOCK_2,SPK_TOLGA,1.0,135.6,1578.1,-24.6,0.9,0.1,1.7
D21O_D_LISTEN_K,SPK_MINER,1.0,246.2,2036.4,-19.4,1.0,1.0,0.5
D21O_Z_01,SPK_ZAGANOS,1.0,115.9,998.3,-21.6,1.0,0.1,1.0
D26_MG_HONEST,SPK_MANAGER,1.0,225.4,1851.4,-23.8,1.0,0.7,1.4
D27_GN_GO,SPK_GENOESE,1.0,134.5,1421.0,-20.3,1.0,0.6,1.0
D27_T_F_GO,SPK_TOLGA,1.0,197.5,1869.6,-17.6,0.6,1.2,1.7
D39O_N_PHOTO_OK,SPK_NIHAT,1.0,177.8,1319.1,-21.0,0.6,1.2,0.7
D3_M_09A,SPK_MUFIDE,1.0,238.8,1250.5,-24.7,0.9,0.3,1.7
D4A_HU_GO_BACK,SPK_HUSEYIN,1.0,166.7,1460.3,-17.9,0.1,1.2,0.9
D4B_N_HAT,SPK_NIKO,1.0,296.3,2090.0,-27.8,0.5,1.1,1.7
D4B_N_THROW_CHICKEN_3,SPK_NIKO,1.0,326.5,2415.3,-22.8,0.7,1.1,1.7
D6B_T_DUNGEON,SPK_TOLGA,1.0,132.2,1648.3,-24.6,1.0,0.3,1.7
D6B_T_INSURANCE2,SPK_TOLGA,1.0,161.6,1532.8,-24.6,0.3,0.1,1.7
D6B_T_PLAZA,SPK_TOLGA,1.0,159.2,1881.0,-21.5,0.3,1.2,0.2
D6_EMP_PHONE,SPK_EMPEROR,1.0,105.3,1403.9,-21.9,0.4,1.2,0.2
D7_AWE_GUARDS,SPK_HASAN,1.0,313.7,1879.7,-21.1,1.0,0.4,1.1
D7_GUARDS_AGAIN,SPK_HASAN,1.0,313.7,1881.6,-22.8,1.0,0.4,0.1
D9_G_1,SPK_HASAN,1.0,313.7,1748.4,-21.6,1.0,0.3,0.8
D9_P_5,SPK_PASHA,1.0,110.3,1034.0,-24.3,1.0,0.1,1.3
MG_ARC_H_MISS_3,SPK_HASAN,1.0,313.7,1853.1,-20.6,1.0,0.2,1.4
REACT_FATIH_LIGHTER,SPK_FATIH,1.0,101.9,916.7,-22.7,1.0,0.4,0.9
D10H_G_NOTHING,SPK_GIUST,1.0,202.5,2413.9,-23.8,1.0,1.1,0.5
D10H_TH_LETTER,SPK_THEODOROS,1.0,89.9,1660.3,-24.5,1.0,0.1,0.6
D10O_A_ITEM_CHICKPEAS,SPK_AGA,1.0,326.5,1951.8,-22.8,0.3,1.2,0.6
D10O_A_Q3_WRONG,SPK_AGA,1.0,326.5,1951.7,-22.5,0.3,1.2,0.5
D10O_T_THROWN_2,SPK_TOLGA,1.0,152.4,1671.6,-24.5,0.5,0.4,1.6
D11_N_H_04,SPK_NIHAT,1.0,139.1,1291.4,-22.2,1.0,0.9,0.1
D17_N_SUGGEST_B,SPK_NIHAT,1.0,139.1,1158.9,-21.0,1.0,0.9,0.7
D1_T_MIRROR_FEZ,SPK_TOLGA,1.0,131.1,1319.2,-21.2,1.0,0.9,0.1
D20_T_TAPE,SPK_TOLGA,1.0,131.1,1594.7,-22.2,1.0,0.1,0.6
D22_G_MEN,SPK_GIUST,1.0,202.5,2041.1,-22.4,1.0,0.7,0.5
D23_I_OFFER_1,SPK_ISMAIL,1.0,116.4,1161.8,-20.7,0.1,1.2,0.1
D24O_K_01,SPK_KADRI,1.0,301.9,1827.7,-24.8,0.9,1.2,0.2
D24O_S_TEA,SPK_SOLDIER,1.0,139.1,1412.1,-22.2,0.8,1.2,1.5
D24_T_01,SPK_TOLGA,1.0,207.8,1241.7,-19.2,0.8,1.2,0.9
D25O_N_END,SPK_NIHAT,1.0,165.8,1276.1,-24.5,0.1,0.7,1.6
D32O_T_WATER,SPK_TOLGA,1.0,186.0,1877.4,-19.9,0.3,1.2,0.6
D32O_U_02,SPK_USTA,1.0,231.9,1410.3,-20.0,1.0,1.1,0.9
D33O_T_URBAN,SPK_TOLGA,1.0,181.8,1241.2,-21.3,0.2,1.2,0.1
D3_H_SAW_FLY_2,SPK_HIKMET,1.0,320.0,2510.1,-18.9,0.0,1.2,0.8
D3_N_7C_3,SPK_NIHAT,1.0,139.2,1244.2,-23.3,1.0,0.2,0.8
D6B_T_LOST,SPK_TOLGA,1.0,131.1,1271.7,-21.7,1.0,1.1,0.3
D6_GIUST_LIGHTER,SPK_GIUST,1.0,202.5,2213.3,-22.6,1.0,0.1,0.3
D7_GIUST_HELLO,SPK_GIUST,1.0,202.5,1987.2,-22.0,1.0,0.9,0.7
REACT_NOTARY_BOOK,SPK_NOTARY,1.0,155.3,1237.7,-21.5,1.0,0.0,0.5
D10B_T_B1_4,SPK_TOLGA,1.0,216.2,1717.8,-18.8,1.0,0.6,1.1
D10G_T_D_2,SPK_TOLGA,1.0,216.2,1681.4,-19.7,1.0,0.5,0.7
D10G_T_LETTER,SPK_TOLGA,1.0,216.2,1626.5,-18.5,1.0,0.3,1.2
D10H_T_K_1,SPK_TOLGA,1.0,216.2,1731.5,-19.6,1.0,0.7,0.7
D10H_T_RADIO_SAVE,SPK_TOLGA,1.0,216.2,1472.8,-19.1,1.0,0.3,0.9
D10L_T_MEET_3,SPK_TOLGA,1.0,216.2,1861.4,-20.5,1.0,1.2,0.3
D10L_T_POLICY,SPK_TOLGA,1.0,205.1,1876.3,-20.6,0.7,1.2,0.2
D10O_A_ITEM_TAPE,SPK_AGA,1.0,313.7,1751.8,-21.5,1.0,0.6,0.3
D10O_A_Q2_LETTER,SPK_AGA,1.0,313.7,1838.2,-23.7,1.0,0.2,1.3
D11_N_CUFF,SPK_NIHAT,1.0,187.2,1202.8,-20.7,1.0,0.3,0.9
D12_T_KEY_B,SPK_TOLGA,1.0,142.9,1253.0,-24.5,0.7,1.2,1.6
D15_S7_T_2,SPK_TOLGA,1.0,170.2,1872.4,-19.7,0.1,1.2,0.7
D15_S7_T_LOST,SPK_TOLGA,1.0,216.2,1761.5,-19.4,1.0,0.8,0.8
D17_N_INTRO_1,SPK_NIHAT,1.0,141.6,1137.1,-21.7,0.9,1.2,0.2
D1P_T_09,SPK_TOLGA,1.0,216.2,1572.2,-19.2,1.0,0.1,0.9
D1_H_22,SPK_HIKMET,1.0,329.9,2506.4,-21.5,0.5,1.2,1.0
D22O_T_DAWN,SPK_TOLGA,1.0,216.2,1394.9,-19.2,1.0,0.6,0.9
D25B_T_1,SPK_TOLGA,1.0,216.2,1482.8,-19.4,1.0,0.3,0.8
D26_MG_INSURER,SPK_MANAGER,1.0,254.0,2053.9,-21.7,0.7,1.2,0.1
D31O_T_03,SPK_TOLGA,1.0,214.8,1247.1,-20.2,0.9,1.2,0.4
D37O_AB_02,SPK_AZAPBASI,1.0,254.0,1679.8,-23.9,1.0,1.2,1.6
D38O_S2_02,SPK_SAILOR2,1.0,301.9,1697.7,-18.4,1.0,0.5,0.7
D3_M_09B,SPK_MUFIDE,1.0,266.7,1161.1,-20.4,1.0,1.2,1.2
D3_T_RADIO_1_HIDE,SPK_TOLGA,1.0,216.2,1680.1,-20.2,1.0,0.5,0.4
D4A_T_WIN_THERMOS,SPK_TOLGA,1.0,131.7,1326.2,-23.9,1.0,0.9,1.3
D6B_C_OK_1,SPK_CLERK,1.0,151.7,2037.3,-17.9,0.4,0.3,1.6
D6_GIUST_PHONE,SPK_GIUST,1.0,231.9,2442.6,-22.8,0.8,1.2,0.1
D6_KADRI_TAPE,SPK_KADRI,1.0,307.7,2221.1,-24.8,0.6,1.2,0.2
D6_LUTFI_POWERBANK,SPK_LUTFI,1.0,134.5,1377.4,-20.5,0.7,1.2,0.8
D7_N_FOUND2,SPK_NIHAT,1.0,152.4,1137.1,-21.2,0.5,1.2,0.6
D7_N_HOLO_TENT_COLOGNE,SPK_NIHAT,1.0,156.9,1254.8,-24.5,0.3,0.4,1.6
D7_T_CELL_FIRST_NOFEZ,SPK_TOLGA,1.0,210.5,1245.7,-20.8,0.8,1.2,0.1
D7_T_FAR_A,SPK_TOLGA,1.0,216.2,1618.6,-19.2,1.0,0.2,0.9
D8_H_FAIL_CAUGHT,SPK_HIKMET,1.0,326.5,2505.7,-19.8,0.3,1.2,0.2
D9_T_GOAT_PLAIN,SPK_TOLGA,1.0,216.2,1472.6,-18.2,1.0,0.3,1.4
MG_CAUL_T_DUEL_LOSE,SPK_TOLGA,1.0,132.2,1244.7,-22.7,1.0,1.2,0.8
MG_HAG_WINE_NOSWEET,SPK_WINE,1.0,213.3,1213.4,-24.5,0.2,0.0,1.6
D10B_U_POWDER,SPK_URBAN,1.0,320.0,1934.0,-22.3,0.0,1.1,1.6
D10H_K_CANT_SAY,SPK_EMPEROR,1.0,96.4,907.0,-26.5,1.0,1.2,1.5
D10Z_T_LEBLEBI,SPK_TOLGA,1.0,132.2,1417.1,-23.0,1.0,0.6,0.9
D17O_T_HIT,SPK_TOLGA,1.0,164.1,1249.3,-21.0,0.2,1.2,0.1
D24O_S_3_JOKE,SPK_SOLDIER,1.0,145.5,1426.6,-20.1,0.7,1.2,0.9
D29O_T_CLIMB,SPK_TOLGA,1.0,146.8,1713.8,-24.5,0.6,0.6,1.6
D29_C_SHORE,SPK_CATTANEO,1.0,301.9,2490.6,-18.2,1.0,1.2,0.5
D29_C_WIND,SPK_CATTANEO,1.0,301.9,2349.7,-18.0,1.0,0.2,0.6
D32O_T_FIRE_1,SPK_TOLGA,1.0,142.9,1590.9,-24.5,0.7,0.1,1.6
D6B_T_AFTER_LETTER,SPK_TOLGA,1.0,193.9,1248.7,-20.0,0.5,1.2,0.5
D6_EMP_TAPE,SPK_EMPEROR,1.0,96.4,1100.3,-24.1,1.0,0.2,0.6
D7_AWE_LUTFI,SPK_LUTFI,1.0,128.0,1143.6,-24.5,1.0,0.7,1.1
D8_H_NO_CARD,SPK_HIKMET,1.0,313.7,2052.5,-20.6,0.3,1.2,0.3
NPC_CALLIGRAPHER_2,SPK_CALLIGRAPHER,1.0,97.6,1011.2,-18.9,1.0,0.3,0.2
D10B_U_FUSE_URBAN_ULIGHTER,SPK_URBAN,1.0,320.0,1918.4,-19.9,0.0,1.2,0.0
D26_M_ALARM,SPK_MUFIDE,1.0,266.7,1355.1,-19.8,1.0,0.7,1.6
D2_H_19,SPK_HIKMET,1.0,301.9,2327.5,-22.5,0.9,0.3,1.6
D38O_R_UP,SPK_PATROL,1.0,246.2,2647.2,-17.8,0.7,1.2,1.1
D3_M_10,SPK_MUFIDE,1.0,266.7,1374.3,-19.9,1.0,0.9,1.5
D5_H_HANDS_FULL,SPK_HIKMET,1.0,326.5,2502.3,-20.2,0.3,1.2,0.1
D6B_N_DUNGEON_NOFEZ,SPK_NIKO,1.0,285.7,2428.7,-25.9,0.9,1.2,0.4
D10L_T_02,SPK_TOLGA,0.9,192.8,1255.4,-18.6,0.4,1.2,1.2
D10O_A_ITEM_LIGHTER,SPK_AGA,0.9,340.4,1823.6,-19.5,0.3,0.1,1.6
D12_END_12_5_1,SPK_FATIH,0.9,126.0,946.6,-18.7,0.9,0.1,1.0
D12_F_01_MINE,SPK_FATIH,0.9,115.1,847.3,-20.0,0.1,1.2,0.4
D12_F_SELFIE_2,SPK_FATIH,0.9,102.6,964.9,-22.7,0.9,0.1,1.0
D17_G_HELP,SPK_GENOESE,0.9,173.9,1709.8,-18.2,0.9,1.0,0.4
D17_T_HIT,SPK_TOLGA,0.9,202.5,1393.2,-24.4,0.7,0.7,1.6
D18B_G_END_MISS,SPK_DEFENDER,0.9,320.0,2334.9,-22.7,0.9,0.5,0.8
D1_H_KICK_WEAK2,SPK_HIKMET,0.9,326.5,2499.7,-19.2,0.3,1.2,0.6
D20O_T_01,SPK_TOLGA,0.9,133.3,1541.0,-24.4,0.9,0.1,1.6
D20O_U_GUN,SPK_URBAN,0.9,313.7,2012.5,-22.3,0.3,0.5,1.6
D20_G_GUN_GO,SPK_GIUST,0.9,235.3,2170.6,-22.4,0.9,0.1,0.5
D25_T_MARCO,SPK_TOLGA,0.9,200.0,1254.8,-20.2,0.6,1.2,0.4
D30_T_PUSH,SPK_TOLGA,0.9,146.1,1588.6,-24.4,0.6,0.1,1.6
D37O_T_02,SPK_TOLGA,0.9,176.8,1527.7,-24.4,0.1,0.1,1.6
D38O_S2_BUMP_OK,SPK_SAILOR2,0.9,290.9,1583.8,-16.7,0.7,0.2,1.6
D6_KADRI_THERMOS,SPK_KADRI,0.9,301.9,1919.9,-27.1,0.9,0.7,1.6
D7_HASAN_FAN_HUFEZ,SPK_HASAN,0.9,235.3,1571.2,-24.1,0.8,1.2,0.6
D7_LUTFI_TRUTH_Y,SPK_LUTFI,0.9,172.0,1145.3,-21.1,0.9,0.7,0.5
D7_N_EMP,SPK_NIHAT,0.9,186.6,1219.5,-21.6,0.9,0.1,0.3
D9_MINER_AGAIN,SPK_MINER,0.9,225.4,2270.1,-17.6,0.5,0.1,1.6
MG_CAUL_T_DUEL_WIN,SPK_TOLGA,0.9,160.0,1866.1,-21.7,0.3,1.2,0.3
REACT_FATIH_SELFIE,SPK_FATIH,0.9,126.0,860.3,-19.9,0.9,1.1,0.4
REACT_GIUST_SELFIE,SPK_GIUST,0.9,235.3,2006.0,-23.8,0.9,0.8,0.5
REACT_NOTARY_COLOGNE,SPK_NOTARY,0.9,179.8,1012.3,-20.2,0.0,1.2,0.0
REACT_SOLDIER_CUBE,SPK_SOLDIER,0.9,203.8,2117.3,-22.3,0.1,0.5,1.6
D10B_T_B1_5,SPK_TOLGA,0.9,160.8,1859.6,-24.3,0.3,1.2,1.6
D10Z_K_FUSION,SPK_KADRI,0.9,301.9,2042.0,-24.3,0.9,0.1,0.1
D10Z_K_TASTE_OK_2,SPK_KADRI,0.9,301.9,2093.6,-25.4,0.9,0.4,0.6
D10Z_K_TASTE_OK_3,SPK_KADRI,0.9,301.9,2213.6,-25.7,0.9,1.2,0.7
D12_END_12_2_3,SPK_FATIH,0.9,107.4,1060.0,-19.4,0.6,1.2,0.6
D13_H_BACK_3,SPK_HIKMET,0.9,301.9,2232.1,-20.7,0.9,0.2,0.4
D13_H_CARD,SPK_HIKMET,0.9,301.9,2350.0,-19.6,0.9,0.4,0.3
D15_G_N4,SPK_HIKMET,0.9,301.9,2237.2,-20.5,0.9,0.2,0.3
D15_S_W3,SPK_TOLGA,0.9,133.3,1578.1,-23.2,0.9,0.1,1.0
D17O_K_DAWN,SPK_KADRI,0.9,333.3,2214.3,-25.0,0.7,1.2,0.3
D17_N_SUGGEST_O,SPK_NIHAT,0.9,140.4,1226.9,-21.5,0.9,0.0,0.3
D19O_T_END,SPK_TOLGA,0.9,133.3,1298.6,-22.8,0.9,1.0,0.8
D1_H_10,SPK_HIKMET,0.9,301.9,2387.5,-19.0,0.9,0.6,0.7
D1_H_21,SPK_HIKMET,0.9,301.9,2185.6,-19.7,0.9,0.5,0.3
D1_H_23,SPK_HIKMET,0.9,301.9,2428.6,-21.1,0.9,0.8,0.7
D1_T_20,SPK_TOLGA,0.9,160.0,1259.2,-21.2,0.3,1.2,0.1
D20O_U_NAME_4,SPK_URBAN,0.9,301.9,1976.9,-21.9,0.9,0.7,1.3
D20O_U_TAPE_NEW,SPK_URBAN,0.9,301.9,2069.7,-21.7,0.9,0.0,1.2
D21_G_SELF,SPK_GRANT,0.9,123.1,903.8,-17.3,0.4,0.6,1.6
D23_T_1_FIX,SPK_TOLGA,0.9,133.3,1557.8,-22.4,0.9,0.0,0.6
D24O_T_TEA,SPK_TOLGA,0.9,134.5,1862.7,-24.1,0.9,1.2,1.4
D26_N_ENTRY,SPK_NIHAT,0.9,140.4,1246.0,-20.9,0.9,0.3,0.8
D26_N_KASIM_FREE,SPK_NIHAT,0.9,140.4,1304.2,-21.4,0.9,1.1,0.4
D27_W_AGAIN,SPK_WINE,0.9,214.8,1054.2,-21.4,0.3,1.2,0.4
D2_T_18,SPK_TOLGA,0.9,213.3,1859.5,-20.3,0.9,1.2,0.4
D31O_CARP_LATE,SPK_SOLDIER,0.9,126.0,1510.0,-20.0,0.9,1.0,0.8
D32O_K_IFTAR,SPK_KADRI,0.9,301.9,2048.7,-26.0,0.9,0.1,0.9
D32O_TL_02,SPK_HERALD,0.9,238.8,1976.2,-21.3,0.7,1.2,0.9
D33O_FZ_WARN_HIT,SPK_FIRUZ,0.9,363.6,1896.2,-19.4,0.9,0.4,1.4
D33O_T_06,SPK_TOLGA,0.9,159.2,1257.9,-19.2,0.3,1.2,0.9
D33O_U_END_OK,SPK_URBAN,0.9,301.9,2095.7,-20.9,0.9,0.2,0.7
D37O_AB_PULL_1,SPK_AZAPBASI,0.9,372.1,2147.1,-19.9,0.9,0.7,0.3
D38O_S2_HOOKS_OK,SPK_SAILOR2,0.9,254.0,1440.6,-21.6,0.3,1.2,0.8
D39O_C_END,SPK_CAVUS,0.9,132.2,769.1,-20.5,0.7,1.2,0.7
D3_N_CALL,SPK_NIHAT,0.9,140.4,1140.2,-21.5,0.9,1.2,0.3
D3_N_EAVES_CALL,SPK_NIHAT,0.9,140.4,1196.2,-21.8,0.9,0.4,0.1
D4B_NIKO_PHONE,SPK_NIKO,0.9,333.3,2111.0,-23.7,0.9,0.9,1.1
D4B_N_SPY,SPK_NIKO,0.9,333.3,2182.0,-23.5,0.9,0.5,1.2
D4B_T_01,SPK_TOLGA,0.9,133.3,1589.3,-22.1,0.9,0.1,0.5
D5_H_CALL_1,SPK_HIKMET,0.9,301.9,2084.0,-18.8,0.9,1.0,0.9
D5_H_CONF_0_NO,SPK_HIKMET,0.9,301.9,2153.3,-21.1,0.9,0.7,0.6
D6B_C_OK_2,SPK_CLERK,0.9,155.3,1816.1,-20.7,0.1,1.2,0.0
D6B_N_FRIEND,SPK_NIKO,0.9,320.0,2423.9,-24.9,0.4,1.2,0.3
D6B_T_WARN,SPK_TOLGA,0.9,133.3,1636.9,-21.9,0.9,0.3,0.4
D6_H_NO_ANSWER,SPK_HIKMET,0.9,301.9,2112.6,-19.1,0.9,0.9,0.7
D7_N_URBAN_DJINN_PLAIN,SPK_NIHAT,0.9,140.4,1224.9,-19.7,0.9,0.0,1.6
D9_KADRI_TR2,SPK_KADRI,0.9,301.9,1867.9,-22.3,0.9,1.0,1.3
D9_KADRI_TRIAL,SPK_KADRI,0.9,301.9,1909.4,-23.4,0.9,0.7,0.7
D_DOWNED_N_1,SPK_NIHAT,0.9,140.4,1190.2,-21.2,0.9,0.5,0.5
MG_CAUL_K_MISS_3,SPK_KADRI,0.9,301.9,2068.5,-25.2,0.9,0.3,0.5
REACT_KADRI_BOOK,SPK_KADRI,0.9,301.9,2049.6,-25.1,0.9,0.1,0.4
REACT_LUTFI_THERMOS,SPK_LUTFI,0.9,164.9,1320.0,-18.7,0.6,0.8,1.6
REACT_TAILOR_COLOGNE,SPK_TAILOR,0.9,285.7,2007.8,-19.1,0.9,0.1,1.1
REACT_TAILOR_PHONE,SPK_TAILOR,0.9,285.7,1967.0,-21.6,0.9,0.2,0.6
REACT_TAILOR_TAPE,SPK_TAILOR,0.9,235.3,2173.9,-22.4,0.8,1.2,1.1
D10B_T_B3_2,SPK_TOLGA,0.9,177.8,1261.0,-20.5,0.1,1.2,0.3
D10Z_F_TASTE_GOOD,SPK_FATIH,0.9,105.6,850.8,-22.3,0.7,1.2,0.8
D13_T_1977_8,SPK_TOLGA,0.9,133.9,1487.9,-22.3,0.9,0.3,0.6
D13_T_MISSED_GALATA,SPK_TOLGA,0.9,133.9,1454.9,-22.1,0.9,0.4,0.5
D15_N_N2,SPK_NIHAT,0.9,185.9,1264.8,-21.5,0.9,0.5,0.4
D15_Y_T_04,SPK_TOLGA,0.9,133.9,1552.1,-22.8,0.9,0.0,0.8
D26_G_WAVE2,SPK_GIUST,0.9,231.9,2245.5,-20.7,0.8,0.3,1.6
D26_I_KASIM_FREE,SPK_ISIDORE,0.9,98.8,1416.2,-22.4,0.9,0.4,0.5
D27_B_FLEE,SPK_BRIG,0.9,121.2,1060.3,-20.3,0.0,1.2,0.2
D29O_B_HOOK,SPK_BALTA,0.9,173.9,1046.0,-11.7,0.1,1.2,0.4
D33O_FZ_DRUM,SPK_FIRUZ,0.9,340.4,1844.2,-19.1,0.2,0.1,1.6
D34O_U_SLIP,SPK_URBAN,0.9,333.3,2211.7,-18.8,0.7,1.2,0.7
D38O_S_ARROW,SPK_SAILOR,0.9,355.6,2079.8,-24.7,0.9,1.0,0.2
D38O_S_POT,SPK_SAILOR,0.9,355.6,2401.0,-22.0,0.9,0.5,0.7
D38O_S_SAIL,SPK_SAILOR,0.9,355.6,2232.1,-20.7,0.9,0.3,1.1
D3_H_END_35,SPK_HIKMET,0.9,313.7,2494.0,-18.1,0.3,1.2,1.3
D3_N_KIT_TRY,SPK_NIHAT,0.9,140.6,1273.4,-21.0,0.9,0.6,0.7
D4A_HA_ARGUE_3,SPK_HASAN,0.9,310.7,1916.7,-21.5,0.9,0.6,0.8
D7_M_BUDGET,SPK_MUFIDE,0.9,238.8,1167.6,-24.1,0.9,1.2,1.3
D8_H_CALL_END,SPK_HIKMET,0.9,313.7,2062.0,-18.2,0.3,1.2,1.2
D8_H_RIDE_2,SPK_HIKMET,0.9,333.3,2493.6,-20.2,0.7,1.2,0.0
NPC_PAINTER_1,SPK_PAINTER,0.9,90.1,1843.3,-23.6,0.9,0.0,0.5
REACT_CLERK_COLOGNE,SPK_CLERK,0.9,144.8,2098.0,-21.3,0.9,0.1,0.3
REACT_KADRI_LIGHTER,SPK_KADRI,0.9,313.7,1840.1,-24.8,0.3,1.2,0.2
D10A_H_RADIO,SPK_HIKMET,0.9,320.0,2492.6,-21.3,0.0,1.1,0.8
D10H_G_1_NEW,SPK_GIUST,0.9,210.5,1939.3,-24.0,0.5,1.1,0.6
D1_H_30,SPK_HIKMET,0.9,326.5,2291.9,-17.8,0.3,0.1,1.5
D22_T_SINGED,SPK_TOLGA,0.9,213.5,1764.8,-22.0,0.9,0.8,0.5
D25O_H_1,SPK_HASAN,0.9,231.9,1682.2,-24.3,0.9,0.6,0.7
D27_I_THANKS_KASIM,SPK_ISIDORE,0.9,94.7,1222.0,-20.7,0.2,1.1,0.6
D29_C_END,SPK_CATTANEO,0.9,231.9,2242.5,-22.8,0.6,0.6,1.5
D2_T_SWIM_NOAIR,SPK_TOLGA,0.9,200.0,1854.0,-20.6,0.6,1.1,0.2
D30_E_01,SPK_EMPEROR,0.9,101.3,1289.2,-26.5,0.2,0.7,1.5
D32O_AZ_EARTH,SPK_AZAP,0.9,153.8,1671.8,-19.5,0.6,0.5,1.5
D34O_T_ICE,SPK_TOLGA,0.9,195.1,1263.9,-19.5,0.5,1.1,0.8
D34O_T_SULTAN,SPK_TOLGA,0.9,135.6,1264.0,-22.9,0.9,1.1,0.9
D37O_T_FALL,SPK_TOLGA,0.9,205.1,1264.4,-20.7,0.7,1.1,0.2
D4A_HU_ARGUE_4,SPK_HUSEYIN,0.9,175.8,1163.5,-20.3,0.4,1.1,0.7
D4A_ITEM_SELFIE_1,SPK_HASAN,0.9,301.9,1802.4,-20.2,0.7,0.0,1.5
D9_P_5_PLAIN_NOFEZ,SPK_PASHA,0.9,116.8,869.6,-20.9,0.2,1.1,0.1
MG_CAUL_K_START_0,SPK_KADRI,0.9,326.5,2209.8,-23.2,0.3,1.1,0.7
REACT_FATIH_REPLAY_2,SPK_FATIH,0.9,109.6,947.1,-23.9,0.4,0.1,1.5
REACT_HIKMET_CUBE,SPK_HIKMET,0.9,333.3,2272.8,-22.4,0.7,0.0,1.5
D10A_T_MEET_3,SPK_TOLGA,0.9,176.8,1266.2,-22.9,0.1,1.1,0.9
D10B_U_TAPED,SPK_URBAN,0.9,326.5,2092.4,-22.2,0.3,0.2,1.5
D10H_T_EXIT_2B,SPK_TOLGA,0.9,134.5,1516.2,-21.5,0.9,0.2,0.2
D10L_G_TRUCE,SPK_GRANT,0.9,108.5,982.4,-23.0,0.9,0.2,1.3
D11_T_BYZ_HELP,SPK_TOLGA,0.9,213.3,1436.5,-21.9,0.9,0.5,0.4
D11_T_HELP_4_ALT,SPK_TOLGA,0.9,213.3,1581.9,-20.2,0.9,0.1,0.4
D12B_T_LIE,SPK_TOLGA,0.9,213.3,1797.6,-21.7,0.9,0.9,0.3
D13_N_MISSED_STRANGER,SPK_NIKO,0.9,285.7,2246.9,-27.0,0.9,0.0,1.1
D13_T_1977_1,SPK_TOLGA,0.9,213.3,1786.5,-21.0,0.9,0.9,0.0
D15_S_W1,SPK_TOLGA,0.9,134.5,1669.0,-20.4,0.9,0.4,0.3
D17_T_CLAIM,SPK_TOLGA,0.9,213.3,1370.5,-20.2,0.9,0.7,0.4
D19O_R_02,SPK_PATROL,0.9,222.2,2146.8,-21.4,0.8,1.1,0.8
D19_T_01,SPK_TOLGA,0.9,149.5,1266.9,-22.3,0.6,1.1,0.6
D20_T_LOST,SPK_TOLGA,0.9,134.5,1466.7,-22.5,0.9,0.4,0.7
D21_J_ATTACK,SPK_JANISSARY,0.9,372.1,2071.9,-20.1,0.9,0.3,1.0
D21_T_COLD,SPK_TOLGA,0.9,177.8,1783.4,-17.9,0.1,0.9,1.5
D22O_H_DUEL,SPK_HASAN,0.9,275.9,2033.4,-21.9,0.1,1.1,0.6
D23_I_FLASH,SPK_ISMAIL,0.9,122.1,1148.4,-20.7,0.5,1.1,0.2
D24O_T_SOUP,SPK_TOLGA,0.9,134.5,1604.5,-23.5,0.9,0.2,1.2
D26_N_OUT,SPK_NIHAT,0.9,164.9,1311.4,-21.7,0.1,1.1,0.2
D27_T_D_2,SPK_TOLGA,0.9,213.3,1779.1,-22.1,0.9,0.9,0.5
D31O_K_01,SPK_KADRI,0.9,313.7,2156.2,-27.0,0.3,0.8,1.5
D34O_T_03,SPK_TOLGA,0.9,136.8,1581.6,-24.3,0.9,0.1,1.5
D35O_U_SLIP,SPK_URBAN,0.9,333.3,2209.8,-18.1,0.7,1.1,1.2
D37O_T_03,SPK_TOLGA,0.9,213.4,1749.8,-20.4,0.9,0.7,0.3
D38O_S_SPLASH,SPK_SAILOR,0.9,347.8,2534.8,-22.6,0.7,1.1,0.5
D38O_T_STONE_HIT,SPK_TOLGA,0.9,213.3,1636.7,-19.3,0.9,0.3,0.8
D38O_T_UP,SPK_TOLGA,0.9,213.3,1772.2,-18.7,0.9,0.8,1.1
D39O_J_KNOW,SPK_JANISSARY,0.9,271.2,1833.3,-22.7,0.5,1.1,0.8
D4B_N_MERCHANT2,SPK_NIKO,0.9,285.7,2349.9,-25.5,0.9,0.7,0.1
D6B_E_04,SPK_EMPEROR,0.9,102.6,1381.4,-24.8,0.0,1.1,0.9
D6B_N_NOT_YET,SPK_NIKO,0.9,320.0,2256.8,-23.1,0.4,0.0,1.5
D7_NIKO_OUTSIDE,SPK_NIKO,0.9,285.7,2235.7,-25.4,0.9,0.1,0.0
D8_C_HINT,SPK_CEMIL,0.9,275.9,1647.6,-20.7,0.9,0.8,0.1
D9_H_8_3,SPK_HIKMET,0.9,313.7,2067.0,-20.1,0.3,1.1,0.0
ITEM_SELF_LIGHTER_2,SPK_TOLGA,0.9,134.5,1481.9,-21.0,0.9,0.3,0.1
MG_CAUL_K_COMBO_3,SPK_KADRI,0.9,333.3,2208.4,-23.6,0.7,1.1,0.5
QUEST_BIGBANG_DONE,SPK_TOLGA,0.9,213.3,1598.4,-20.1,0.9,0.1,0.4
QUEST_PHONE_DONE,SPK_TOLGA,0.9,134.5,1476.0,-23.1,0.9,0.3,1.0
REACT_KADRI_REPLAY_4,SPK_KADRI,0.9,313.7,2048.3,-27.0,0.3,0.1,1.5
REACT_WINE_COLOGNE,SPK_WINE,0.9,222.2,1201.2,-21.7,0.9,0.1,0.2
D10B_U_CAST_COLD,SPK_URBAN,0.9,307.7,1929.2,-19.0,0.6,1.1,0.6
D10O_T_INSIDE,SPK_TOLGA,0.9,135.0,1443.7,-21.9,0.9,0.5,0.4
D10Z_K_WAIT,SPK_KADRI,0.9,313.7,1940.2,-21.9,0.3,0.5,1.5
D11_T_SURRENDER,SPK_TOLGA,0.9,137.9,1269.3,-21.2,0.8,1.1,0.0
D12_T_TEZKIRE,SPK_TOLGA,0.9,135.0,1363.4,-22.6,0.9,0.8,0.8
D13_T3_TOGETHER,SPK_TOLGA,0.9,197.5,1273.3,-20.2,0.6,1.1,0.4
D15_O_T2_1453,SPK_TOLGA,0.9,135.0,1555.3,-18.6,0.9,0.0,1.2
D17_T_FELL,SPK_TOLGA,0.9,183.9,1272.7,-20.9,0.2,1.1,0.1
D28O_T_01,SPK_TOLGA,0.9,207.8,1269.8,-19.5,0.8,1.1,0.8
D32O_T_01,SPK_TOLGA,0.9,164.1,1273.0,-19.7,0.2,1.1,0.6
D37O_U_03,SPK_URBAN,0.9,333.3,2208.6,-19.3,0.7,1.1,0.4
D6_GIUST_HELLO,SPK_GIUST,0.9,219.2,1945.2,-23.0,0.0,1.1,0.1
D7_KADRI_HELLO,SPK_KADRI,0.9,326.5,1845.3,-24.8,0.3,1.1,0.2
D8_A_CAUGHT_1,SPK_AGENT1,0.9,344.1,1863.2,-22.8,0.9,0.7,0.2
D9_KADRI_OFFER_1,SPK_KADRI,0.9,320.0,1984.6,-21.9,0.0,0.3,1.5
MG_HAG_DOUBLE_LOSE,SPK_DOUBLE,0.9,262.3,1844.4,-18.1,0.6,1.1,1.3
NPC_KID_2,SPK_KID,0.9,264.5,1157.1,-20.9,0.1,1.1,0.2
REACT_DERVISH_PHONE,SPK_DERVISH,0.9,101.3,1572.9,-22.4,0.9,0.8,0.6
REACT_DERVISH_TAPE,SPK_DERVISH,0.9,101.3,1626.3,-19.5,0.9,1.1,1.3
D10A_N_INTRO,SPK_NIHAT,0.9,185.0,1256.6,-22.4,0.9,0.4,0.3
D10G_T_W_2,SPK_TOLGA,0.9,181.8,1274.2,-20.1,0.2,1.1,0.5
D10H_TH_OFFER,SPK_THEODOROS,0.9,90.9,1797.0,-25.8,0.9,0.6,1.2
D10L_D_SUPPORT_PLAIN,SPK_MINER,0.9,219.2,2436.9,-20.3,0.9,0.6,0.1
D10L_D_TRUCE,SPK_MINER,0.9,231.9,2570.0,-19.6,0.0,1.1,0.4
D10O_A_Q3_IDK,SPK_AGA,0.9,320.0,1822.5,-24.1,0.7,0.1,1.5
D11_T_EAVES,SPK_TOLGA,0.9,170.2,1298.6,-24.2,0.1,1.0,1.5
D12_T_ENTER_URBAN,SPK_TOLGA,0.9,135.6,1431.5,-22.3,0.9,0.5,0.6
D17O_A_HIT_OTHER,SPK_TOPCU,0.9,333.3,2160.5,-25.4,0.7,1.1,0.1
D17_T_CHAIN,SPK_TOLGA,0.9,135.6,1603.0,-23.3,0.9,0.2,1.1
D19_C_EMPTY,SPK_BRIG,0.9,108.9,1130.6,-21.0,0.9,0.7,0.6
D20O_U_HIT_1,SPK_URBAN,0.9,333.3,2138.1,-17.7,0.7,0.6,1.5
D21_T_THERMOS,SPK_TOLGA,0.9,135.6,1398.6,-23.1,0.9,0.6,1.0
D24O_K_FLY,SPK_KADRI,0.9,326.5,1847.5,-22.8,0.3,1.1,1.0
D24_T_KID_RAN,SPK_TOLGA,0.9,141.6,1447.9,-24.2,0.8,0.4,1.5
D29O_B_02,SPK_BALTA,0.9,153.8,1458.5,-14.6,0.7,0.8,1.5
D30_T_01,SPK_TOLGA,0.9,135.6,1671.1,-21.9,0.9,0.4,0.4
D31O_N_03,SPK_NIHAT,0.9,141.6,1249.9,-22.0,0.9,0.3,0.0
D34O_U_PRIME,SPK_URBAN,0.9,320.0,1930.7,-19.1,0.0,1.1,0.5
D37O_AZ_02,SPK_AZAP,0.9,166.7,1699.7,-19.4,0.5,0.5,1.5
D3_N_04,SPK_NIHAT,0.9,141.6,1258.3,-22.9,0.9,0.4,0.6
D3_N_END_31,SPK_NIHAT,0.9,156.9,1308.8,-21.8,0.3,1.1,0.2
D4A_T_03,SPK_TOLGA,0.9,135.6,1302.6,-22.9,0.9,1.0,0.9
D5_N_CALL_2,SPK_NIHAT,0.9,141.6,1206.5,-21.7,0.9,0.3,0.2
D6B_C_CHICKPEAS,SPK_CLERK,0.9,168.4,2217.2,-19.2,0.9,0.4,0.9
D7_NIKO_HELLO,SPK_NIKO,0.9,313.7,2168.8,-23.1,0.2,0.6,1.5
D7_N_ARRIVE,SPK_NIHAT,0.9,150.9,1145.5,-20.7,0.5,1.1,0.9
D7_N_BRIEF,SPK_NIHAT,0.9,173.0,1145.7,-22.3,0.4,1.1,0.2
D7_N_TRACE_PALACE_WAX,SPK_NIHAT,0.9,141.6,1199.2,-22.1,0.9,0.4,0.0
D8_H_PAY,SPK_HIKMET,0.9,304.8,2071.1,-21.1,0.8,1.1,0.6
D9_THEO_5,SPK_THEODOROS,0.9,97.6,1884.9,-22.9,0.2,1.1,0.1
HIKMET_ITEM_CUBE,SPK_HIKMET,0.9,320.0,2301.6,-22.3,0.0,0.1,1.5
MG_HAG_NIKO_FAIR,SPK_NIKO,0.9,307.7,2084.7,-25.5,0.1,1.1,0.1
QUEST_CHICKENS_DONE,SPK_TOLGA,0.9,156.9,1749.6,-24.2,0.4,0.7,1.5
REACT_AGA_POWERBANK,SPK_AGA,0.9,326.5,1744.8,-24.1,0.3,0.7,1.5
REACT_THEODOROS_TAPE,SPK_THEODOROS,0.9,94.7,1468.4,-22.7,0.5,1.1,0.2
REACT_WINE_BOOK,SPK_WINE,0.9,210.5,1364.2,-21.2,0.0,1.1,0.6
D10B_T_CALC_EYE,SPK_TOLGA,0.9,136.8,1371.6,-24.2,0.9,0.7,1.5
D10B_U_FUSE,SPK_URBAN,0.9,336.9,2156.8,-19.8,0.9,0.7,0.0
D10H_K_FRANK_2,SPK_EMPEROR,0.9,107.0,1372.6,-21.1,0.7,1.1,0.5
D10L_D_SILENT,SPK_MINER,0.9,235.3,2284.5,-17.8,0.2,0.0,1.5
D12B_K_SHIPS,SPK_EMPEROR,0.9,105.3,1084.4,-18.5,0.4,0.3,1.5
D15_S_W7_PLAIN,SPK_TOLGA,0.9,211.9,1541.6,-20.2,0.9,0.1,0.4
D20O_U_LESS,SPK_URBAN,0.9,336.9,2009.8,-18.8,0.9,0.5,0.7
D21_G_HARD,SPK_GRANT,0.9,110.0,857.4,-20.6,0.8,1.1,0.1
D21_K_FIRE,SPK_KASIM,0.9,109.2,1473.2,-26.8,0.9,0.8,0.2
D25_K_1,SPK_EMPEROR,0.9,97.0,1092.8,-23.0,0.9,0.3,0.2
D28O_U_MISS,SPK_URBAN,0.9,336.9,2173.0,-19.3,0.9,0.8,0.4
D2_H_RADIO_NO,SPK_HIKMET,0.9,333.3,2074.4,-22.0,0.7,1.1,1.3
D30_E_02,SPK_EMPEROR,0.9,97.0,1009.0,-23.1,0.9,0.7,0.3
D34O_F_03,SPK_FATIH,0.9,108.8,1053.9,-21.6,0.4,1.1,0.4
D38O_S_CLOSER,SPK_SAILOR,0.9,340.4,2060.3,-23.6,0.4,1.1,0.2
D39O_SA_ROPE,SPK_SAILOR,0.9,340.4,2525.3,-21.5,0.4,1.1,0.9
D3_N_END_33,SPK_NIHAT,0.9,154.6,1247.9,-19.8,0.4,0.3,1.5
D5_H_DROPPED,SPK_HIKMET,0.9,336.9,2112.7,-21.2,0.9,0.9,0.8
D5_V_4,SPK_VAN,0.9,340.4,1759.5,-23.2,0.9,0.2,0.0
D6B_C_ANY,SPK_CLERK,0.9,145.5,1872.3,-21.0,0.9,1.0,0.2
D6B_T_VISTA_1,SPK_TOLGA,0.9,205.1,1276.8,-19.6,0.7,1.1,0.7
D8_T_RADIO_B,SPK_TOLGA,0.9,173.9,1278.3,-19.3,0.0,1.1,0.9
NPC_CROWD_CAMP_10,SPK_SOLDIER,0.9,133.3,1630.6,-22.0,0.8,0.7,1.5
NPC_CROWD_CAMP_5,SPK_SOLDIER,0.9,152.4,1598.8,-22.0,0.6,0.8,1.5
D10B_U_B2_3,SPK_URBAN,0.9,320.0,2202.9,-21.8,0.0,1.1,1.2
D10B_U_B3_4,SPK_URBAN,0.9,313.7,2016.6,-17.7,0.3,0.4,1.4
D10B_U_NAME_4,SPK_URBAN,0.9,307.7,1932.8,-18.8,0.6,1.1,0.7
D10G_C_VENICE,SPK_CAPTAIN,0.9,285.7,1947.9,-20.0,0.9,0.4,0.9
D10H_N_NOPEAS_NEW,SPK_NIKO,0.9,290.9,2181.2,-27.5,0.7,0.5,1.4
D19_S2_SAVED,SPK_SAILOR2,0.9,238.8,1453.8,-22.2,0.8,1.1,1.1
D23_K_3_TELL,SPK_EMPEROR,0.9,98.8,1329.9,-26.3,0.6,0.9,1.4
D24O_K_02,SPK_KADRI,0.9,320.0,2200.9,-24.5,0.0,1.1,0.0
D26_T_ISI,SPK_TOLGA,0.9,166.7,1839.6,-21.4,0.2,1.1,0.2
D3_R_KIT_1,SPK_RIZA,0.9,242.4,2362.4,-21.7,0.1,0.1,1.4
D9_T_CUBE_KEEP,SPK_TOLGA,0.9,150.9,1511.8,-18.0,0.5,0.2,1.4
D9_URBAN_OFFER_1,SPK_URBAN,0.9,333.3,2047.7,-22.1,0.7,0.2,1.4
MG_CAUL_K_MISS_1,SPK_KADRI,0.9,320.0,2200.7,-25.7,0.0,1.1,0.7
REACT_MINER_CUBE,SPK_MINER,0.9,244.3,2519.9,-20.6,0.9,0.9,0.2
REACT_SOLDIER_CHICKPEAS,SPK_SOLDIER,0.9,148.1,1965.8,-21.9,0.7,0.2,1.4
D10Z_K_TASTE_BURNT2,SPK_KADRI,0.9,313.7,2076.4,-22.1,0.3,0.3,1.4
D11_N_05,SPK_NIHAT,0.9,155.3,1305.8,-22.6,0.3,1.1,0.4
D11_N_RUN_OK,SPK_NIHAT,0.9,153.8,1148.2,-21.3,0.4,1.1,0.5
D12B_K_YEAR,SPK_EMPEROR,0.9,100.6,1369.7,-22.0,0.3,1.1,0.2
D14_M_FORGE,SPK_MUFIDE,0.9,250.0,1176.5,-24.1,0.1,1.1,1.3
D15_G_PYJAMA_T,SPK_TOLGA,0.9,136.8,1795.0,-23.1,0.9,0.9,1.0
D15_Y_T_06,SPK_TOLGA,0.9,136.8,1609.5,-21.6,0.9,0.2,0.2
D17_N_CLAIM_SOME,SPK_NIHAT,0.9,144.1,1147.3,-20.7,0.8,1.1,0.9
D24O_T_END,SPK_TOLGA,0.9,175.8,1837.7,-23.7,0.0,1.1,1.3
D24_T_PHONE,SPK_TOLGA,0.9,136.8,1641.7,-23.5,0.9,0.3,1.2
D26O_T_01,SPK_TOLGA,0.9,136.8,1417.3,-21.2,0.9,0.6,0.0
D26_N_HOLD_2,SPK_NIHAT,0.9,160.0,1307.0,-23.1,0.1,1.1,0.7
D27_GN_STAY,SPK_GENOESE,0.9,137.3,1403.5,-19.4,0.9,0.7,0.4
D30O_T_CLIMB,SPK_TOLGA,0.9,136.8,1450.8,-20.8,0.9,0.4,0.1
D37O_N_END,SPK_NIHAT,0.9,142.2,1228.0,-23.1,0.9,0.0,0.7
D3_R_IDLE,SPK_RIZA,0.9,250.0,2668.5,-17.7,0.7,1.1,1.0
D4B_N_CELL2,SPK_NIKO,0.9,307.7,2091.2,-23.4,0.1,1.1,1.3
D5_H_NO_CALL,SPK_HIKMET,0.9,320.0,2466.7,-22.2,0.0,1.0,1.4
D6_GIUST_NO_PERMIT,SPK_GIUST,0.9,213.3,2024.9,-25.2,0.3,0.8,1.4
D6_H_ANSWER,SPK_HIKMET,0.9,313.7,2078.4,-21.3,0.3,1.1,0.8
D7_N_KADRI_FEZ,SPK_NIHAT,0.9,147.1,1306.9,-23.9,0.7,1.1,1.2
D9_T_DEPORTED,SPK_TOLGA,0.9,136.8,1319.0,-23.6,0.9,0.9,1.2
MG_ARC_H_AFTER_LOSE,SPK_HASAN,0.9,258.1,1706.5,-25.6,0.3,0.5,1.4
NPC_PAINTER_4,SPK_PAINTER,0.9,93.6,2089.3,-25.2,0.5,1.1,0.6
REACT_CALLIGRAPHER_SELFIE,SPK_CALLIGRAPHER,0.9,79.6,1090.4,-17.0,0.7,0.0,1.4
REACT_CLERK_BOOK,SPK_CLERK,0.9,156.9,1843.2,-21.7,0.0,1.1,0.6
REACT_GUARDS_PHONE,SPK_HASAN,0.9,307.7,1721.1,-22.7,0.9,0.4,0.2
REACT_HIKMET_POWERBANK,SPK_HIKMET,0.9,320.0,2478.1,-20.5,0.0,1.1,0.2
D10A_T_04,SPK_TOLGA,0.8,210.5,1694.0,-20.2,0.8,0.5,0.4
D10B_T_RADIO_3,SPK_TOLGA,0.8,210.5,1706.0,-19.7,0.8,0.6,0.7
D10G_T_F_2,SPK_TOLGA,0.8,210.5,1708.2,-19.7,0.8,0.6,0.6
D11_T_HONEST,SPK_TOLGA,0.8,210.5,1419.9,-21.5,0.8,0.5,0.2
D12_T_ENTER_KITCHEN,SPK_TOLGA,0.8,142.2,1288.2,-23.9,0.7,1.1,1.4
D13_H_BACK_1,SPK_HIKMET,0.8,326.5,2310.7,-18.0,0.3,0.2,1.4
D15_S_W5,SPK_TOLGA,0.8,137.3,1391.3,-23.4,0.8,0.7,1.1
D17_N_RADIO_LIGHT,SPK_NIHAT,0.8,183.9,1293.0,-23.0,0.8,0.9,0.6
D17_T_END,SPK_TOLGA,0.8,210.5,1534.8,-18.8,0.8,0.1,1.1
D19_P_SALAM,SPK_PATROL,0.8,238.8,2162.5,-19.1,0.2,1.1,0.4
D21O_T_01,SPK_TOLGA,0.8,210.5,1291.8,-22.0,0.8,1.0,0.5
D22O_HU_01_HUFEZ,SPK_HUSEYIN,0.8,186.0,1298.5,-18.5,0.8,0.1,0.5
D22O_HU_CARRY,SPK_HUSEYIN,0.8,186.0,1287.3,-18.9,0.8,0.1,0.3
D25_K_PASS_SOFT,SPK_EMPEROR,0.8,104.9,944.9,-18.6,0.3,1.0,1.4
D26O_T_GUN_GOOD,SPK_TOLGA,0.8,172.0,1286.8,-23.0,0.0,1.1,0.9
D26_T_KASIM_ASK,SPK_TOLGA,0.8,210.5,1702.1,-22.8,0.8,0.6,0.8
D26_T_PHONE_BACK,SPK_TOLGA,0.8,205.1,1685.7,-18.1,0.7,0.5,1.4
D29_N_END,SPK_NIHAT,0.8,184.0,1171.3,-21.7,0.8,0.8,0.2
D33O_U_END_BAD,SPK_URBAN,0.8,307.7,2199.5,-21.0,0.6,1.1,0.7
D35O_T_CALM,SPK_TOLGA,0.8,210.5,1804.9,-18.8,0.8,1.0,1.1
D37O_T_U1,SPK_TOLGA,0.8,210.5,1398.4,-19.4,0.8,0.6,0.8
D39O_T_STRUGGLE_OK,SPK_TOLGA,0.8,210.5,1543.3,-20.0,0.8,0.1,0.5
D3_H_LIE_RULE,SPK_HIKMET,0.8,307.7,2215.0,-22.2,0.6,0.3,1.4
D3_N_EAVES,SPK_NIHAT,0.8,175.8,1149.2,-22.2,0.5,1.1,0.1
D5_H_SPOT_TIN,SPK_HIKMET,0.8,307.7,2081.4,-19.1,0.6,1.1,0.7
HIKMET_ITEM_BOOK,SPK_HIKMET,0.8,320.0,2321.5,-18.0,0.0,0.2,1.4
QUEST_CALLIGRAPHY_DONE,SPK_TOLGA,0.8,144.1,1518.3,-24.1,0.7,0.2,1.4
QUEST_FRIENDS_DONE,SPK_TOLGA,0.8,210.5,1611.1,-20.0,0.8,0.2,0.5
D10H_L_SHAME,SPK_LUTFI,0.8,144.1,1291.6,-25.1,0.3,0.5,1.4
D10H_N_PEAS,SPK_NIKO,0.8,301.9,2406.8,-26.7,0.3,1.1,0.9
D15_G_W4,SPK_HIKMET,0.8,313.7,2151.3,-22.2,0.3,0.7,1.4
D15_Y_F_01,SPK_AGENCY,0.8,248.1,1318.2,-20.1,0.0,0.9,1.4
D17_N_04,SPK_NIHAT,0.8,142.9,1245.4,-23.2,0.8,0.2,0.8
D17_N_ARREST,SPK_NIHAT,0.8,142.9,1208.3,-22.0,0.8,0.3,0.0
D20_G_TAPE,SPK_GIUST,0.8,213.3,2148.1,-25.2,0.3,0.2,1.4
D30O_S_WOUNDED,SPK_SOLDIER,0.8,173.9,2283.6,-21.8,0.3,1.0,1.4
D33O_T_SINK,SPK_TOLGA,0.8,179.8,1289.8,-21.1,0.1,1.1,0.0
D34O_M_CRACK,SPK_MASON,0.8,273.5,1686.5,-20.1,0.8,0.8,0.1
D3_N_HOLO_HIKMET,SPK_NIHAT,0.8,142.9,1236.1,-21.7,0.8,0.1,0.2
D3_N_LOOK_FORMZ1,SPK_NIHAT,0.8,142.9,1203.0,-23.0,0.8,0.3,0.7
D4A_HU_GO_BACK_PEAS,SPK_HUSEYIN,0.8,150.9,1331.8,-20.9,0.8,0.2,1.0
D6_GIUST_BOOK,SPK_GIUST,0.8,219.3,2406.5,-24.3,0.0,1.1,0.8
D9_HA_THERMOS_BACK,SPK_HASAN,0.8,235.3,1617.1,-25.1,0.8,1.0,1.2
D_NIHAT_FLY_TRAILER,SPK_NIHAT,0.8,142.9,1256.0,-22.4,0.8,0.4,0.2
NPC_CROWD_GAL_2,SPK_GENOESE,0.8,170.2,1334.7,-19.8,0.8,1.1,0.7
REACT_THEODOROS_CUBE,SPK_THEODOROS,0.8,103.2,1873.9,-24.5,0.4,1.1,0.6
D10H_H_RADIO,SPK_HIKMET,0.8,320.0,2472.6,-20.9,0.0,1.0,0.6
D12_T_KITCHEN_END,SPK_TOLGA,0.8,149.5,1291.9,-22.9,0.6,1.0,0.8
D12_T_LETTER,SPK_TOLGA,0.8,179.8,1293.2,-20.0,0.1,1.0,0.5
D13_T_TOG_2,SPK_TOLGA,0.8,205.1,1826.5,-19.4,0.7,1.0,0.8
D14_N_RECRUIT,SPK_NIHAT,0.8,181.8,1304.1,-20.0,0.8,1.0,1.3
D15_O_DOCS,SPK_TOLGA,0.8,158.4,1825.9,-22.1,0.4,1.0,0.5
D18_T_CANNON,SPK_TOLGA,0.8,183.9,1293.6,-20.3,0.2,1.0,0.4
D20O_U_TAPE_AGAIN,SPK_URBAN,0.8,326.5,2069.5,-22.0,0.3,0.0,1.4
D22_G_04,SPK_GIUST,0.8,205.1,2110.0,-22.0,0.8,0.3,0.7
D23O_I_END,SPK_ISMAIL,0.8,125.5,990.8,-19.1,0.8,0.1,1.2
D24_T_KID,SPK_TOLGA,0.8,137.9,1624.4,-23.6,0.8,0.2,1.2
D25_G_CAUGHT_2,SPK_HASAN,0.8,296.3,1967.3,-20.5,0.6,0.8,1.4
D26O_T_CLIMB,SPK_TOLGA,0.8,137.9,1700.9,-21.7,0.8,0.6,0.3
D27_D_1,SPK_DOUBLE,0.8,231.9,1947.9,-20.2,0.8,0.2,0.1
D2_T_ARROW_3,SPK_TOLGA,0.8,140.4,1292.8,-21.8,0.8,1.0,0.3
D31O_CARP_KNOT_OK,SPK_SOLDIER,0.8,134.5,1813.3,-20.8,0.8,0.2,1.1
D34O_T_KIDS,SPK_TOLGA,0.8,190.5,1825.3,-22.4,0.4,1.0,0.6
D34O_T_REVEAL,SPK_TOLGA,0.8,137.9,1665.1,-21.7,0.8,0.4,0.3
D3_H_CONFESS_2,SPK_HIKMET,0.8,313.7,2346.0,-22.2,0.3,0.4,1.4
D3_N_7C_1,SPK_NIHAT,0.8,161.6,1304.0,-20.9,0.1,1.0,0.7
D3_N_EAVES_HINT,SPK_NIHAT,0.8,150.9,1184.2,-24.1,0.5,0.6,1.4
D_NIHAT_NO_CLIMB,SPK_NIHAT,0.8,156.9,1303.6,-22.4,0.3,1.0,0.3
MG_HAG_T_WIN,SPK_TOLGA,0.8,137.9,1651.2,-22.9,0.8,0.4,0.9
REACT_CAMELEER_PHONE,SPK_CAMELEER,0.8,363.6,2156.2,-24.7,0.2,0.2,1.4
REACT_GIUST_LIGHTER,SPK_GIUST,0.8,205.1,1980.9,-23.5,0.8,1.0,0.3
D10O_A_ENVOY_WRONG,SPK_AGA,0.8,326.5,1927.6,-21.7,0.3,1.0,0.1
D10O_T_01,SPK_TOLGA,0.8,189.4,1302.1,-18.2,0.4,1.0,1.4
D10Z_K_01,SPK_KADRI,0.8,320.0,2189.7,-22.6,0.0,1.0,1.1
D10Z_K_YES_3,SPK_KADRI,0.8,326.5,2189.3,-25.6,0.3,1.0,0.7
D11_M_FOUND,SPK_MUFIDE,0.8,262.3,1180.7,-21.8,0.7,1.0,0.3
D11_N_HELP_1_ALT,SPK_NIHAT,0.8,144.1,1152.2,-22.3,0.8,1.0,0.2
D11_N_RELEASE_ALT,SPK_NIHAT,0.8,163.3,1302.9,-21.4,0.0,1.0,0.4
D13_T_1977_5,SPK_TOLGA,0.8,159.2,1820.6,-21.6,0.3,1.0,0.2
D17O_T_END,SPK_TOLGA,0.8,207.8,1821.4,-20.5,0.8,1.0,0.3
D17_N_INTRO_2,SPK_NIHAT,0.8,153.2,1302.8,-21.8,0.4,1.0,0.2
D20_G_GUN,SPK_GIUST,0.8,207.8,2285.8,-21.0,0.7,0.5,1.4
D23_K_DISMISS,SPK_EMPEROR,0.8,108.1,1295.0,-23.4,0.8,0.7,0.4
D23_T_1_SOFT,SPK_TOLGA,0.8,138.5,1689.7,-23.1,0.8,0.5,1.0
D24O_K_MENU_BURNED,SPK_KADRI,0.8,326.5,2058.3,-22.2,0.3,0.2,1.4
D25_T_EMPEROR,SPK_TOLGA,0.8,151.7,1579.8,-24.0,0.5,0.1,1.4
D26_G_DUCK_GBOOK,SPK_GIUST,0.8,213.3,1966.3,-24.4,0.3,1.0,0.9
D27_W_GO,SPK_WINE,0.8,200.0,1120.7,-21.1,0.8,0.7,0.6
D28O_F_01,SPK_FATIH,0.8,119.4,874.8,-17.9,0.4,0.9,1.4
D30_D_01,SPK_DEFENDER,0.8,340.4,2100.1,-24.5,0.0,1.0,0.3
D35O_T_LOG,SPK_TOLGA,0.8,207.8,1298.1,-19.9,0.8,1.0,0.6
D3_N_CLUE_LOST,SPK_NIHAT,0.8,158.4,1151.0,-22.9,0.2,1.0,0.6
D4A_ITEM_PHONE_2,SPK_HUSEYIN,0.8,181.8,1349.0,-17.3,0.7,0.3,1.4
D6A_T_KAFTAN,SPK_TOLGA,0.8,142.9,1294.4,-22.9,0.7,1.0,0.9
D6A_T_ROAD_B,SPK_TOLGA,0.8,164.9,1298.5,-20.5,0.2,1.0,0.3
D7_N_BUDGET,SPK_NIHAT,0.8,156.9,1302.6,-22.0,0.3,1.0,0.0
D9_MINER_TRIAL,SPK_MINER,0.8,228.6,2019.4,-21.1,0.2,1.0,0.5
REACT_PASHA_THERMOS,SPK_PASHA,0.8,118.5,1215.5,-21.1,0.0,1.0,0.0
REACT_THEODOROS_COLOGNE,SPK_THEODOROS,0.8,107.7,1711.0,-24.1,0.8,0.2,0.4
REACT_THEODOROS_SELFIE,SPK_THEODOROS,0.8,95.2,1869.4,-23.8,0.5,1.0,0.3
REACT_URBAN_COLOGNE,SPK_URBAN,0.8,307.7,2158.5,-21.9,0.6,0.7,1.4
D10A_TH_PROGRESS,SPK_THEODOROS,0.8,91.7,1790.8,-25.8,0.8,0.6,1.2
D10H_T_KEEP,SPK_TOLGA,0.8,200.0,1818.8,-18.5,0.6,1.0,1.2
D10H_T_K_DONE,SPK_TOLGA,0.8,139.1,1521.0,-22.8,0.8,0.1,0.8
D11_NK_01,SPK_NIKO,0.8,329.9,2271.6,-24.7,0.8,0.1,0.4
D15_Y_F_02,SPK_AGENCY,0.8,228.6,1394.0,-22.4,0.8,0.0,0.1
D15_Y_T_RADIO,SPK_TOLGA,0.8,139.1,1659.0,-22.5,0.8,0.4,0.7
D16_G_CATCH_3,SPK_HUSEYIN,0.8,151.7,1250.2,-19.5,0.8,0.5,0.1
D19O_R_CHAIN,SPK_PATROL,0.8,222.2,2276.3,-20.9,0.8,0.5,0.5
D19O_R_CLOSE,SPK_PATROL,0.8,222.2,2285.4,-21.2,0.8,0.5,0.7
D19_P_BROKEN,SPK_PATROL,0.8,222.2,2248.5,-22.0,0.8,0.7,1.1
D19_S_GRAIN_RETURN,SPK_SAILOR,0.8,307.7,2163.8,-26.0,0.8,0.6,0.7
D19_S_TEZKIRE,SPK_SAILOR,0.8,307.7,2119.8,-23.4,0.8,0.8,0.2
D22O_H_GUN,SPK_HASAN,0.8,262.3,1606.3,-22.5,0.2,1.0,0.3
D25O_N_01,SPK_NIHAT,0.8,143.5,1195.2,-22.7,0.8,0.4,0.5
D32O_AZ_DOWN,SPK_AZAP,0.8,290.9,2108.1,-15.3,0.8,0.7,0.7
D38O_S_SAVED,SPK_SAILOR,0.8,307.7,2137.3,-24.0,0.8,0.7,0.0
D39O_SA_01,SPK_SAILOR,0.8,307.7,2384.1,-26.7,0.8,0.4,0.9
D3_N_TAPE,SPK_NIHAT,0.8,143.5,1160.5,-22.4,0.8,0.9,0.2
D4A_T_OTAG_NOFEZ,SPK_TOLGA,0.8,139.1,1599.9,-23.7,0.8,0.2,1.3
D7_KADRI_NO,SPK_KADRI,0.8,326.5,1863.8,-22.9,0.3,1.0,0.9
D9_T_THEO_YES,SPK_TOLGA,0.8,139.1,1411.5,-23.9,0.8,0.6,1.4
NPC_CROWD_CAMP_1,SPK_SOLDIER,0.8,142.9,1970.3,-21.7,0.7,0.2,1.4
NPC_CROWD_GAL_3,SPK_GENOESE,0.8,149.5,1342.7,-20.0,0.2,1.0,0.8
QUEST_DIVER_DONE,SPK_TOLGA,0.8,160.8,1301.4,-22.2,0.3,1.0,0.5
REACT_CALLIGRAPHER_POWERBANK,SPK_CALLIGRAPHER,0.8,95.2,858.4,-18.7,0.8,1.0,0.3
REACT_KID_CHICKPEAS,SPK_KID,0.8,242.4,1268.2,-21.3,0.8,0.1,0.3
REACT_KID_POWERBANK,SPK_KID,0.8,242.4,1258.2,-23.1,0.8,0.1,1.2
REACT_PAINTER_LIGHTER,SPK_PAINTER,0.8,102.9,1950.2,-25.1,0.8,0.5,0.5
D11_M_FIRED,SPK_MUFIDE,0.8,246.2,1302.2,-20.2,0.4,0.2,1.3
D19_C_ASK,SPK_BRIG,0.8,126.5,1228.1,-17.5,0.4,0.0,1.3
D21_T_Q2_A,SPK_TOLGA,0.8,139.7,1303.7,-23.9,0.8,1.0,1.3
D34O_T_PHOTO,SPK_TOLGA,0.8,160.0,1303.5,-21.3,0.3,1.0,0.1
D34O_T_SULTAN_ALT,SPK_TOLGA,0.8,190.5,1719.7,-18.3,0.4,0.6,1.3
D37O_AB_CUT,SPK_AZAPBASI,0.8,363.6,2211.6,-18.7,0.8,0.9,0.9
D6B_T_SILENT,SPK_TOLGA,0.8,191.6,1815.1,-22.8,0.4,1.0,0.8
D6_EMP_COLOGNE,SPK_EMPEROR,0.8,98.2,1067.7,-26.0,0.7,0.4,1.3
D8_H_RIDE_1,SPK_HIKMET,0.8,313.7,2208.7,-18.1,0.3,0.4,1.3
REACT_AGA_COLOGNE,SPK_AGA,0.8,333.3,1798.9,-23.8,0.0,0.2,1.3
D10A_T_DONE,SPK_TOLGA,0.8,192.8,1813.5,-22.4,0.4,1.0,0.6
D10A_T_SIGN,SPK_TOLGA,0.8,150.2,1661.7,-23.8,0.6,0.4,1.3
D10B_U_CAST_BAD,SPK_URBAN,0.8,304.8,2056.3,-21.4,0.8,0.1,1.0
D10B_U_FUSE_LIGHTER,SPK_URBAN,0.8,304.8,2084.0,-18.7,0.8,0.1,0.8
D10G_W_R2,SPK_WINE,0.8,220.7,1304.8,-20.3,0.8,0.7,1.2
D10L_T_LEBLEBI,SPK_TOLGA,0.8,148.8,1696.0,-23.9,0.6,0.5,1.3
D10Z_K_ASK_SOUP,SPK_KADRI,0.8,304.8,2134.0,-25.7,0.8,0.7,0.8
D10Z_K_CRIT_1,SPK_KADRI,0.8,320.0,1949.1,-22.3,0.0,0.5,1.3
D10Z_K_FIRE_3_PLAIN,SPK_KADRI,0.8,333.3,2184.1,-24.6,0.7,1.0,0.1
D12_F_HIKMET_1,SPK_FATIH,0.8,124.0,1006.6,-20.4,0.8,0.6,0.2
D12_F_TEZKIRE,SPK_FATIH,0.8,124.0,967.1,-19.7,0.8,0.1,0.5
D13_H3_FAIL,SPK_HIKMET,0.8,307.7,2305.3,-18.1,0.6,0.1,1.3
D13_T_1977_3,SPK_TOLGA,0.8,207.8,1554.6,-20.2,0.8,0.0,0.4
D15_S_W7,SPK_TOLGA,0.8,179.8,1305.4,-20.4,0.1,1.0,0.3
D18_T_01,SPK_TOLGA,0.8,207.8,1305.8,-20.1,0.8,1.0,0.4
D32O_AZ_FIRE_OUT,SPK_AZAP,0.8,133.9,1553.0,-19.0,0.8,0.9,1.3
D3_H_RULE,SPK_HIKMET,0.8,320.0,2264.0,-22.1,0.0,0.1,1.3
D4A_HU_ARGUE_2,SPK_HUSEYIN,0.8,158.4,1216.2,-17.4,0.5,0.7,1.3
D5_H_CARD,SPK_HIKMET,0.8,326.5,2159.4,-18.1,0.3,0.6,1.3
D6B_C_THERMOS,SPK_CLERK,0.8,166.7,2369.3,-19.1,0.8,1.0,0.9
D7_URBAN_DJINN,SPK_URBAN,0.8,320.0,2041.9,-21.9,0.0,0.2,1.3
D8_A_CAUGHT_2_EMPTY,SPK_AGENT1,0.8,340.4,1782.1,-23.2,0.8,0.1,0.1
NPC_CROWD_CAMP_8,SPK_SOLDIER,0.8,200.0,2132.9,-21.5,0.0,0.6,1.3
QUEST_ENGINEER_DONE,SPK_TOLGA,0.8,139.7,1368.3,-23.3,0.8,0.8,1.1
REACT_CANDARLI_THERMOS,SPK_CANDARLI,0.8,90.4,775.0,-16.6,0.6,1.0,0.9
REACT_NIKO_REPLAY_4,SPK_NIKO,0.8,313.7,2254.0,-23.4,0.2,0.0,1.3
REACT_SOLDIER_PHONE,SPK_SOLDIER,0.8,262.3,2161.9,-16.8,0.8,0.7,0.2
REACT_TAILOR_CHICKPEAS,SPK_TAILOR,0.8,266.7,1962.3,-18.7,0.3,0.2,1.3
D10A_N_OTAG_1,SPK_NIHAT,0.8,144.1,1212.3,-22.5,0.8,0.2,0.3
D10O_G_LIFT2_HUFEZ,SPK_HUSEYIN,0.8,163.3,1373.7,-17.4,0.2,0.6,1.3
D10O_T_KITCHEN,SPK_TOLGA,0.8,207.8,1331.9,-18.6,0.8,0.9,1.2
D10Z_K_MAIN_NO,SPK_KADRI,0.8,320.0,1870.5,-24.9,0.0,1.0,0.3
D15_N_N3,SPK_NIHAT,0.8,144.1,1188.7,-23.6,0.8,0.5,1.0
D15_S_W5B,SPK_TOLGA,0.8,140.4,1698.5,-23.1,0.8,0.5,1.0
D17_N_CAM_1,SPK_NIHAT,0.8,175.8,1155.8,-22.5,0.5,1.0,0.3
D18_T_END,SPK_TOLGA,0.8,207.8,1676.8,-21.1,0.8,0.5,0.0
D20_T_KNOCK_3,SPK_TOLGA,0.8,148.1,1307.3,-22.8,0.6,1.0,0.8
D24O_S_1_SOUP,SPK_SOLDIER,0.8,138.5,1608.3,-20.9,0.8,0.8,1.1
D26_T_GONE,SPK_TOLGA,0.8,140.4,1311.4,-22.4,0.8,1.0,0.7
D26_T_ISI_O,SPK_TOLGA,0.8,207.8,1334.8,-20.3,0.8,0.9,0.3
D32O_N_DITCH,SPK_NIHAT,0.8,144.1,1240.2,-21.2,0.8,0.2,0.6
D32O_T_DITCH,SPK_TOLGA,0.8,207.8,1582.4,-20.6,0.8,0.1,0.2
D34O_T_W1,SPK_TOLGA,0.8,207.8,1441.4,-20.2,0.8,0.5,0.4
D35O_T_BRIDGE,SPK_TOLGA,0.8,140.4,1753.7,-21.5,0.8,0.8,0.2
D38O_N_AYA,SPK_NIHAT,0.8,156.9,1299.5,-22.0,0.3,1.0,0.0
D38O_T_TR,SPK_TOLGA,0.8,140.4,1373.4,-22.0,0.8,0.7,0.5
D4A_ITEM_CUBE_3,SPK_HASAN,0.8,301.9,1668.8,-20.7,0.7,0.7,1.3
D4B_N_01,SPK_NIKO,0.8,326.5,2395.8,-23.4,0.7,1.0,1.3
D4B_T_ECLIPSE_2_REMOTE,SPK_TOLGA,0.8,207.8,1423.9,-19.5,0.8,0.5,0.7
D5_T_ACCIDENT_DISHES,SPK_TOLGA,0.8,207.8,1483.3,-20.2,0.8,0.3,0.4
D6B_E_01,SPK_EMPEROR,0.8,106.7,1348.5,-23.0,0.6,1.0,0.2
D6B_N_CELL_MORNING_NOFEZ,SPK_NIKO,0.8,307.7,2106.6,-25.7,0.1,1.0,0.2
D6B_T_GULL,SPK_TOLGA,0.8,207.8,1766.8,-19.2,0.8,0.8,0.9
D7_GIUST_NO,SPK_GIUST,0.8,225.4,2389.1,-23.0,0.4,1.0,0.1
D7_HASAN_TRUTH_C,SPK_HASAN,0.8,268.9,1612.4,-23.9,0.1,1.0,0.5
D7_N_FORM_GIVE,SPK_NIHAT,0.8,144.1,1202.1,-20.8,0.8,0.3,0.8
D7_N_TRACE_TENT,SPK_NIHAT,0.8,144.1,1162.7,-22.3,0.8,0.9,0.2
D8_N_HINT,SPK_NIHAT,0.8,144.1,1156.2,-21.9,0.8,1.0,0.1
D9_G_2_HUFEZ,SPK_HUSEYIN,0.8,181.8,1186.2,-18.3,0.7,1.0,0.7
D9_H2_2,SPK_HIKMET,0.8,333.3,2095.3,-21.2,0.7,1.0,0.7
D9_P_1_ALT_NOFEZ,SPK_PASHA,0.8,118.5,899.3,-21.7,0.0,1.0,0.3
D9_T_A,SPK_TOLGA,0.8,156.9,1308.2,-20.9,0.4,1.0,0.1
D9_T_HERE,SPK_TOLGA,0.8,192.8,1307.7,-20.4,0.4,1.0,0.3
D9_URBAN_YES,SPK_URBAN,0.8,320.0,1945.8,-19.4,0.0,1.0,0.3
QUEST_AYASOFYA_DONE,SPK_TOLGA,0.8,164.9,1309.7,-19.8,0.2,1.0,0.6
REACT_HIKMET_BOOK,SPK_HIKMET,0.8,320.0,2461.1,-18.6,0.0,1.0,1.0
REACT_KADRI_TAPE,SPK_KADRI,0.8,307.7,2014.2,-26.6,0.6,0.1,1.3
D10B_U_CAST_OK2,SPK_URBAN,0.8,316.9,1952.0,-21.8,0.2,0.9,1.3
D10B_U_FUSE_URBAN,SPK_URBAN,0.8,326.5,1949.2,-20.5,0.3,1.0,0.4
D10H_K_01,SPK_EMPEROR,0.8,101.3,1062.8,-19.0,0.2,0.4,1.3
D10O_T_DERVISH_ASK,SPK_TOLGA,0.8,179.8,1314.2,-19.8,0.1,1.0,0.6
D11_T_CUFF,SPK_TOLGA,0.8,170.2,1312.6,-21.9,0.1,1.0,0.4
D18B_G_MISS,SPK_DEFENDER,0.8,326.5,2400.6,-24.6,0.7,1.0,0.5
D18_U_MISS_2,SPK_USTA,0.8,278.3,1766.9,-22.1,0.8,0.7,0.5
D19_C_REPORT,SPK_BRIG,0.8,114.7,1089.5,-17.9,0.5,1.0,1.1
D24O_D_01,SPK_DERVISH,0.8,96.4,1253.1,-20.5,0.1,1.0,0.6
D26_T_CITY,SPK_TOLGA,0.8,160.0,1314.5,-21.4,0.3,1.0,0.2
D29_C_01,SPK_CATTANEO,0.8,225.4,2304.8,-22.3,0.8,0.2,1.3
D37O_AB_05,SPK_AZAPBASI,0.8,271.2,1744.9,-22.1,0.7,1.0,0.7
D3_N_FREEZE,SPK_NIHAT,0.8,173.9,1156.6,-21.4,0.4,1.0,0.4
D6A_S_LETTER_R3,SPK_SOLDIER,0.8,148.1,1752.0,-21.5,0.7,0.4,1.3
D7_EAVES_NIKO_CELL,SPK_NIKO,0.8,290.9,2159.4,-27.3,0.7,0.6,1.3
D9_LUTFI_OFFER_1,SPK_LUTFI,0.8,158.4,1344.4,-21.6,0.3,1.0,0.2
NPC_CROWD_GAL_1,SPK_GENOESE,0.8,139.1,1433.5,-19.2,0.8,0.5,0.3
NPC_CROWD_GAL_4,SPK_GENOESE,0.8,139.1,1501.9,-18.3,0.8,0.1,0.3
QUEST_THERMOS_DONE,SPK_TOLGA,0.8,177.8,1312.8,-21.3,0.1,1.0,0.1
REACT_KID_BOOK,SPK_KID,0.8,262.3,1172.1,-21.8,0.2,1.0,0.6
REACT_NOTARY_CHICKPEAS,SPK_NOTARY,0.8,160.8,1253.3,-20.4,0.8,0.1,0.1
REACT_URBAN_POWERBANK,SPK_URBAN,0.8,326.5,1948.4,-20.5,0.3,1.0,0.4
D10B_F_B3_3_NOFEZ,SPK_FATIH,0.8,105.3,901.0,-23.4,0.7,0.6,1.3
D10G_T_N_2,SPK_TOLGA,0.8,141.0,1430.9,-22.7,0.8,0.5,0.8
D10L_T_COLLAPSE_2,SPK_TOLGA,0.8,141.0,1649.4,-21.6,0.8,0.3,0.3
D12B_K_DONE_2,SPK_EMPEROR,0.8,107.7,1271.2,-20.9,0.8,0.6,0.6
D12_F_01_RIGHT,SPK_FATIH,0.8,104.9,930.1,-21.4,0.8,0.3,0.3
D15_G_T3_CALL,SPK_HIKMET,0.8,320.0,2100.9,-19.7,0.0,0.9,0.3
D20O_U_02,SPK_URBAN,0.8,326.5,1950.2,-20.5,0.3,0.9,0.4
D21_T_FIGHT,SPK_TOLGA,0.8,169.3,1320.3,-23.7,0.1,0.9,1.3
D26_N_HIDE,SPK_NIHAT,0.8,150.9,1297.4,-21.8,0.5,0.9,0.2
D2_T_AMPHORA,SPK_TOLGA,0.8,157.6,1408.2,-23.7,0.4,0.6,1.3
D30_T_DUEL,SPK_TOLGA,0.8,141.6,1315.3,-21.2,0.8,0.9,0.1
D31O_T_02,SPK_TOLGA,0.8,200.0,1425.6,-18.4,0.6,0.5,1.3
D32O_TP_02,SPK_TOPCU,0.8,320.0,2141.0,-25.8,0.0,0.9,0.3
D3_N_DOOR,SPK_NIHAT,0.8,181.8,1205.4,-20.4,0.8,0.3,1.1
D4B_T_SPY,SPK_TOLGA,0.8,190.5,1803.5,-20.1,0.4,0.9,0.4
D6B_C_OK_4,SPK_CLERK,0.8,166.7,1944.9,-20.3,0.8,0.7,0.2
D6B_T_SEALED,SPK_TOLGA,0.8,141.0,1597.9,-22.5,0.8,0.1,0.7
D6_URBAN_DONE,SPK_URBAN,0.8,326.5,2047.1,-18.0,0.3,0.2,1.3
D7_THEODOROS_AGAIN,SPK_THEODOROS,0.8,101.3,1507.1,-20.3,0.2,0.9,1.3
MG_ARC_H_AFTER_WIN,SPK_HASAN,0.8,238.8,1838.2,-23.5,0.8,0.2,0.3
MG_HAG_DOUBLE_WIN,SPK_DOUBLE,0.8,266.7,2020.6,-19.3,0.8,0.4,0.6
NPC_CROWD_BYZ_4,SPK_TOWNSMAN,0.8,140.4,1441.6,-19.7,0.4,0.9,0.3
QUEST_PERCH_DONE,SPK_TOLGA,0.8,141.0,1322.8,-21.4,0.8,0.9,0.2
REACT_KID_CUBE,SPK_KID,0.8,271.2,1351.8,-18.2,0.1,0.9,1.0
D10H_T_FIX_2,SPK_TOLGA,0.8,141.6,1710.1,-22.9,0.8,0.6,0.9
D10O_HU_FEZ_VOUCH,SPK_HUSEYIN,0.8,183.9,1362.6,-19.3,0.8,0.5,0.0
D15_R_T_2,SPK_TOLGA,0.8,205.1,1801.1,-22.1,0.7,0.9,0.5
D21O_D_02,SPK_MINER,0.8,231.9,2135.4,-22.3,0.0,0.6,1.2
D23_T_1_ADD,SPK_TOLGA,0.8,141.6,1645.5,-23.0,0.8,0.3,0.9
D26_S_SHIP,SPK_DEFENDER,0.8,333.3,2111.9,-24.3,0.3,0.9,0.2
D33O_FZ_BIG,SPK_FIRUZ,0.8,359.6,1756.8,-20.6,0.8,0.8,0.5
D35O_T_DAY,SPK_TOLGA,0.8,186.0,1445.2,-18.4,0.3,0.5,1.2
D35O_T_END,SPK_TOLGA,0.8,141.6,1545.0,-21.3,0.8,0.1,0.1
D37O_T_01,SPK_TOLGA,0.8,168.4,1800.4,-21.8,0.1,0.9,0.3
D39O_T_STRUGGLE_BAD,SPK_TOLGA,0.8,206.5,1686.8,-20.6,0.8,0.5,0.2
D5_H_03_NOLEB,SPK_HIKMET,0.8,320.0,2184.1,-18.2,0.0,0.5,1.2
D6_GIUST_TAPE,SPK_GIUST,0.8,231.9,2216.3,-23.8,0.8,0.1,0.5
D7_EAVES_OTHER_2,SPK_SOLDIER,0.8,159.2,1531.6,-19.5,0.5,0.9,0.6
D9_T_KADRI_YES,SPK_TOLGA,0.8,174.9,1386.5,-18.4,0.0,0.7,1.2
D_CHICKEN_CATCH_4,SPK_TOLGA,0.8,141.6,1435.1,-21.2,0.8,0.5,0.1
REACT_DOUBLE_BOOK,SPK_DOUBLE,0.8,233.6,1877.0,-22.4,0.8,0.8,1.1
REACT_FATIH_THERMOS,SPK_FATIH,0.8,123.6,917.5,-21.2,0.8,0.4,0.2
REACT_GIUST_BOOK,SPK_GIUST,0.8,206.5,2041.1,-22.1,0.8,0.7,0.6
REACT_GIUST_CUBE,SPK_GIUST,0.8,231.9,2109.9,-21.7,0.8,0.3,0.9
D10B_U_UNTAPED,SPK_URBAN,0.7,326.5,2071.3,-21.8,0.3,0.0,1.2
D10Z_K_SWEET_NO,SPK_KADRI,0.7,333.3,1967.7,-22.4,0.7,0.4,1.2
D10Z_K_YES_2,SPK_KADRI,0.7,307.7,1979.9,-26.5,0.6,0.3,1.2
D11_N_01,SPK_NIHAT,0.7,146.8,1295.1,-20.6,0.7,0.9,1.0
D12_END_12_4_3_NONAME,SPK_FATIH,0.7,122.1,1038.4,-18.8,0.6,0.9,0.9
D12_F_01_HIKMET,SPK_FATIH,0.7,106.0,870.9,-20.4,0.7,0.9,0.2
D12_F_ITEM_CUBE,SPK_FATIH,0.7,120.3,1000.7,-23.3,0.5,0.5,1.2
D12_T_KEY_A,SPK_TOLGA,0.7,146.8,1445.6,-23.7,0.6,0.4,1.2
D13_H_BACK_3_DUSK,SPK_HIKMET,0.7,333.3,2450.3,-19.9,0.7,0.9,0.1
D17O_A_LIGHT,SPK_TOPCU,0.7,326.5,2139.5,-23.3,0.3,0.9,1.2
D19O_N_GONE,SPK_NIHAT,0.7,156.9,1294.9,-22.4,0.3,0.9,0.2
D1_T_03,SPK_TOLGA,0.7,179.8,1324.3,-23.5,0.1,0.9,1.2
D20_L_WARN_3,SPK_LOOKOUT,0.7,355.6,2421.0,-15.4,0.7,0.3,0.0
D21O_D_OUT,SPK_MINER,0.7,242.4,2394.6,-21.0,0.7,0.4,0.5
D21O_T_END,SPK_TOLGA,0.7,148.1,1323.3,-20.9,0.6,0.9,0.1
D24O_S_3_SCIENCE,SPK_SOLDIER,0.7,141.6,1621.9,-20.5,0.7,0.7,1.0
D25O_H_WATER,SPK_HASAN,0.7,285.7,1868.6,-20.8,0.3,0.3,1.2
D26_F_TRUST,SPK_FATIH,0.7,107.4,870.7,-22.1,0.6,0.9,0.7
D26_N_ENTRY_2,SPK_NIHAT,0.7,160.0,1295.2,-22.5,0.1,0.9,0.3
D29O_N_01,SPK_NIHAT,0.7,149.5,1159.7,-22.8,0.6,0.9,0.5
D2_T_SWIM_BUMP,SPK_TOLGA,0.7,149.5,1322.3,-22.1,0.6,0.9,0.5
D31O_T_AZ,SPK_TOLGA,0.7,195.1,1321.1,-18.9,0.5,0.9,1.1
D33O_T_SLIP,SPK_TOLGA,0.7,175.8,1798.3,-20.2,0.0,0.9,0.4
D38O_T_END,SPK_TOLGA,0.7,163.3,1323.7,-21.0,0.2,0.9,0.1
D4A_T_OTAG,SPK_TOLGA,0.7,170.2,1795.9,-22.8,0.1,0.9,0.8
D4B_H_02,SPK_HIKMET,0.7,326.5,2449.8,-21.6,0.3,0.9,1.0
D6B_G_INSURANCE2,SPK_GIUST,0.7,210.5,1986.5,-23.7,0.5,0.9,0.4
NPC_CROWD_CAMP_4,SPK_SOLDIER,0.7,143.5,1535.8,-20.2,0.7,0.9,0.9
NPC_PAINTER_2,SPK_PAINTER,0.7,94.7,1967.4,-22.5,0.3,0.6,1.2
REACT_CLERK_THERMOS,SPK_CLERK,0.7,150.9,2032.8,-22.8,0.5,0.3,1.2
REACT_MINER_LIGHTER,SPK_MINER,0.7,242.4,2366.6,-19.9,0.7,0.3,0.2
REACT_MINER_TAPE,SPK_MINER,0.7,242.4,2088.7,-21.3,0.7,0.8,0.6
REACT_WINE_CHICKPEAS,SPK_WINE,0.7,202.5,1338.4,-22.6,0.6,0.9,0.4
D10A_TH_WRONG_2,SPK_THEODOROS,0.7,94.7,1684.9,-20.4,0.5,0.0,1.2
D10B_F_B2_2,SPK_FATIH,0.7,105.3,974.2,-21.8,0.7,0.2,0.5
D10B_H_RADIO_3,SPK_HIKMET,0.7,313.7,2136.3,-18.3,0.3,0.8,1.2
D10G_F_1,SPK_FISHMONGER,0.7,381.0,2380.5,-24.0,0.4,0.7,1.2
D10G_W_R3,SPK_WINE,0.7,207.8,1097.2,-20.2,0.2,0.8,1.2
D10H_K_ANSWER,SPK_EMPEROR,0.7,103.2,1334.8,-21.2,0.1,0.9,0.5
D10H_N_1,SPK_NIKO,0.7,301.9,2200.6,-27.2,0.3,0.3,1.2
D10Z_K_MAIN_OK_1,SPK_KADRI,0.7,313.7,2020.7,-22.4,0.3,0.0,1.2
D11_N_SAW_FLY,SPK_NIHAT,0.7,149.5,1160.1,-20.2,0.6,0.9,1.2
D11_N_TIME_UP,SPK_NIHAT,0.7,164.3,1160.0,-22.2,0.0,0.9,0.1
D12_F_SEAL,SPK_FATIH,0.7,105.3,1023.6,-20.9,0.7,0.8,0.1
D14_N_Z1_REFUSED,SPK_NIHAT,0.7,145.5,1274.4,-21.2,0.7,0.6,0.5
D17_N_01_WALLS,SPK_NIHAT,0.7,145.5,1175.6,-21.9,0.7,0.7,0.1
D17_N_CLAIM,SPK_NIHAT,0.7,163.3,1160.4,-23.2,0.0,0.9,0.8
D21O_N_END,SPK_NIHAT,0.7,145.5,1178.9,-21.2,0.7,0.7,0.6
D24_M_RAIN,SPK_MONK,0.7,93.6,1403.9,-20.7,0.7,0.6,0.2
D27_T_GREEK,SPK_TOLGA,0.7,164.1,1325.5,-22.5,0.2,0.9,0.7
D32O_N_LIGHTS,SPK_NIHAT,0.7,175.8,1174.4,-20.2,0.5,0.7,1.2
D38O_S_FORK,SPK_SAILOR,0.7,347.8,2224.9,-20.5,0.7,0.3,1.2
D3_H_SAW_FLY,SPK_HIKMET,0.7,326.5,2195.4,-18.3,0.3,0.5,1.2
D3_N_END_34,SPK_NIHAT,0.7,145.5,1286.6,-22.8,0.7,0.8,0.5
D9_THEO_YES,SPK_THEODOROS,0.7,95.2,1506.4,-23.0,0.5,0.9,0.1
REACT_LUTFI_TAPE,SPK_LUTFI,0.7,148.1,1113.6,-21.6,0.1,0.9,0.2
REACT_SOLDIER_POWERBANK,SPK_SOLDIER,0.7,146.8,1544.7,-18.3,0.7,0.9,0.3
D10A_T_02,SPK_TOLGA,0.7,205.1,1609.5,-20.5,0.7,0.2,0.3
D10B_F_B1_2_CUBE,SPK_FATIH,0.7,123.1,874.2,-21.8,0.7,0.9,0.5
D10B_U_CAST_OK,SPK_URBAN,0.7,313.7,2179.1,-20.8,0.3,0.9,0.6
D10H_T_FIX_1,SPK_TOLGA,0.7,142.9,1338.8,-22.5,0.7,0.9,0.7
D10O_A_FEZ_VOUCH,SPK_AGA,0.7,340.4,1914.5,-21.8,0.3,0.9,0.0
D10O_A_ITEM_PHONE,SPK_AGA,0.7,347.8,1889.8,-23.6,0.7,0.7,1.2
D10O_A_Q1_SKIP_FEZ,SPK_AGA,0.7,347.8,1825.9,-22.4,0.7,0.1,0.4
D10O_A_Q3_KAVUK_TWIST,SPK_AGA,0.7,347.8,1902.9,-21.2,0.7,0.8,0.4
D10O_DERVISH_2,SPK_DERVISH,0.7,92.0,1440.4,-20.9,0.7,0.1,0.4
D12B_K_WALK,SPK_EMPEROR,0.7,102.6,969.8,-23.1,0.0,0.9,0.2
D12_F_ITEM_BOOK,SPK_FATIH,0.7,115.1,1035.7,-22.6,0.1,0.9,0.9
D15_S_W13,SPK_TOLGA,0.7,142.9,1511.6,-21.3,0.7,0.2,0.1
D22_T_BURN,SPK_TOLGA,0.7,142.9,1474.3,-19.6,0.7,0.3,0.7
D23_N_01,SPK_NIHAT,0.7,168.4,1293.6,-21.2,0.2,0.9,0.5
D24O_D_REST,SPK_DERVISH,0.7,92.5,1263.6,-21.4,0.6,0.9,0.1
D26O_H_01,SPK_HASAN,0.7,301.9,1825.7,-22.9,0.7,0.1,0.1
D26_T_AYA_CANDLE,SPK_TOLGA,0.7,205.1,1443.8,-19.0,0.7,0.5,1.0
D31O_N_PHOTO,SPK_NIHAT,0.7,164.9,1160.6,-21.8,0.1,0.9,0.1
D32O_TP_NAME_1,SPK_TOPCU,0.7,307.7,1916.7,-25.1,0.6,0.9,0.1
D32O_TP_URBAN_CRACKED,SPK_TOPCU,0.7,326.5,1916.7,-26.3,0.3,0.9,0.6
D32O_T_IFTAR,SPK_TOLGA,0.7,205.1,1548.8,-20.6,0.7,0.0,0.2
D33O_T_STONE,SPK_TOLGA,0.7,205.1,1616.9,-19.0,0.7,0.2,1.0
D33O_T_WARN,SPK_TOLGA,0.7,205.1,1681.6,-19.0,0.7,0.5,1.0
D34O_U_END_NICK,SPK_URBAN,0.7,326.5,2179.1,-21.6,0.3,0.9,1.1
D38O_S_OIL,SPK_SAILOR,0.7,333.3,2103.6,-22.0,0.1,0.9,0.7
MG_HAG_URBAN_DEAL,SPK_URBAN,0.7,313.7,1998.9,-21.7,0.3,0.6,1.2
QUEST_BOOK_DONE,SPK_TOLGA,0.7,205.1,1638.4,-19.4,0.7,0.3,0.8
QUEST_GALATA_DONE,SPK_TOLGA,0.7,205.1,1513.3,-20.3,0.7,0.2,0.4
REACT_AGA_CHICKPEAS,SPK_AGA,0.7,347.8,1817.3,-20.7,0.7,0.0,0.8
REACT_DERVISH_COLOGNE,SPK_DERVISH,0.7,92.0,1302.3,-21.9,0.7,0.7,0.3
REACT_DERVISH_THERMOS,SPK_DERVISH,0.7,92.0,1466.4,-22.8,0.7,0.2,0.9
REACT_GUARDS_LIGHTER,SPK_HASAN,0.7,301.9,1810.4,-23.1,0.7,0.0,0.1
REACT_HIKMET_SELFIE,SPK_HIKMET,0.7,313.7,2352.2,-18.3,0.3,0.4,1.2
D10O_CAMELEER_1,SPK_CAMELEER,0.7,355.6,2286.0,-24.4,0.6,0.5,1.2
D11_N_WALL_KEPT,SPK_NIHAT,0.7,149.5,1161.8,-21.6,0.6,0.9,0.3
D12_T_WHO_B,SPK_TOLGA,0.7,150.9,1788.4,-23.5,0.5,0.9,1.1
D13_T_MISSED,SPK_TOLGA,0.7,149.5,1367.3,-23.6,0.6,0.8,1.2
D15_G_WATER,SPK_HIKMET,0.7,326.5,2322.3,-18.3,0.3,0.2,1.2
D18_N_01,SPK_NIHAT,0.7,163.3,1273.4,-23.8,0.0,0.6,1.2
D19O_R_HOOKS_OK,SPK_PATROL,0.7,223.8,2447.6,-20.0,0.7,0.3,0.1
D20_G_SECOND,SPK_GIUST,0.7,219.2,1996.5,-23.3,0.0,0.9,0.1
D21_T_WARM,SPK_TOLGA,0.7,202.5,1330.6,-20.6,0.7,0.9,0.2
D25O_T_END,SPK_TOLGA,0.7,156.9,1331.7,-21.1,0.4,0.9,0.0
D26O_T_03,SPK_TOLGA,0.7,144.1,1670.9,-23.5,0.7,0.4,1.2
D26_KS_1,SPK_KASIM,0.7,119.0,1162.9,-22.1,0.1,0.9,1.2
D35O_T_PHOTO,SPK_TOLGA,0.7,183.9,1787.3,-20.5,0.2,0.9,0.3
D38O_N_PHOTO_OK,SPK_NIHAT,0.7,155.3,1161.8,-21.8,0.3,0.9,0.2
D39O_S_TILE,SPK_SAILOR,0.7,347.8,2319.1,-20.6,0.7,0.1,1.2
D4B_N_02,SPK_NIKO,0.7,320.0,2117.1,-24.1,0.4,0.9,0.8
D4B_N_CELL,SPK_NIKO,0.7,290.9,2222.0,-25.5,0.7,0.2,0.1
D5_H_AFTER_CAMP,SPK_HIKMET,0.7,307.7,2443.8,-20.3,0.6,0.9,0.1
D7_NIKO_AWE_TRUTH,SPK_NIKO,0.7,301.9,2274.0,-27.1,0.3,0.2,1.2
D7_THEO_TRUTH_CELL,SPK_THEODOROS,0.7,106.7,1571.8,-21.8,0.7,0.6,0.6
D9_THEO_3,SPK_THEODOROS,0.7,106.7,1709.3,-24.6,0.7,0.2,0.7
D9_T_H2_GUN2,SPK_TOLGA,0.7,195.1,1461.1,-18.6,0.5,0.4,1.2
EV_COUNCIL_5,SPK_TOLGA,0.7,161.6,1681.1,-23.6,0.3,0.5,1.2
MG_ARC_H_APPLE,SPK_HASAN,0.7,285.7,1736.3,-20.9,0.3,0.4,1.2
MG_CAUL_K_OK,SPK_KADRI,0.7,326.5,2169.0,-25.8,0.3,0.9,0.8
MG_HAG_DOUBLE_LOW,SPK_DOUBLE,0.7,250.0,1989.4,-18.3,0.0,0.1,1.2
NPC_CROWD_BYZ_10,SPK_TOWNSMAN,0.7,133.3,1258.2,-20.4,0.4,0.9,0.7
REACT_CANDARLI_CHICKPEAS,SPK_CANDARLI,0.7,80.6,1243.5,-21.2,0.7,0.1,0.2
REACT_EMPEROR_PHONE,SPK_EMPEROR,0.7,107.4,1257.6,-23.1,0.7,0.5,0.3
REACT_KADRI_REPLAY_2,SPK_KADRI,0.7,320.0,1895.5,-22.5,0.0,0.8,1.2
REACT_NIKO_BOOK,SPK_NIKO,0.7,290.9,2149.2,-26.0,0.7,0.7,0.4
REACT_WINE_LIGHTER,SPK_WINE,0.7,216.2,1092.1,-23.4,0.4,0.9,0.9
D10H_TH_PASS,SPK_THEODOROS,0.7,92.8,1579.8,-20.9,0.7,0.5,1.0
D10L_T_RADIO,SPK_TOLGA,0.7,168.4,1784.9,-20.8,0.1,0.9,0.1
D10O_A_Q1_OK2,SPK_AGA,0.7,326.5,1834.5,-23.6,0.3,0.2,1.2
D12B_K_CANT_SAY,SPK_EMPEROR,0.7,98.2,1056.6,-22.5,0.7,0.5,0.0
D13_H3_TOGETHER,SPK_HIKMET,0.7,313.8,2116.6,-20.2,0.3,0.9,0.1
D13_R_OPEN,SPK_RIZA,0.7,238.8,2600.4,-19.0,0.1,0.9,0.2
D14_N_Z1,SPK_NIHAT,0.7,146.1,1187.2,-23.0,0.7,0.5,0.7
D15_G_H2,SPK_HIKMET,0.7,326.5,2114.9,-19.7,0.3,0.9,0.3
D19_S_GRAIN_BAD,SPK_SAILOR,0.7,310.7,2454.4,-26.1,0.7,0.8,0.7
D19_T_ASHAMED,SPK_TOLGA,0.7,150.9,1332.8,-20.9,0.5,0.9,0.1
D21_G_01_KNOWN,SPK_GRANT,0.7,123.6,879.4,-19.8,0.5,0.9,0.3
D21_K_C1,SPK_KASIM,0.7,111.1,1227.8,-28.5,0.7,0.5,0.7
D22O_H_01,SPK_HASAN,0.7,242.4,1634.0,-24.1,0.7,0.9,0.6
D23O_T_END,SPK_TOLGA,0.7,143.5,1578.7,-20.4,0.7,0.1,0.3
D23_TH_PASS,SPK_THEODOROS,0.7,98.8,1766.5,-20.5,0.1,0.5,1.2
D25O_H_LEB,SPK_HASAN,0.7,246.2,1644.5,-25.1,0.6,0.8,1.2
D29O_T_FELL,SPK_TOLGA,0.7,182.9,1368.4,-18.6,0.2,0.8,1.2
D30O_T_LOST_TOWER,SPK_TOLGA,0.7,143.5,1415.6,-22.0,0.7,0.6,0.4
D37O_AB_04,SPK_AZAPBASI,0.7,290.9,1845.0,-23.0,0.4,0.6,1.2
D3_M_08,SPK_MUFIDE,0.7,250.0,1196.3,-22.5,0.1,0.9,0.2
D4B_T_ECLIPSE_3,SPK_TOLGA,0.7,192.8,1653.6,-18.6,0.4,0.4,1.2
D6A_T_01,SPK_TOLGA,0.7,148.1,1335.3,-22.0,0.6,0.9,0.4
D7_LUTFI_HELLO,SPK_LUTFI,0.7,136.8,1118.5,-21.5,0.6,0.9,0.3
D7_N_FOUND_CELL,SPK_NIHAT,0.7,146.1,1274.4,-22.7,0.7,0.6,0.5
D7_N_SUNSET,SPK_NIHAT,0.7,148.2,1162.7,-22.4,0.6,0.9,0.2
D8_C_PAY2,SPK_CEMIL,0.7,258.1,1668.5,-19.2,0.0,0.9,0.8
D9_G_LATER_HUFEZ,SPK_HUSEYIN,0.7,153.8,1238.9,-20.6,0.7,0.5,0.8
D9_G_WAIT,SPK_HASAN,0.7,275.9,1981.1,-23.3,0.1,0.9,0.2
D9_KADRI_TR3,SPK_KADRI,0.7,320.0,2165.6,-24.9,0.0,0.9,0.3
D9_T_GATE_LETTER,SPK_TOLGA,0.7,163.3,1333.9,-19.4,0.2,0.9,0.8
NPC_CROWD_BYZ_5,SPK_TOWNSMAN,0.7,133.3,1259.0,-19.5,0.4,0.9,0.2
REACT_MINER_PHONE,SPK_MINER,0.7,238.8,2509.3,-21.3,0.5,0.9,0.7
REACT_URBAN_REPLAY_2,SPK_URBAN,0.7,320.0,2177.5,-18.6,0.0,0.9,0.8
D10A_N_FORM_6,SPK_NIHAT,0.7,165.8,1290.7,-21.1,0.1,0.9,0.6
D10B_U_CAST_GOOD,SPK_URBAN,0.7,333.3,2023.3,-19.5,0.7,0.4,0.2
D10B_U_FUSE_ULIGHTER,SPK_URBAN,0.7,333.3,2037.1,-20.9,0.7,0.2,0.7
D10G_T_SEASICK,SPK_TOLGA,0.7,144.1,1774.8,-19.1,0.7,0.8,0.9
D10O_CAMELEER_2,SPK_CAMELEER,0.7,381.0,2362.7,-22.8,0.6,0.9,0.2
D10O_K_COME,SPK_KADRI,0.7,333.3,2040.0,-24.1,0.7,0.1,0.2
D12_END_12_1_3_NONAME,SPK_FATIH,0.7,118.5,903.5,-18.4,0.3,0.6,1.1
D12_F_CONFESS,SPK_FATIH,0.7,118.1,877.4,-18.7,0.3,0.9,1.0
D13_H3_01,SPK_HIKMET,0.7,333.3,2267.4,-20.6,0.7,0.1,0.3
D13_H_TUNE_DEPOT,SPK_HIKMET,0.7,333.3,2404.7,-19.7,0.7,0.7,0.3
D13_W4_2,SPK_HIKMET,0.7,333.3,2248.8,-20.6,0.7,0.2,0.3
D15_G_T3_TUNED,SPK_HIKMET,0.7,333.3,2224.7,-19.1,0.7,0.3,0.7
D15_G_W6,SPK_HIKMET,0.7,333.3,2350.5,-20.5,0.7,0.4,0.2
D15_G_W8,SPK_HIKMET,0.7,333.3,2160.7,-21.8,0.7,0.6,1.1
D15_N_N1,SPK_NIHAT,0.7,180.0,1247.1,-21.8,0.7,0.3,0.2
D15_R_H_1,SPK_HIKMET,0.7,333.3,2375.1,-19.4,0.7,0.5,0.5
D15_Y_H_RADIO_CALL_DRIFT,SPK_HIKMET,0.7,333.3,2133.4,-19.7,0.7,0.8,0.3
D1_H_19,SPK_HIKMET,0.7,333.3,2437.6,-20.4,0.7,0.9,0.2
D20O_U_NAME_1,SPK_URBAN,0.7,333.3,2085.7,-21.0,0.7,0.1,0.7
D20O_U_NAME_2,SPK_URBAN,0.7,333.3,2069.3,-20.9,0.7,0.0,0.7
D24O_K_STORM,SPK_KADRI,0.7,333.3,2163.5,-24.3,0.7,0.9,0.1
D24_K_THANKS,SPK_KID,0.7,246.2,1247.1,-21.5,0.7,0.2,0.4
D26_N_AYA,SPK_NIHAT,0.7,180.0,1231.8,-23.4,0.7,0.1,0.9
D27_T_I_THANKS,SPK_TOLGA,0.7,144.1,1562.5,-21.9,0.7,0.0,0.4
D28O_U_ROAD_OK,SPK_URBAN,0.7,333.3,2069.4,-19.4,0.7,0.0,0.3
D2_H_AFTER_WARRANTY,SPK_HIKMET,0.7,333.3,2149.6,-19.7,0.7,0.7,0.2
D2_H_SWIM_HELP,SPK_HIKMET,0.7,333.3,2283.4,-21.7,0.7,0.0,1.1
D2_H_WARRANTY,SPK_HIKMET,0.7,333.3,2411.1,-21.6,0.7,0.7,1.0
D32O_TP_COOL,SPK_TOPCU,0.7,333.3,1949.0,-24.1,0.7,0.6,0.7
D33O_U_BACK,SPK_URBAN,0.7,333.3,2158.6,-19.6,0.7,0.7,0.2
D34O_T_HANG,SPK_TOLGA,0.7,170.2,1347.6,-18.6,0.1,0.8,1.1
D34O_U_01_ALT,SPK_URBAN,0.7,326.5,2174.1,-20.4,0.3,0.9,0.4
D35O_U_01,SPK_URBAN,0.7,333.3,2063.3,-20.0,0.7,0.0,0.1
D35O_U_ROPE,SPK_URBAN,0.7,333.3,2099.8,-19.6,0.7,0.3,0.2
D37O_T_END_BAD,SPK_TOLGA,0.7,144.1,1701.7,-22.8,0.7,0.6,0.8
D37O_U_04,SPK_URBAN,0.7,333.3,2133.5,-18.6,0.7,0.5,0.9
D4A_T_WIN_FEZ,SPK_TOLGA,0.7,203.8,1521.1,-19.9,0.7,0.1,0.6
D5_H_AFTER_DISHES,SPK_HIKMET,0.7,333.3,2191.8,-19.4,0.7,0.5,0.5
D5_H_FOUND,SPK_HIKMET,0.7,333.3,2337.3,-20.1,0.7,0.3,0.0
D5_H_FOUND_SLIPPER,SPK_HIKMET,0.7,333.3,2249.5,-20.8,0.7,0.1,0.5
D5_H_FOUND_TV,SPK_HIKMET,0.7,333.3,2428.2,-19.5,0.7,0.8,0.4
D6_GIUST_CUBE,SPK_GIUST,0.7,228.6,2367.6,-22.1,0.6,0.9,0.7
D6_URBAN_SELFIE,SPK_URBAN,0.7,333.3,2118.5,-19.7,0.7,0.4,0.1
D7_N_CANNON_PLAIN,SPK_NIHAT,0.7,156.9,1269.4,-20.3,0.3,0.6,1.1
D7_URBAN_AGAIN,SPK_URBAN,0.7,333.3,2066.1,-20.3,0.7,0.0,0.3
D7_URBAN_DJINN_CUBE,SPK_URBAN,0.7,333.3,2077.0,-20.4,0.7,0.1,0.3
D8_A1_TEA,SPK_AGENT1,0.7,336.9,1715.3,-23.0,0.7,0.7,0.0
D8_H_BADGE_3,SPK_HIKMET,0.7,333.3,2274.9,-20.9,0.7,0.0,0.5
D8_H_CALL_1,SPK_HIKMET,0.7,313.7,2117.3,-19.6,0.3,0.9,0.3
D9_LUTFI_AGAIN,SPK_LUTFI,0.7,152.4,1255.3,-19.6,0.1,0.2,1.1
D9_T_GOAL,SPK_TOLGA,0.7,144.1,1354.8,-20.4,0.7,0.8,0.3
D9_URBAN_TR1,SPK_URBAN,0.7,333.3,1997.1,-18.3,0.7,0.6,1.1
D_AYA_TOP_AFTER,SPK_TOLGA,0.7,144.1,1669.6,-20.9,0.7,0.4,0.1
HIKMET_ITEM_POWERBANK,SPK_HIKMET,0.7,313.7,2438.3,-19.9,0.3,0.9,0.1
ITEM_SELF_BOOK,SPK_TOLGA,0.7,144.1,1530.4,-22.8,0.7,0.1,0.8
MG_CAUL_K_START_3,SPK_KADRI,0.7,313.7,2059.8,-26.4,0.3,0.2,1.1
NPC_KID_3,SPK_KID,0.7,246.2,1290.5,-20.3,0.7,0.3,0.1
REACT_DOUBLE_POWERBANK,SPK_DOUBLE,0.7,254.0,2047.3,-18.4,0.2,0.6,1.1
REACT_KADRI_PHONE,SPK_KADRI,0.7,333.3,2144.5,-23.0,0.7,0.7,0.9
REACT_URBAN_CHICKPEAS,SPK_URBAN,0.7,333.3,2113.1,-21.5,0.7,0.4,1.1
D10B_T_B1_4_CUBE,SPK_TOLGA,0.7,186.0,1342.0,-20.3,0.3,0.8,0.4
D10L_D_HEARD,SPK_MINER,0.7,238.8,2309.4,-18.4,0.5,0.1,1.1
D12B_K_01,SPK_EMPEROR,0.7,107.0,1070.0,-19.4,0.7,0.4,1.1
D13_U3_ASK,SPK_URBAN,0.7,326.5,2173.7,-20.7,0.3,0.8,0.5
D15_G_W7_PLAIN,SPK_HIKMET,0.7,307.7,2119.7,-20.1,0.6,0.8,0.0
D17_TR_SHORT,SPK_TREVISANO,0.7,210.5,2208.9,-22.9,0.7,0.8,0.4
D18_U_CROOKED,SPK_USTA,0.7,246.2,1802.4,-20.4,0.5,0.8,0.6
D19O_C_ANSWER,SPK_BRIG,0.7,130.6,1265.7,-17.9,0.7,0.2,1.1
D25_G_TRAY,SPK_SOLDIER,0.7,254.0,1698.4,-15.6,0.7,0.5,0.6
D25_T_01,SPK_TOLGA,0.7,192.8,1341.1,-18.7,0.4,0.8,1.1
D26O_S_WATER_1,SPK_SOLDIER,0.7,152.4,1697.5,-21.0,0.6,0.5,1.1
D26_L_WAVE_3,SPK_LOOKOUT,0.7,326.5,2372.5,-15.9,0.7,0.0,0.4
D29O_B_END,SPK_BALTA,0.7,190.5,1434.8,-12.1,0.7,0.7,0.2
D32O_T_NAME,SPK_TOLGA,0.7,158.5,1541.9,-23.5,0.4,0.1,1.1
D34O_U_LIFTED,SPK_URBAN,0.7,326.5,2172.7,-18.8,0.3,0.8,0.7
D38O_S_ARROW_OK,SPK_SAILOR,0.7,333.3,2138.8,-20.8,0.1,0.7,1.1
D4A_HA_BLUFF,SPK_HASAN,0.7,262.3,1642.9,-25.0,0.2,0.8,1.1
D6B_G_GULL,SPK_GIUST,0.7,219.2,2004.4,-24.0,0.0,0.8,0.6
D8_A_CAUGHT_2_ITEM,SPK_AGENT1,0.7,290.9,1790.4,-23.4,0.7,0.0,0.2
D9_KADRI_TR1,SPK_KADRI,0.7,326.5,1890.2,-23.8,0.3,0.8,0.4
NPC_CROWD_BYZ_2,SPK_TOWNSMAN,0.7,131.1,1286.1,-19.4,0.7,0.6,0.1
REACT_CALLIGRAPHER_PHONE,SPK_CALLIGRAPHER,0.7,90.9,893.7,-17.7,0.3,0.8,1.0
REACT_NIHAT_BOOK,SPK_NIHAT,0.7,160.8,1267.0,-20.3,0.1,0.5,1.1
D10A_TH_MEET_2,SPK_THEODOROS,0.7,93.0,1630.5,-22.2,0.7,0.2,0.4
D10G_D_1,SPK_DOUBLE,0.7,235.3,1956.4,-20.6,0.7,0.2,0.1
D10G_D_AGAIN_NOKAFTAN_NOFEZ,SPK_DOUBLE,0.7,235.3,2019.2,-22.0,0.7,0.3,0.9
D10L_D_DIG_4,SPK_MINER,0.7,222.2,2212.9,-20.1,0.7,0.3,0.1
D10L_D_SUPPORT_NO,SPK_MINER,0.7,222.2,2197.3,-19.9,0.7,0.3,0.2
D10O_A_Q2_OK,SPK_AGA,0.7,320.0,1756.0,-22.5,0.7,0.6,0.5
D10O_A_Q2_OK2,SPK_AGA,0.7,320.0,1906.9,-22.1,0.7,0.8,0.2
D11_NK_03,SPK_NIKO,0.7,326.5,2310.6,-25.3,0.7,0.4,0.0
D12_END_12_5_1_NONAME,SPK_FATIH,0.7,106.0,903.8,-20.5,0.7,0.6,0.1
D12_F_KEY,SPK_FATIH,0.7,106.0,950.5,-22.5,0.7,0.1,0.9
D14_M_T3,SPK_MUFIDE,0.7,262.3,1295.1,-22.3,0.7,0.1,0.1
D15_Y_F_04,SPK_AGENCY,0.7,231.9,1396.2,-21.7,0.7,0.0,0.3
D17O_A_LOAD_1,SPK_AGENT1,0.7,291.0,1820.1,-22.8,0.7,0.3,0.2
D17_N_02,SPK_NIHAT,0.7,146.8,1197.9,-23.2,0.7,0.4,0.8
D17_TR_RESCUE,SPK_TREVISANO,0.7,266.7,2450.9,-20.8,0.7,0.5,0.2
D18_U_SECTION_4,SPK_USTA,0.7,275.9,1633.2,-20.1,0.7,0.0,0.8
D19_S_RETURN,SPK_SAILOR2,0.7,242.4,1566.3,-21.2,0.7,0.3,0.6
D19_S_TEZKIRE_FLEE,SPK_SAILOR,0.7,326.5,2235.5,-27.3,0.1,0.3,1.1
D20_G_01_KNOWN_WARNED,SPK_GIUST,0.7,207.8,2217.5,-23.2,0.7,0.2,0.1
D20_NK_01,SPK_NIKO,0.7,326.5,2256.9,-24.5,0.7,0.0,0.5
D20_T_01,SPK_TOLGA,0.7,151.7,1776.3,-20.5,0.5,0.8,0.3
D21_J_CALL,SPK_JANISSARY,0.7,355.6,2019.7,-21.5,0.7,0.0,0.0
D21_N_01,SPK_NIHAT,0.7,146.8,1212.2,-21.6,0.7,0.2,0.3
D22_G_END,SPK_GIUST,0.7,207.8,2212.2,-23.3,0.7,0.1,0.2
D22_N_01,SPK_NIHAT,0.7,146.8,1193.5,-21.6,0.7,0.5,0.3
D23_I_LETTER,SPK_ISMAIL,0.7,124.0,938.9,-21.0,0.7,0.5,0.0
D25O_N_HANDOFF,SPK_NIHAT,0.7,146.8,1189.8,-22.1,0.7,0.5,0.1
D25_Z_1,SPK_ZAGANOS,0.7,134.5,959.5,-16.6,0.7,0.7,0.7
D26O_T_BANNER,SPK_TOLGA,0.7,144.8,1365.6,-19.6,0.7,0.8,0.7
D26_T_MISSED,SPK_TOLGA,0.7,144.8,1618.2,-23.1,0.7,0.2,0.9
D27_B_RETURN,SPK_BRIG,0.7,111.9,1300.4,-20.6,0.7,0.5,0.4
D27_B_TEZKIRE,SPK_BRIG,0.7,111.9,1129.8,-20.1,0.7,0.7,0.1
D27_N_ADVICE,SPK_NIHAT,0.7,146.8,1192.9,-20.8,0.7,0.5,0.8
D31O_DV_02,SPK_DERVISH,0.7,95.8,1274.8,-21.3,0.1,0.8,0.1
D31O_DV_TURN,SPK_DERVISH,0.7,92.2,1366.9,-21.9,0.7,0.3,0.3
D31O_HR_01,SPK_HERALD,0.7,182.7,1841.6,-19.0,0.7,0.0,0.0
D32O_U_END,SPK_USTA,0.7,275.9,1677.1,-20.9,0.7,0.2,0.2
D35O_D_LASH_BAD,SPK_DULGER,0.7,268.9,1672.3,-18.0,0.7,0.0,0.1
D39O_N_EMP,SPK_NIHAT,0.7,146.8,1225.7,-22.7,0.7,0.0,0.4
D3_M_ALARM,SPK_MUFIDE,0.7,262.3,1284.3,-21.7,0.7,0.0,0.3
D4A_T_AGAIN,SPK_TOLGA,0.7,158.4,1730.3,-23.4,0.4,0.7,1.1
D4B_N_01_NOFEZ,SPK_NIKO,0.7,326.5,2289.1,-24.7,0.7,0.3,0.5
D6B_C_PHONE,SPK_CLERK,0.7,148.1,2216.9,-20.9,0.7,0.4,0.1
D6B_N_BYE,SPK_NIKO,0.7,326.5,2184.8,-24.0,0.7,0.4,0.9
D6B_N_GULL,SPK_NIKO,0.7,326.5,2236.3,-24.6,0.7,0.1,0.5
D7_N_KADRI_ASK,SPK_NIHAT,0.7,146.8,1246.1,-22.2,0.7,0.3,0.1
D7_THEO_FORM_Z9,SPK_THEODOROS,0.7,93.0,1599.1,-21.3,0.7,0.4,0.8
D8_H_GOT_TAPE,SPK_HIKMET,0.7,320.0,2435.3,-19.8,0.0,0.8,0.2
EV_ENVOY_7,SPK_TOLGA,0.7,172.0,1776.0,-20.4,0.0,0.8,0.3
NPC_CROWD_CAMP_9,SPK_SOLDIER,0.7,146.8,1864.1,-19.9,0.7,0.1,0.8
REACT_AGA_BOOK,SPK_AGA,0.7,320.0,1855.2,-22.1,0.7,0.4,0.2
REACT_CANDARLI_COLOGNE,SPK_CANDARLI,0.7,83.3,1298.4,-19.7,0.7,0.1,0.1
REACT_CANDARLI_POWERBANK,SPK_CANDARLI,0.7,142.1,850.8,-18.2,0.0,0.8,0.5
REACT_CANDARLI_SELFIE,SPK_CANDARLI,0.7,106.0,849.0,-15.8,0.4,0.8,1.1
REACT_DOUBLE_SELFIE,SPK_DOUBLE,0.7,235.3,1980.4,-19.2,0.7,0.0,0.7
REACT_DOUBLE_TAPE,SPK_DOUBLE,0.7,240.6,1878.3,-20.6,0.4,0.8,0.1
REACT_FATIH_REPLAY_3,SPK_FATIH,0.7,106.0,887.9,-21.2,0.7,0.7,0.2
REACT_NIKO_CHICKPEAS,SPK_NIKO,0.7,326.5,2322.3,-24.4,0.7,0.5,0.7
REACT_NIKO_REPLAY_5,SPK_NIKO,0.7,326.5,2352.1,-25.3,0.7,0.7,0.0
REACT_PASHA_BOOK,SPK_PASHA,0.7,124.0,1024.6,-18.3,0.7,0.2,1.1
REACT_PASHA_CUBE,SPK_PASHA,0.7,124.0,945.4,-19.4,0.7,0.7,0.6
REACT_WINE_PHONE,SPK_WINE,0.7,219.2,1275.5,-23.0,0.7,0.5,0.6
REACT_WINE_TAPE,SPK_WINE,0.7,219.2,1175.7,-22.3,0.7,0.3,0.2
D10B_F_01,SPK_FATIH,0.7,108.1,881.0,-21.1,0.5,0.8,0.2
D10G_C_3,SPK_CAPTAIN,0.7,273.5,1808.1,-20.0,0.5,0.8,0.9
D10H_N_K_ALT,SPK_NIKO,0.7,313.7,2373.4,-25.1,0.2,0.8,0.2
D10L_D_DIG_3,SPK_MINER,0.7,228.6,2071.6,-21.8,0.2,0.8,0.9
D10L_H_RADIO,SPK_HIKMET,0.7,326.5,2126.4,-19.3,0.3,0.8,0.5
D10L_T_04,SPK_TOLGA,0.7,145.5,1356.0,-22.5,0.7,0.8,0.7
D11_T_INSURANCE,SPK_TOLGA,0.7,145.5,1452.4,-22.1,0.7,0.4,0.5
D15_O_CARD_T,SPK_TOLGA,0.7,145.5,1731.3,-23.2,0.7,0.7,1.0
D19_T_RETURN,SPK_TOLGA,0.7,145.5,1369.0,-20.3,0.7,0.7,0.4
D20O_U_CHARGE,SPK_URBAN,0.7,326.5,2171.2,-20.2,0.3,0.8,0.2
D24_T_NK_01,SPK_TOLGA,0.7,161.6,1346.8,-20.5,0.3,0.8,0.3
D26O_N_TAPE,SPK_NIHAT,0.7,158.4,1255.5,-20.4,0.2,0.4,1.1
D26_N_ALARM_3,SPK_NIHAT,0.7,149.5,1170.9,-23.7,0.6,0.8,1.1
D27_I_THANKS,SPK_ISIDORE,0.7,89.9,1407.9,-20.8,0.7,0.3,0.6
D32O_H_WATER,SPK_HASAN,0.7,250.0,1773.6,-25.0,0.5,0.2,1.1
D33O_T_03,SPK_TOLGA,0.7,202.5,1631.3,-20.0,0.7,0.3,0.5
D37O_AB_POT,SPK_AZAPBASI,0.7,340.4,2183.9,-19.5,0.4,0.8,0.5
D3_H_21,SPK_HIKMET,0.7,320.0,2124.0,-20.9,0.0,0.8,0.5
D4A_ITEM_COLOGNE_2,SPK_HUSEYIN,0.7,167.7,1407.5,-20.2,0.0,0.8,0.6
D6A_T_C_TAKEN,SPK_TOLGA,0.7,202.5,1618.3,-21.8,0.7,0.2,0.3
D7_N_TRACE_TENT_THERMOS,SPK_NIHAT,0.7,148.8,1287.6,-23.4,0.6,0.8,0.9
D7_T_FAR_B,SPK_TOLGA,0.7,202.5,1567.4,-23.0,0.7,0.0,0.9
D8_H_01,SPK_HIKMET,0.7,320.0,2124.3,-21.3,0.0,0.8,0.8
D9_KADRI_NO,SPK_KADRI,0.7,313.7,2156.6,-25.2,0.3,0.8,0.5
D9_P_3,SPK_PASHA,0.7,114.3,920.6,-20.5,0.5,0.8,0.2
D9_T_GATE_WAIT,SPK_TOLGA,0.7,145.5,1364.0,-22.4,0.7,0.8,0.6
MG_ARC_H_BULL_2,SPK_HASAN,0.7,246.2,1940.9,-25.0,0.6,0.7,1.1
MG_ARC_H_LOSE,SPK_HASAN,0.7,254.0,1645.7,-24.2,0.4,0.8,0.7
MG_CAUL_K_DUEL_LOSE,SPK_KADRI,0.7,313.7,1893.9,-25.6,0.3,0.8,0.7
NPC_CROWD_GAL_7,SPK_GENOESE,0.7,158.4,1377.4,-18.2,0.2,0.8,0.4
REACT_CALLIGRAPHER_BOOK,SPK_CALLIGRAPHER,0.7,84.2,1262.1,-20.3,0.3,0.8,0.7
REACT_DERVISH_SELFIE,SPK_DERVISH,0.7,98.2,1278.1,-19.8,0.4,0.8,1.1
REACT_LUTFI_POWERBANK,SPK_LUTFI,0.7,135.0,1260.0,-19.9,0.7,0.3,1.0
REACT_TAILOR_POWERBANK,SPK_TAILOR,0.7,238.8,2086.0,-21.4,0.7,0.6,0.5
D12_K_01,SPK_KADRI,0.7,313.7,2108.9,-22.6,0.3,0.5,1.1
D12_T_CONFESS,SPK_TOLGA,0.7,163.3,1735.0,-23.3,0.2,0.7,1.1
D15_G_T3_1,SPK_HIKMET,0.7,307.7,2428.7,-21.3,0.6,0.8,0.8
D19_S2_TEZKIRE_RETURN,SPK_SAILOR2,0.7,266.7,1495.9,-19.8,0.0,0.8,0.0
D21_K_A2,SPK_KASIM,0.7,125.0,1352.3,-25.4,0.7,0.1,0.2
D22O_H_ALL,SPK_HASAN,0.7,299.1,1730.2,-21.7,0.7,0.4,0.7
D25B_S_1,SPK_DEFENDER,0.7,326.5,2205.4,-24.5,0.7,0.3,0.4
D26_KS_1_FIRE,SPK_KASIM,0.7,125.0,1267.6,-22.5,0.7,0.3,1.0
D26_S_ARROWS_2,SPK_SOLDIER,0.7,148.8,1691.1,-19.4,0.7,0.5,0.6
D27_N_END_STAY,SPK_NIHAT,0.7,147.5,1241.9,-21.8,0.7,0.2,0.1
D28O_U_HAUL,SPK_URBAN,0.7,326.5,2168.1,-19.3,0.3,0.8,0.4
D38O_S_03,SPK_SAILOR,0.7,347.8,2237.3,-22.8,0.7,0.3,0.5
D38O_S_OIL_OK,SPK_SAILOR,0.7,347.8,2169.1,-22.8,0.7,0.6,0.4
D39O_N_PHOTO,SPK_NIHAT,0.7,161.6,1286.9,-22.2,0.1,0.8,0.1
D3_N_7C_2,SPK_NIHAT,0.7,150.9,1286.7,-20.7,0.5,0.8,0.9
D3_N_END_31B,SPK_NIHAT,0.7,156.9,1286.8,-20.7,0.3,0.8,0.9
D3_N_ONTIME,SPK_NIHAT,0.7,156.9,1167.9,-20.9,0.3,0.8,0.8
D4B_NIKO_TAPE,SPK_NIKO,0.7,313.7,2371.2,-26.3,0.2,0.8,0.6
D6B_T_CAUGHT,SPK_TOLGA,0.7,145.8,1704.2,-21.4,0.7,0.6,0.1
D7_CLERK_QUEUE,SPK_CLERK,0.7,149.5,1909.8,-19.6,0.6,0.8,0.6
D7_HUSEYIN_HELLO,SPK_HUSEYIN,0.7,181.8,1351.3,-19.2,0.7,0.4,0.1
D7_HUSEYIN_WHO_HUFEZ,SPK_HUSEYIN,0.7,181.8,1304.6,-20.0,0.7,0.0,0.4
D7_NIKO_CELL_FIRST,SPK_NIKO,0.7,296.3,2360.1,-27.0,0.5,0.7,1.1
D7_S_LETTER,SPK_SOLDIER,0.7,148.8,1701.7,-20.2,0.7,0.5,0.9
D8_H_GUN_2,SPK_HIKMET,0.7,320.0,2404.6,-21.7,0.0,0.7,1.1
D9_C_NOBODY,SPK_CANDARLI,0.7,85.8,932.5,-17.3,0.7,0.7,0.8
D9_T_CUBE_BACK,SPK_TOLGA,0.7,149.5,1351.9,-21.6,0.6,0.8,0.2
ITEM_SELF_SELFIE_2,SPK_TOLGA,0.7,186.0,1766.3,-20.6,0.3,0.8,0.2
D10B_H_B3_AIR,SPK_HIKMET,0.6,307.7,2243.4,-19.9,0.6,0.2,0.1
D10B_T_B3_4,SPK_TOLGA,0.6,150.9,1564.0,-23.3,0.5,0.0,1.1
D10H_K_LETTER,SPK_EMPEROR,0.6,106.0,989.7,-21.2,0.5,0.8,0.5
D10Z_K_03,SPK_KADRI,0.6,307.7,1986.3,-22.9,0.6,0.2,0.9
D10Z_K_STOVE,SPK_KADRI,0.6,307.7,1963.9,-26.2,0.6,0.4,1.0
D10Z_K_YES_1,SPK_KADRI,0.6,307.7,1915.7,-24.0,0.6,0.7,0.3
D12_F_CANNON_D,SPK_FATIH,0.6,122.1,973.9,-20.5,0.6,0.2,0.1
D13_H3_STAY,SPK_HIKMET,0.6,307.7,2381.2,-20.0,0.6,0.6,0.1
D13_H_01,SPK_HIKMET,0.6,307.7,2225.1,-19.7,0.6,0.3,0.3
D13_H_FOUND,SPK_HIKMET,0.6,307.7,2292.1,-20.7,0.6,0.1,0.4
D14_N_03,SPK_NIHAT,0.6,155.3,1236.3,-20.4,0.3,0.1,1.1
D15_G_EAVES,SPK_HIKMET,0.6,307.7,2133.4,-19.4,0.6,0.8,0.5
D15_G_PYJAMA_2,SPK_HIKMET,0.6,307.7,2253.0,-21.7,0.6,0.1,1.1
D15_G_W5,SPK_HIKMET,0.6,307.7,2146.3,-19.6,0.6,0.7,0.3
D17O_A_02,SPK_TOPCU,0.6,307.7,1968.9,-25.4,0.6,0.5,0.1
D17O_A_BURNED,SPK_TOPCU,0.6,307.7,1979.7,-24.7,0.6,0.4,0.3
D17O_A_DAWN,SPK_TOPCU,0.6,307.7,2056.8,-26.5,0.6,0.2,0.7
D17_HINT_RESCUE,SPK_TOLGA,0.6,201.3,1683.3,-20.5,0.6,0.5,0.3
D17_N_PHONE_ISSUE,SPK_NIHAT,0.6,177.8,1168.1,-22.6,0.6,0.8,0.4
D17_TR_BACK,SPK_TREVISANO,0.6,254.0,2283.1,-17.8,0.4,0.4,1.1
D1_H_14,SPK_HIKMET,0.6,307.7,2245.4,-19.6,0.6,0.2,0.3
D20O_U_BED_CROOKED,SPK_URBAN,0.6,307.7,2153.7,-20.5,0.6,0.7,0.4
D20O_U_EDIRNE_SHORT,SPK_URBAN,0.6,307.7,2038.6,-21.4,0.6,0.2,1.0
D22O_H_WALL,SPK_HASAN,0.6,280.7,1649.5,-22.3,0.2,0.8,0.4
D24O_K_LOST_1,SPK_KADRI,0.6,307.7,2059.9,-25.9,0.6,0.2,0.9
D24O_K_MENU_1,SPK_KADRI,0.6,307.7,2009.1,-25.4,0.6,0.1,0.6
D24O_K_MENU_2,SPK_KADRI,0.6,326.5,1896.9,-23.2,0.3,0.8,0.7
D25_H_1,SPK_HIKMET,0.6,323.3,2129.7,-21.1,0.2,0.8,0.7
D32O_K_01,SPK_KADRI,0.6,307.7,1994.5,-23.9,0.6,0.2,0.3
D32O_TP_01_HIT,SPK_TOPCU,0.6,307.7,2056.4,-26.5,0.6,0.2,0.7
D34O_U_BLAST,SPK_URBAN,0.6,307.7,2108.2,-19.0,0.6,0.3,0.6
D38O_T_TR_ADD,SPK_TOLGA,0.6,179.8,1458.6,-18.8,0.1,0.4,1.1
D3_H_SWEEP_2,SPK_HIKMET,0.6,307.7,2288.9,-19.8,0.6,0.1,0.2
D3_H_TEA_1,SPK_HIKMET,0.6,307.7,2300.4,-19.5,0.6,0.1,0.4
D3_R_13,SPK_RIZA,0.6,246.2,2051.2,-18.5,0.4,0.8,0.5
D5_H_01,SPK_HIKMET,0.6,307.7,2182.3,-20.5,0.6,0.5,0.3
D5_H_03,SPK_HIKMET,0.6,307.7,2236.8,-20.3,0.6,0.2,0.1
D5_H_AFTER_CELL,SPK_HIKMET,0.6,307.7,2386.8,-21.1,0.6,0.6,0.7
D5_H_DISMANTLE2,SPK_HIKMET,0.6,307.7,2250.1,-19.0,0.6,0.1,0.7
D5_H_HATCH_EMPTY,SPK_HIKMET,0.6,307.7,2227.8,-20.6,0.6,0.3,0.3
D5_H_HIDDEN,SPK_HIKMET,0.6,307.7,2156.9,-19.5,0.6,0.7,0.4
D5_H_PICK_RING,SPK_HIKMET,0.6,307.7,2336.8,-21.0,0.6,0.3,0.6
D6A_S_LETTER_R1,SPK_SOLDIER,0.6,171.4,1586.5,-19.5,0.4,0.8,0.6
D6B_C_ALREADY,SPK_CLERK,0.6,149.5,2270.1,-22.5,0.6,0.6,1.1
D6B_T_LURE,SPK_TOLGA,0.6,175.8,1597.8,-18.9,0.0,0.1,1.1
D6_URBAN_COLOGNE,SPK_URBAN,0.6,307.7,2040.5,-21.1,0.6,0.2,0.8
D6_URBAN_PHONE,SPK_URBAN,0.6,307.7,1978.3,-19.9,0.6,0.7,0.0
D7_AWE_KADRI,SPK_KADRI,0.6,307.7,2097.8,-25.0,0.6,0.5,0.3
D7_EMPEROR_AGAIN,SPK_EMPEROR,0.6,103.9,1256.8,-25.3,0.2,0.5,1.1
D8_H_BADGE_2,SPK_HIKMET,0.6,307.7,2249.4,-20.8,0.6,0.2,0.5
D8_H_FAIL_CAUGHT_EMPTY,SPK_HIKMET,0.6,307.7,2412.0,-21.3,0.6,0.7,0.8
D8_H_FAIL_END,SPK_HIKMET,0.6,307.7,2354.4,-20.5,0.6,0.4,0.3
D8_H_GOT_CUTTER,SPK_HIKMET,0.6,313.7,2221.0,-21.7,0.3,0.3,1.1
D9_H2_AGAIN,SPK_HIKMET,0.6,307.7,2158.9,-19.9,0.6,0.6,0.1
D9_KADRI_OFFER_2,SPK_KADRI,0.6,307.7,2023.0,-24.3,0.6,0.0,0.1
D9_MINER_YES,SPK_MINER,0.6,238.8,2434.8,-18.5,0.5,0.6,1.1
D9_URBAN_OFFER_2_PLAIN,SPK_URBAN,0.6,307.7,2060.2,-20.7,0.6,0.1,0.6
D_EV_COLUMN,SPK_TOLGA,0.6,173.9,1764.9,-22.9,0.0,0.8,0.9
MG_CAUL_K_BAD,SPK_KADRI,0.6,307.7,1979.5,-23.1,0.6,0.3,0.8
MG_CAUL_K_DUEL_WIN,SPK_KADRI,0.6,307.7,1932.3,-25.4,0.6,0.6,0.6
REACT_CALLIGRAPHER_TAPE,SPK_CALLIGRAPHER,0.6,80.4,1177.5,-20.6,0.6,0.4,1.0
REACT_CANDARLI_TAPE,SPK_CANDARLI,0.6,86.7,933.5,-19.8,0.6,0.7,0.1
REACT_PAINTER_TAPE,SPK_PAINTER,0.6,93.0,1650.1,-23.5,0.5,0.8,0.5
D10B_U_CAST_INTRO,SPK_URBAN,0.6,313.7,2033.9,-21.5,0.3,0.3,1.1
D13_N_MISSED,SPK_NIKO,0.6,307.7,2162.9,-26.9,0.1,0.6,1.1
D15_G_T3_2,SPK_HIKMET,0.6,326.5,2425.6,-20.9,0.3,0.8,0.5
D15_Y_T_RADIO_2,SPK_TOLGA,0.6,146.8,1530.8,-21.3,0.6,0.1,0.1
D16_H_GONE_HUFEZ,SPK_HASAN,0.6,244.3,1840.4,-24.5,0.6,0.2,0.9
D17_T_RULE,SPK_TOLGA,0.6,201.3,1704.1,-20.5,0.6,0.6,0.2
D19_T_SALAM,SPK_TOLGA,0.6,146.8,1479.1,-21.0,0.6,0.3,0.0
D20_T_DROP_1,SPK_TOLGA,0.6,149.5,1434.7,-23.3,0.6,0.5,1.1
D21_T_PROMISE,SPK_TOLGA,0.6,146.8,1592.8,-23.0,0.6,0.1,0.9
D22O_H_CARRY,SPK_HASAN,0.6,290.9,1962.9,-21.8,0.5,0.8,0.7
D25_G_TEZKIRE,SPK_SOLDIER,0.6,150.9,1612.7,-20.7,0.6,0.7,1.1
D25_K_01,SPK_KADRI,0.6,313.7,1899.7,-23.3,0.3,0.8,0.7
D26_M_ALARM_2,SPK_MUFIDE,0.6,246.2,1356.6,-23.8,0.4,0.8,1.1
D26_N_BANNER,SPK_NIHAT,0.6,178.8,1216.6,-22.7,0.6,0.1,0.4
D32O_AZ_SAFE,SPK_AZAP,0.6,230.2,2133.2,-16.1,0.2,0.8,0.2
D33O_G_BRIBE,SPK_GENOESE,0.6,142.9,1417.2,-20.3,0.6,0.6,1.1
D33O_T_LADDER2,SPK_TOLGA,0.6,146.8,1365.5,-21.9,0.6,0.8,0.4
D38O_N_CRETE,SPK_NIHAT,0.6,153.8,1168.9,-20.9,0.4,0.8,0.7
D8_H_CAUGHT_2,SPK_HIKMET,0.6,320.0,2130.8,-18.9,0.0,0.8,0.8
D9_T_MINER_YES,SPK_TOLGA,0.6,190.5,1395.0,-18.9,0.4,0.6,1.1
MG_HAG_WINE_LOW,SPK_WINE,0.6,210.5,1227.9,-23.6,0.0,0.1,1.1
REACT_CLERK_LIGHTER,SPK_CLERK,0.6,164.9,2240.9,-20.2,0.6,0.5,0.3
D10B_U_CALC_EYE,SPK_URBAN,0.6,320.0,1972.6,-18.8,0.0,0.8,0.7
D10Z_F_TASTE_LEB,SPK_FATIH,0.6,111.1,931.2,-22.9,0.3,0.3,1.0
D10Z_T_FIRE_4_PLAIN,SPK_TOLGA,0.6,190.5,1358.9,-19.8,0.4,0.8,0.6
D11_T_04,SPK_TOLGA,0.6,185.0,1360.7,-21.6,0.3,0.8,0.2
D12_F_01_ARCHIVE,SPK_FATIH,0.6,106.7,915.2,-21.6,0.6,0.4,0.4
D13_H_TOG_3,SPK_HIKMET,0.6,316.9,2424.1,-20.6,0.2,0.8,0.3
D15_S_W2,SPK_TOLGA,0.6,155.3,1359.9,-20.3,0.4,0.8,0.3
D17_TR_COCO,SPK_TREVISANO,0.6,213.3,2225.3,-23.3,0.6,0.7,0.5
D19O_R_HOOKS_BAD,SPK_PATROL,0.6,225.4,2480.4,-21.6,0.6,0.4,0.8
D19O_R_WATCH,SPK_PATROL,0.6,225.4,2442.1,-20.4,0.6,0.2,0.2
D19_P_INSURE,SPK_PATROL,0.6,225.4,2380.1,-18.8,0.6,0.0,0.5
D21_G_TAKE,SPK_GRANT,0.6,122.1,1036.5,-18.8,0.3,0.8,0.8
D24_M_01,SPK_MONK,0.6,95.2,1398.6,-21.8,0.6,0.6,0.9
D24_M_STOP,SPK_MONK,0.6,99.1,1600.3,-20.8,0.4,0.8,0.2
D26O_K_WATER,SPK_KADRI,0.6,313.7,1901.6,-23.2,0.3,0.8,0.7
D26_N_CITY,SPK_NIHAT,0.6,148.1,1213.1,-22.1,0.6,0.2,0.1
D26_T_LOST,SPK_TOLGA,0.6,153.8,1362.3,-20.4,0.5,0.8,0.3
D29O_B_MISS,SPK_BALTA,0.6,155.3,1419.8,-13.4,0.6,0.6,0.7
D31O_T_END,SPK_TOLGA,0.6,177.8,1359.4,-19.7,0.1,0.8,0.6
D38O_R_01_TOLD,SPK_PATROL,0.6,225.4,2399.9,-21.6,0.6,0.1,0.8
D38O_S2_HOOKS_AGAIN,SPK_SAILOR2,0.6,244.3,1663.4,-22.0,0.6,0.3,1.0
D39O_C_03,SPK_CAVUS,0.6,131.1,998.8,-16.1,0.6,0.0,0.6
D3_H_LIE_KIND,SPK_HIKMET,0.6,313.7,2133.6,-19.4,0.3,0.8,0.5
D3_N_DOOR_1923,SPK_NIHAT,0.6,148.1,1233.6,-22.4,0.6,0.1,0.2
D3_N_SWEEP_WARN,SPK_NIHAT,0.6,148.1,1214.6,-22.4,0.6,0.2,0.2
D7_EAVES_OTHER_3,SPK_SOLDIER,0.6,166.7,1598.4,-19.5,0.4,0.8,0.7
ITEM_SELF_BOOK_2,SPK_TOLGA,0.6,183.9,1360.8,-19.9,0.2,0.8,0.6
ITEM_SELF_TAPE_2,SPK_TOLGA,0.6,170.2,1361.9,-22.3,0.1,0.8,0.6
MG_CAUL_K_GREAT,SPK_KADRI,0.6,320.0,2148.8,-24.5,0.0,0.8,0.0
NPC_CROWD_CAMP_2,SPK_SOLDIER,0.6,158.4,1595.5,-16.8,0.5,0.8,0.2
QUEST_COLUMN_DONE,SPK_TOLGA,0.6,152.4,1391.1,-23.2,0.5,0.7,1.0
REACT_GUARDS_COLOGNE,SPK_HASAN,0.6,271.2,1651.9,-22.9,0.0,0.8,0.0
REACT_NIHAT_CUBE,SPK_NIHAT,0.6,155.3,1284.8,-22.1,0.3,0.8,0.1
REACT_NIHAT_SELFIE,SPK_NIHAT,0.6,148.1,1230.4,-23.0,0.6,0.0,0.7
REACT_NIKO_REPLAY_1,SPK_NIKO,0.6,313.7,2328.4,-23.8,0.2,0.5,1.0
REACT_URBAN_THERMOS,SPK_URBAN,0.6,326.5,1970.4,-19.4,0.3,0.8,0.3
D10L_T_COLLAPSE_2B,SPK_TOLGA,0.6,200.0,1640.1,-20.0,0.6,0.3,0.5
D10O_A_Q3_CAMEL,SPK_AGA,0.6,333.3,1789.2,-23.3,0.0,0.2,1.0
D19O_T_GUN_BAD,SPK_TOLGA,0.6,147.5,1542.4,-22.7,0.6,0.1,0.8
D19_C_REPORT_TEZKIRE,SPK_BRIG,0.6,122.1,1229.1,-18.1,0.1,0.0,1.0
D31O_AZ_01,SPK_AZAP,0.6,258.1,2120.1,-15.8,0.5,0.8,0.4
D34O_U_SHORT,SPK_URBAN,0.6,320.0,2100.2,-21.4,0.0,0.3,1.0
D38O_S_STONE_OK,SPK_SAILOR,0.6,326.5,2454.2,-26.2,0.1,0.8,0.7
D38O_T_AYA,SPK_TOLGA,0.6,153.1,1583.9,-23.2,0.5,0.1,1.0
D3_R_14B,SPK_RIZA,0.6,238.8,2064.7,-20.0,0.1,0.8,0.4
D5_H_SPOT_TV,SPK_HIKMET,0.6,313.7,2389.4,-21.6,0.3,0.6,1.0
D7_N_URBAN_DJINN,SPK_NIHAT,0.6,150.9,1283.1,-22.2,0.5,0.8,0.1
REACT_CAMELEER_BOOK,SPK_CAMELEER,0.6,381.0,2037.0,-21.4,0.6,0.8,0.7
REACT_LUTFI_BOOK,SPK_LUTFI,0.6,163.3,1133.0,-20.9,0.6,0.8,0.5
D0_T_FREEZE_2,SPK_TOLGA,0.6,175.8,1366.7,-21.4,0.0,0.8,0.1
D10A_TH_WRONG_1,SPK_THEODOROS,0.6,100.0,1589.0,-25.3,0.0,0.5,1.0
D10A_T_04_CUBE,SPK_TOLGA,0.6,148.1,1621.4,-22.5,0.6,0.2,0.7
D10H_K_HOUSE,SPK_EMPEROR,0.6,98.8,1293.0,-22.0,0.6,0.7,0.1
D10H_T_G_PB,SPK_TOLGA,0.6,200.0,1643.7,-20.5,0.6,0.3,0.3
D10H_T_OPEN,SPK_TOLGA,0.6,148.1,1576.8,-21.3,0.6,0.1,0.1
D12B_K_LIE,SPK_EMPEROR,0.6,106.7,1111.9,-23.1,0.6,0.2,0.3
D12_T_CANNON_A,SPK_TOLGA,0.6,188.2,1752.4,-19.6,0.3,0.8,0.7
D15_G_W7,SPK_HIKMET,0.6,320.0,2417.5,-19.6,0.0,0.8,0.3
D15_Y_T_05,SPK_TOLGA,0.6,148.1,1501.3,-22.3,0.6,0.2,0.6
D17_N_CAM_4,SPK_NIHAT,0.6,155.3,1282.7,-21.3,0.3,0.8,0.5
D17_T_SIDE_B_NIKO,SPK_TOLGA,0.6,148.1,1426.7,-21.0,0.6,0.5,0.1
D19_C_GRAIN_HALF,SPK_BRIG,0.6,113.9,1118.8,-20.4,0.5,0.8,0.3
D21_G_02,SPK_GRANT,0.6,119.4,890.7,-20.0,0.1,0.8,0.2
D21_T_END,SPK_TOLGA,0.6,200.0,1703.7,-20.2,0.6,0.6,0.4
D21_T_Q1_B,SPK_TOLGA,0.6,148.1,1537.0,-21.3,0.6,0.1,0.1
D22O_H_01_KNOWN,SPK_HASAN,0.6,250.0,1659.2,-23.4,0.5,0.8,0.2
D26_N_HOLD,SPK_NIHAT,0.6,164.9,1172.3,-22.6,0.1,0.8,0.4
D30O_T_TOWER,SPK_TOLGA,0.6,200.0,1437.1,-20.1,0.6,0.5,0.5
D33O_Z_01,SPK_ZAGANOS,0.6,120.3,961.2,-20.0,0.6,0.7,0.4
D39O_T_SMOKE,SPK_TOLGA,0.6,148.1,1447.1,-21.1,0.6,0.4,0.0
D3_T_RADIO_1,SPK_TOLGA,0.6,148.1,1720.3,-22.7,0.6,0.6,0.8
D7_HUSEYIN_TEA,SPK_HUSEYIN,0.6,168.4,1212.5,-18.4,0.0,0.8,0.6
D7_NIKO_LIE,SPK_NIKO,0.6,301.9,2138.6,-25.7,0.3,0.8,0.2
D7_N_SCANNER,SPK_NIHAT,0.6,155.3,1172.0,-20.9,0.3,0.8,0.8
D9_URBAN_TR3,SPK_URBAN,0.6,313.7,1974.4,-20.8,0.3,0.8,0.6
D_CHICKEN_CATCH_2,SPK_TOLGA,0.6,190.5,1750.8,-21.7,0.4,0.8,0.3
QUEST_COUNCIL_DONE,SPK_TOLGA,0.6,148.1,1416.6,-22.5,0.6,0.6,0.7
REACT_AGA_CUBE,SPK_AGA,0.6,340.4,1766.7,-20.3,0.3,0.5,1.0
REACT_CANDARLI_CUBE,SPK_CANDARLI,0.6,89.9,1464.1,-22.9,0.6,0.4,0.7
REACT_EMPEROR_POWERBANK,SPK_EMPEROR,0.6,106.7,1229.5,-23.0,0.6,0.4,0.2
REACT_EMPEROR_REPLAY_4,SPK_EMPEROR,0.6,106.7,1075.6,-21.0,0.6,0.4,0.5
D10A_T_REFUSE,SPK_TOLGA,0.6,156.1,1368.8,-20.1,0.4,0.7,0.5
D11_N_BURIED,SPK_NIHAT,0.6,158.4,1178.2,-20.6,0.2,0.7,1.0
D12B_T_CANT_SAY,SPK_TOLGA,0.6,181.8,1750.5,-22.5,0.2,0.7,0.7
D12_T_KEY_D,SPK_TOLGA,0.6,183.9,1369.1,-22.6,0.2,0.7,0.7
D18B_G_CRACK_1,SPK_HASAN,0.6,296.3,1864.5,-22.9,0.6,0.3,0.0
D19_S_GRAIN_OK,SPK_SAILOR,0.6,313.7,2353.6,-25.3,0.6,0.3,0.4
D21O_D_01K,SPK_MINER,0.6,225.4,2099.6,-21.9,0.5,0.7,1.0
D22_G_COLOGNE,SPK_GIUST,0.6,209.2,2088.5,-22.6,0.6,0.5,0.3
D24O_K_LOST_2,SPK_KADRI,0.6,320.0,2143.8,-26.1,0.0,0.7,1.0
D24O_S_1_THERMOS,SPK_SOLDIER,0.6,190.5,1609.9,-18.4,0.1,0.7,0.3
D25B_T_3,SPK_TOLGA,0.6,176.8,1370.8,-19.4,0.1,0.7,0.8
D26O_H_01_SIT,SPK_HASAN,0.6,296.3,1812.9,-23.2,0.6,0.0,0.1
D26_K_HOLD_2,SPK_KADRI,0.6,320.0,2143.7,-24.1,0.0,0.7,0.2
D26_S_ARROWS_3,SPK_SOLDIER,0.6,246.2,1913.5,-15.8,0.6,0.0,0.6
D26_S_STAY,SPK_DEFENDER,0.6,347.8,2220.6,-22.4,0.3,0.2,1.0
D32O_U_MANTLET,SPK_USTA,0.6,242.4,1509.8,-21.3,0.6,0.6,0.0
D38O_N_02,SPK_NIHAT,0.6,148.9,1212.6,-22.7,0.6,0.2,0.5
D39O_N_01,SPK_NIHAT,0.6,150.2,1172.4,-22.8,0.5,0.7,0.5
D3_H_TEA_3,SPK_HIKMET,0.6,313.7,2140.1,-21.0,0.3,0.7,0.6
D6B_T_CHASE_3,SPK_TOLGA,0.6,149.5,1707.5,-23.1,0.6,0.6,1.0
D6_GIUST_COLOGNE,SPK_GIUST,0.6,216.2,2028.2,-22.4,0.2,0.7,0.4
D9_MINER_OFFER_2,SPK_MINER,0.6,228.6,2200.6,-18.6,0.2,0.3,1.0
D9_T_THEO_OPEN,SPK_TOLGA,0.6,182.9,1531.7,-19.0,0.2,0.1,1.0
MG_ARC_H_MISS_1,SPK_HASAN,0.6,296.3,1789.9,-23.9,0.6,0.1,0.5
NPC_CROWD_CAMP_3,SPK_SOLDIER,0.6,246.2,2138.7,-17.4,0.6,0.6,0.0
REACT_CAMELEER_SELFIE,SPK_CAMELEER,0.6,381.0,2308.7,-21.6,0.6,0.6,0.6
REACT_KADRI_SELFIE,SPK_KADRI,0.6,326.5,2136.7,-26.1,0.3,0.7,1.0
D10A_TH_01,SPK_THEODOROS,0.6,99.7,1556.9,-21.0,0.0,0.6,1.0
D10B_U_NAME_PLAIN,SPK_URBAN,0.6,313.7,2032.2,-18.5,0.3,0.3,1.0
D12_F_MACHINE,SPK_FATIH,0.6,113.5,995.8,-18.8,0.1,0.5,1.0
D12_T_CANNON_B,SPK_TOLGA,0.6,163.3,1668.4,-23.1,0.2,0.4,1.0
D14_N_Z1_KNOWN,SPK_NIHAT,0.6,166.7,1183.4,-20.6,0.1,0.6,1.0
D15_O_EVENING_B,SPK_MANAGER,0.6,233.6,1244.9,-23.0,0.5,0.7,0.8
D15_O_T2_1453_TEA,SPK_TOLGA,0.6,188.2,1507.3,-19.0,0.3,0.2,1.0
D20O_U_TAPED,SPK_URBAN,0.6,320.0,2158.8,-20.7,0.0,0.7,0.6
D24O_D_ALL,SPK_DERVISH,0.6,98.8,1563.1,-22.0,0.5,0.7,0.4
D26_T_DUEL,SPK_TOLGA,0.6,170.2,1743.8,-21.4,0.1,0.7,0.1
D27_N_GENOESE,SPK_NIHAT,0.6,150.2,1280.4,-21.8,0.5,0.7,0.1
D29O_T_END,SPK_TOLGA,0.6,198.8,1624.4,-22.0,0.6,0.2,0.4
D33O_G_REFUSE,SPK_GENOESE,0.6,142.9,1612.1,-19.5,0.6,0.5,0.5
D34O_T_RUN,SPK_TOLGA,0.6,175.8,1493.1,-19.0,0.0,0.3,1.0
D37O_AB_03,SPK_AZAPBASI,0.6,313.7,2064.6,-22.6,0.0,0.3,1.0
D37O_T_SALLY_LOST,SPK_TOLGA,0.6,198.8,1577.2,-19.7,0.6,0.1,0.7
D4B_N_SPY2,SPK_NIKO,0.6,307.7,2143.2,-26.6,0.1,0.7,0.9
D4B_T_SINERJI,SPK_TOLGA,0.6,166.7,1375.5,-21.3,0.2,0.7,0.1
D6B_NK_ROOF,SPK_NIKO,0.6,320.0,2148.7,-23.9,0.4,0.7,1.0
D6B_N_CELL_MORNING,SPK_NIKO,0.6,307.7,2141.8,-26.3,0.1,0.7,0.6
D6B_N_DUNGEON_FIRST,SPK_NIKO,0.6,320.0,2143.2,-25.5,0.4,0.7,0.1
D6B_T_VISTA_3,SPK_TOLGA,0.6,183.9,1371.8,-21.0,0.2,0.7,0.0
D7_NIKO_CELL_NOFEZ,SPK_NIKO,0.6,313.7,2261.4,-23.9,0.2,0.1,1.0
D7_N_HOLO_ARTILLERY_LIGHTER,SPK_NIHAT,0.6,166.7,1281.2,-23.0,0.1,0.7,0.7
D8_A1_KNOWN,SPK_AGENT1,0.6,333.3,1776.7,-23.4,0.6,0.1,0.3
D8_H_TEA,SPK_HIKMET,0.6,313.7,2346.9,-18.7,0.3,0.4,1.0
D9_HU_CUBE_BACK,SPK_HUSEYIN,0.6,160.0,1314.7,-20.8,0.4,0.1,1.0
REACT_DERVISH_CUBE,SPK_DERVISH,0.6,97.6,1360.1,-20.0,0.2,0.4,1.0
REACT_NOTARY_TAPE,SPK_NOTARY,0.6,193.9,1108.9,-19.0,0.6,0.7,0.5
REACT_PASHA_SELFIE,SPK_PASHA,0.6,118.5,937.0,-21.0,0.0,0.7,0.0
REACT_SOLDIER_COLOGNE,SPK_SOLDIER,0.6,187.1,1614.7,-16.0,0.2,0.7,0.5
D12B_T_02,SPK_TOLGA,0.6,195.1,1584.3,-19.1,0.5,0.1,0.9
D17_N_BACK,SPK_NIHAT,0.6,153.8,1279.6,-21.5,0.4,0.7,0.3
D17_T_SIDE_B,SPK_TOLGA,0.6,181.8,1378.0,-19.5,0.2,0.7,0.8
D20O_U_EDIRNE_OK,SPK_URBAN,0.6,326.5,2156.5,-19.0,0.3,0.7,0.6
D20_L_WARN_1,SPK_LOOKOUT,0.6,347.8,2273.3,-14.6,0.4,0.7,0.5
D23_I_2_SOFT,SPK_ISMAIL,0.6,123.1,949.5,-20.2,0.6,0.4,0.5
D26_S_CLEAR_2,SPK_DEFENDER,0.6,347.8,2362.4,-23.1,0.3,0.7,0.6
D27_Z_01,SPK_ZAGANOS,0.6,133.3,1003.8,-17.1,0.6,0.0,0.5
D28O_U_HIT,SPK_URBAN,0.6,320.0,1979.9,-19.9,0.0,0.7,0.0
D38O_S2_HOOKS_BAD,SPK_SAILOR2,0.6,246.2,1688.5,-21.4,0.6,0.5,0.7
D8_H_CALL_3,SPK_HIKMET,0.6,326.5,2145.5,-21.0,0.3,0.7,0.6
ITEM_SELF_PHONE_2,SPK_TOLGA,0.6,174.9,1376.7,-19.7,0.0,0.7,0.6
NPC_CROWD_GAL_8,SPK_GENOESE,0.6,152.4,1658.7,-17.8,0.1,0.7,0.7
REACT_KID_PHONE,SPK_KID,0.6,285.7,1200.1,-22.5,0.6,0.7,0.9
D10B_T_CALC_PHONE,SPK_TOLGA,0.6,149.5,1456.6,-19.1,0.6,0.4,0.9
D10H_TH_01_NEW,SPK_THEODOROS,0.6,100.0,1552.6,-21.0,0.0,0.7,0.9
D10Z_T_FUSION,SPK_TOLGA,0.6,151.7,1577.7,-23.1,0.5,0.1,0.9
D10Z_T_TITLE,SPK_TOLGA,0.6,149.5,1557.8,-20.9,0.6,0.0,0.1
D11_H_07,SPK_HIKMET,0.6,320.0,2336.4,-18.7,0.0,0.3,0.9
D11_N_BYZ,SPK_NIHAT,0.6,149.5,1177.5,-21.7,0.6,0.7,0.2
D11_N_RELEASE_ALT_NOFEZ,SPK_NIHAT,0.6,149.5,1247.1,-21.2,0.6,0.3,0.6
D12_END_12_3_3,SPK_FATIH,0.6,107.4,928.5,-20.9,0.6,0.3,0.1
D15_Y_T_08,SPK_TOLGA,0.6,149.5,1566.4,-20.5,0.6,0.0,0.3
D17_N_CAM_2,SPK_NIHAT,0.6,149.5,1219.9,-21.6,0.6,0.1,0.3
D1_H_06,SPK_HIKMET,0.6,313.7,2409.1,-21.5,0.3,0.7,0.9
D20_T_END,SPK_TOLGA,0.6,149.5,1389.5,-20.2,0.6,0.7,0.4
D22_G_02,SPK_GIUST,0.6,219.2,2035.9,-23.2,0.0,0.7,0.1
D24O_N_END,SPK_NIHAT,0.6,149.5,1256.8,-22.4,0.6,0.4,0.3
D26_F_ENTRY,SPK_FATIH,0.6,121.2,990.8,-19.9,0.6,0.4,0.4
D26_N_COUPLET,SPK_NIHAT,0.6,149.5,1266.1,-22.0,0.6,0.5,0.0
D26_N_RETURN_DUSK,SPK_NIHAT,0.6,152.4,1278.9,-21.6,0.5,0.7,0.3
D26_S_KASIM_FREE,SPK_SOLDIER,0.6,156.1,1659.0,-19.6,0.6,0.6,0.7
D26_T_ENTRY_2,SPK_TOLGA,0.6,188.2,1602.4,-23.0,0.3,0.2,0.9
D28O_U_SEVEN,SPK_URBAN,0.6,320.0,1981.0,-20.3,0.0,0.7,0.3
D2_T_FEZ_FOUND,SPK_TOLGA,0.6,177.8,1738.0,-20.9,0.1,0.7,0.1
D2_T_FEZ_SPARE,SPK_TOLGA,0.6,181.8,1738.5,-20.2,0.2,0.7,0.4
D30_T_EMPEROR,SPK_TOLGA,0.6,149.5,1645.4,-20.8,0.6,0.3,0.1
D32O_N_01,SPK_NIHAT,0.6,149.5,1230.4,-22.5,0.6,0.0,0.3
D32O_TP_HIT_2,SPK_TOPCU,0.6,326.5,2087.0,-23.7,0.3,0.5,0.9
D34O_M_STOP,SPK_MASON,0.6,250.0,1448.4,-20.0,0.3,0.7,0.2
D4A_HU_STOP,SPK_HUSEYIN,0.6,172.0,1391.4,-17.9,0.2,0.7,0.9
D5_V_KNOCK,SPK_VAN,0.6,320.0,1795.2,-21.8,0.2,0.5,0.9
D6A_T_CANNON,SPK_TOLGA,0.6,149.5,1632.3,-21.9,0.6,0.3,0.4
D6B_C_POWERBANK,SPK_CLERK,0.6,156.9,1938.6,-20.9,0.0,0.7,0.1
D7_N_GUARDS_ASK,SPK_NIHAT,0.6,149.5,1192.9,-21.8,0.6,0.5,0.2
D7_N_TRACE_PALACE_SEALED,SPK_NIHAT,0.6,149.5,1210.9,-21.8,0.6,0.2,0.1
QUEST_COLOGNE_DONE,SPK_TOLGA,0.6,172.0,1517.5,-19.1,0.0,0.2,0.9
REACT_CAMELEER_POWERBANK,SPK_CAMELEER,0.6,355.6,2114.0,-22.6,0.6,0.4,0.0
REACT_EMPEROR_REPLAY_3,SPK_EMPEROR,0.6,100.0,1008.9,-24.6,0.4,0.7,0.8
REACT_MINER_COLOGNE,SPK_MINER,0.6,231.9,2111.5,-18.7,0.0,0.7,0.9
REACT_NIHAT_CHICKPEAS,SPK_NIHAT,0.6,149.5,1271.0,-21.5,0.6,0.6,0.3
REACT_PAINTER_SELFIE,SPK_PAINTER,0.6,96.4,2001.8,-24.6,0.1,0.7,0.2
D10H_K_HELP_NOFEZ,SPK_EMPEROR,0.6,106.3,1015.1,-20.9,0.6,0.7,0.6
D10O_T_02,SPK_TOLGA,0.6,197.5,1510.4,-20.6,0.6,0.2,0.2
D12_F_ALL_NOFEZ,SPK_FATIH,0.6,116.8,981.3,-18.9,0.2,0.3,0.9
D12_F_KITCHEN,SPK_FATIH,0.6,115.9,943.0,-18.9,0.1,0.1,0.9
D12_N_01,SPK_NIHAT,0.6,152.4,1189.6,-23.4,0.5,0.5,0.9
D15_Y_T_02,SPK_TOLGA,0.6,197.5,1436.0,-19.3,0.6,0.5,0.8
D17O_T_01,SPK_TOLGA,0.6,197.5,1549.8,-20.5,0.6,0.0,0.3
D17_N_CAM_3,SPK_NIHAT,0.6,158.4,1200.4,-20.7,0.2,0.4,0.9
D17_T_SIDE_B_GIUST,SPK_TOLGA,0.6,197.5,1479.4,-19.4,0.6,0.3,0.8
D19O_R_01,SPK_PATROL,0.6,242.4,2241.2,-20.2,0.4,0.7,0.1
D21_T_EAR,SPK_TOLGA,0.6,181.8,1471.3,-19.1,0.2,0.3,0.9
D22O_T_RESCUE_1,SPK_TOLGA,0.6,190.5,1491.0,-19.2,0.4,0.3,0.9
D23_T_01,SPK_TOLGA,0.6,197.5,1634.7,-19.9,0.6,0.3,0.6
D24_T_TAKE_KID,SPK_TOLGA,0.6,174.9,1450.6,-19.2,0.0,0.4,0.9
D28O_N_01,SPK_NIHAT,0.6,153.8,1263.8,-20.7,0.4,0.5,0.9
D30O_T_LOST,SPK_TOLGA,0.6,183.9,1432.0,-19.1,0.2,0.5,0.9
D32O_T_LEB,SPK_TOLGA,0.6,150.9,1736.0,-20.2,0.5,0.7,0.4
D33O_FZ_LATE,SPK_FIRUZ,0.6,355.6,1787.3,-21.7,0.6,0.6,0.2
D37O_AB_BEAT_OK,SPK_AZAPBASI,0.6,347.8,1935.4,-19.8,0.6,0.2,0.4
D6B_C_FEAST,SPK_CLERK,0.6,154.6,1941.4,-20.7,0.2,0.7,0.0
D6_KADRI_DONE_FIRE,SPK_KADRI,0.6,326.5,1914.8,-23.6,0.3,0.7,0.5
QUEST_SEYYAH_DONE,SPK_TOLGA,0.6,150.2,1518.5,-20.7,0.6,0.2,0.2
REACT_PASHA_TAPE,SPK_PASHA,0.6,114.3,1162.6,-19.0,0.5,0.7,0.8
D10G_F_3,SPK_FISHMONGER,0.5,372.1,2153.2,-22.3,0.0,0.7,0.1
D10H_G_WARN,SPK_GIUST,0.5,213.3,2327.5,-23.4,0.3,0.7,0.2
D10O_A_CHASE,SPK_AGA,0.5,340.4,1890.8,-22.1,0.3,0.7,0.1
D10O_A_ITEM_COLOGNE,SPK_AGA,0.5,340.4,1743.7,-22.7,0.3,0.7,0.6
D10Z_K_ASK_SWEET,SPK_KADRI,0.5,310.7,1916.0,-23.6,0.5,0.7,0.5
D12B_K_END,SPK_EMPEROR,0.5,104.6,1015.4,-20.5,0.3,0.7,0.7
D12_F_01_HEYET,SPK_FATIH,0.5,110.3,894.3,-20.0,0.3,0.7,0.3
D21_G_01,SPK_GRANT,0.5,115.9,898.0,-19.3,0.2,0.7,0.6
D23O_I_01,SPK_ISMAIL,0.5,116.4,911.3,-21.8,0.1,0.7,0.6
D24O_S_2_SOUP,SPK_SOLDIER,0.5,179.8,1791.8,-20.2,0.3,0.3,0.9
D25O_N_VIGIL,SPK_NIHAT,0.5,161.6,1177.2,-23.0,0.1,0.7,0.6
D26_S_TEZ_FREE,SPK_SOLDIER,0.5,192.8,2169.6,-17.4,0.1,0.7,0.0
D31O_N_04,SPK_NIHAT,0.5,158.4,1176.8,-20.9,0.2,0.7,0.7
D32O_AZ_B6,SPK_AZAP,0.5,158.4,1690.7,-16.9,0.5,0.5,0.1
D35O_T_SLOPE,SPK_TOLGA,0.5,163.3,1734.5,-20.3,0.2,0.7,0.4
D39O_C_01_ADD,SPK_CAVUS,0.5,127.0,865.0,-17.5,0.2,0.7,0.2
D39O_C_02,SPK_CAVUS,0.5,124.0,863.0,-17.1,0.1,0.7,0.4
D39O_J_ROOF,SPK_JANISSARY,0.5,307.7,2129.6,-20.5,0.0,0.7,0.7
D39O_TW_01,SPK_TOWNSMAN,0.5,135.6,1279.2,-18.8,0.1,0.7,0.3
D3_N_LOOK_FEZSHELF,SPK_NIHAT,0.5,155.3,1276.4,-23.3,0.3,0.7,0.8
D4B_N_CELL_NOFEZ,SPK_NIKO,0.5,296.3,2351.5,-24.5,0.5,0.7,0.6
D6_LUTFI_CHICKPEAS,SPK_LUTFI,0.5,141.6,1142.7,-23.2,0.4,0.7,0.5
D7_LUTFI_FORM,SPK_LUTFI,0.5,137.9,1170.3,-23.1,0.5,0.5,0.5
D7_N_LEGEND,SPK_NIHAT,0.5,170.2,1277.0,-21.3,0.3,0.7,0.5
D7_T_FAR_Y,SPK_TOLGA,0.5,160.0,1531.5,-23.0,0.3,0.1,0.9
D9_URBAN_OFFER_2,SPK_URBAN,0.5,320.0,2151.6,-20.4,0.0,0.7,0.3
NPC_CROWD_GAL_5,SPK_GENOESE,0.5,152.4,1404.6,-19.2,0.1,0.7,0.3
REACT_EMPEROR_COLOGNE,SPK_EMPEROR,0.5,103.9,1014.4,-22.2,0.2,0.7,0.1
REACT_LUTFI_CHICKPEAS,SPK_LUTFI,0.5,152.4,1143.2,-22.8,0.1,0.7,0.3
REACT_NOTARY_SELFIE,SPK_NOTARY,0.5,187.1,1109.4,-19.3,0.3,0.7,0.4
REACT_TAILOR_THERMOS,SPK_TAILOR,0.5,242.4,1984.9,-19.8,0.5,0.1,0.6
REACT_THEODOROS_LIGHTER,SPK_THEODOROS,0.5,102.6,1803.4,-24.6,0.3,0.7,0.7
D10B_F_B1_3,SPK_FATIH,0.5,119.4,951.1,-18.9,0.4,0.0,0.9
D10B_U_BOW,SPK_URBAN,0.5,320.0,2037.4,-18.6,0.0,0.2,0.9
D10G_T_C_2,SPK_TOLGA,0.5,188.2,1729.3,-21.3,0.3,0.7,0.1
D12_K_03,SPK_KADRI,0.5,313.7,2125.6,-23.0,0.3,0.6,0.9
D15_N_T3,SPK_NIHAT,0.5,160.0,1226.4,-20.7,0.1,0.0,0.9
D19_S_GRAIN_FLEE,SPK_SAILOR,0.5,326.5,2433.3,-24.5,0.1,0.7,0.1
D22O_H_BASKET_3,SPK_HASAN,0.5,293.6,1842.9,-22.2,0.5,0.2,0.4
D31O_N_05,SPK_NIHAT,0.5,150.2,1217.1,-23.0,0.5,0.1,0.6
D32O_AZ_01,SPK_AZAP,0.5,235.3,2087.1,-16.3,0.2,0.7,0.1
D33O_T_04,SPK_TOLGA,0.5,172.0,1559.6,-19.2,0.0,0.0,0.9
D35O_T_MUD,SPK_TOLGA,0.5,163.3,1636.4,-22.9,0.2,0.3,0.9
D37O_N_01,SPK_NIHAT,0.5,158.4,1254.4,-23.4,0.2,0.4,0.9
D39O_T_FIRE,SPK_TOLGA,0.5,150.9,1427.6,-21.6,0.5,0.5,0.3
D3_N_20,SPK_NIHAT,0.5,158.4,1179.3,-20.7,0.2,0.7,0.9
D3_N_LOOK_PLANT,SPK_NIHAT,0.5,173.0,1276.0,-21.1,0.4,0.7,0.6
D4A_HA_WET,SPK_HASAN,0.5,293.6,1771.8,-23.5,0.5,0.2,0.3
D4A_ITEM_POWERBANK_2,SPK_HUSEYIN,0.5,160.8,1387.5,-19.4,0.4,0.7,0.1
D4A_T_FEZ,SPK_TOLGA,0.5,150.9,1653.2,-21.6,0.5,0.4,0.3
D6B_THEO_DONE,SPK_THEODOROS,0.5,104.9,1711.1,-23.9,0.5,0.2,0.4
D6B_T_01,SPK_TOLGA,0.5,170.2,1525.7,-19.2,0.1,0.1,0.9
D7_T_CELL,SPK_TOLGA,0.5,150.9,1563.2,-22.2,0.5,0.0,0.6
D7_T_CELL_FIRST,SPK_TOLGA,0.5,150.9,1533.8,-19.7,0.5,0.1,0.7
D_EV_WEEPING_COLUMN,SPK_TOLGA,0.5,158.4,1485.8,-22.9,0.4,0.3,0.9
REACT_DERVISH_CHICKPEAS,SPK_DERVISH,0.5,93.0,1482.5,-21.4,0.5,0.3,0.0
REACT_PASHA_POWERBANK,SPK_PASHA,0.5,114.3,1072.6,-23.3,0.5,0.1,0.9
D10G_T_W_1,SPK_TOLGA,0.5,151.7,1415.9,-21.4,0.5,0.6,0.2
D11_H_01,SPK_HIKMET,0.5,326.5,2157.1,-19.6,0.3,0.7,0.3
D11_H_GUN,SPK_HIKMET,0.5,313.7,2156.8,-18.8,0.3,0.7,0.9
D12B_T_RADIO,SPK_TOLGA,0.5,196.3,1414.5,-20.3,0.5,0.6,0.4
D13_H_OPEN,SPK_HIKMET,0.5,329.9,2268.6,-20.8,0.5,0.1,0.5
D20O_T_TAPE,SPK_TOLGA,0.5,172.0,1725.3,-20.8,0.0,0.7,0.1
D20_G_ARROWS_LATE,SPK_GIUST,0.5,213.3,2231.6,-24.4,0.3,0.2,0.9
D23_T_SINGED,SPK_TOLGA,0.5,173.9,1534.7,-19.3,0.0,0.1,0.9
D24O_T_SCIENCE,SPK_TOLGA,0.5,172.0,1670.1,-19.3,0.0,0.4,0.9
D24_NK_LATE,SPK_NIKO,0.5,313.7,2322.6,-26.6,0.2,0.5,0.9
D26_T_SILENT,SPK_TOLGA,0.5,170.2,1504.1,-22.9,0.1,0.2,0.9
D28O_U_SLIP,SPK_URBAN,0.5,329.9,2146.7,-19.6,0.5,0.6,0.2
D30O_T_TOWER_WON,SPK_TOLGA,0.5,177.8,1601.1,-22.9,0.1,0.2,0.9
D31O_DV_OK,SPK_DERVISH,0.5,99.1,1543.9,-22.2,0.5,0.6,0.5
D33O_FZ_WARN_OK,SPK_FIRUZ,0.5,333.3,1835.3,-22.5,0.5,0.1,0.7
D39O_TW_PASS,SPK_TOWNSMAN,0.5,137.9,1281.7,-19.5,0.1,0.7,0.1
D3_N_RADIO_GRAB,SPK_NIHAT,0.5,150.9,1213.9,-20.7,0.5,0.2,0.9
D4A_T_01,SPK_TOLGA,0.5,158.4,1727.1,-21.2,0.4,0.7,0.0
D4A_T_END1,SPK_TOLGA,0.5,183.9,1727.6,-20.2,0.2,0.7,0.4
D4B_NIKO_THERMOS,SPK_NIKO,0.5,320.0,2335.3,-24.1,0.4,0.6,0.9
D4B_T_ECLIPSE_3_REMOTE,SPK_TOLGA,0.5,166.7,1391.8,-19.8,0.2,0.7,0.6
D5_T_ACCIDENT_CITY,SPK_TOLGA,0.5,186.0,1710.4,-19.3,0.3,0.6,0.9
D6_KADRI_SELFIE,SPK_KADRI,0.5,313.7,1921.6,-24.4,0.3,0.7,0.0
D7_HUSEYIN_TRUTH_A,SPK_HUSEYIN,0.5,157.6,1273.5,-20.6,0.5,0.3,0.9
D8_H_G2,SPK_HIKMET,0.5,329.9,2315.7,-20.7,0.5,0.2,0.4
D9_LUTFI_OFFER_2,SPK_LUTFI,0.5,161.6,1146.1,-21.6,0.5,0.7,0.2
REACT_HIKMET_CHICKPEAS,SPK_HIKMET,0.5,326.5,2399.1,-19.8,0.3,0.7,0.2
D10L_N_DIG_1,SPK_NIHAT,0.5,175.8,1184.2,-21.6,0.5,0.6,0.3
D14_M_SEEN_LEGEND,SPK_MUFIDE,0.5,246.2,1302.3,-23.5,0.4,0.2,0.8
D17_N_END,SPK_NIHAT,0.5,155.3,1274.3,-21.7,0.3,0.6,0.2
D20_G_01,SPK_GIUST,0.5,210.5,2226.6,-22.7,0.5,0.2,0.2
D20_G_END,SPK_GIUST,0.5,210.5,2144.7,-22.4,0.5,0.2,0.5
D20_G_UNFINISHED,SPK_GIUST,0.5,210.5,2107.9,-23.2,0.5,0.4,0.1
D22_G_03,SPK_GIUST,0.5,222.2,2319.2,-23.8,0.2,0.6,0.5
D22_N_END,SPK_NIHAT,0.5,158.4,1257.4,-23.3,0.2,0.4,0.8
D24_T_FOG,SPK_TOLGA,0.5,163.3,1394.6,-21.6,0.2,0.6,0.2
D27_GN_FOUND,SPK_GENOESE,0.5,164.9,1580.7,-18.3,0.5,0.3,0.3
D33O_M_STONE_BAD,SPK_MASON,0.5,266.7,1557.1,-19.0,0.5,0.0,0.8
D34O_M_DONE,SPK_MASON,0.5,266.7,1627.9,-20.2,0.5,0.5,0.1
D3_H_DOUBLE_DOWN,SPK_HIKMET,0.5,320.0,2159.7,-19.9,0.0,0.6,0.1
D3_M_LATE,SPK_MUFIDE,0.5,254.0,1345.4,-21.4,0.1,0.6,0.5
D3_N_END_33B,SPK_NIHAT,0.5,175.8,1252.1,-21.1,0.5,0.3,0.6
D4A_HU_WET,SPK_HUSEYIN,0.5,158.4,1226.9,-19.2,0.5,0.6,0.1
D5_T_ACCIDENT_CHICKEN,SPK_TOLGA,0.5,183.9,1396.2,-20.3,0.2,0.6,0.4
D6B_G_WARN,SPK_GIUST,0.5,210.5,2264.4,-22.3,0.5,0.4,0.5
D6_KADRI_BOOK,SPK_KADRI,0.5,326.5,2129.1,-24.3,0.3,0.6,0.1
D7_S_LETTER_NONE,SPK_SOLDIER,0.5,160.0,1704.3,-19.5,0.5,0.5,0.7
QUEST_LIGHTER_DONE,SPK_TOLGA,0.5,181.8,1395.0,-21.4,0.2,0.6,0.2
REACT_DOUBLE_THERMOS,SPK_DOUBLE,0.5,238.8,1977.9,-19.2,0.5,0.0,0.7
D10B_T_CALC_CUBE,SPK_TOLGA,0.5,152.4,1491.0,-22.7,0.5,0.3,0.8
D10G_N_EARLY,SPK_NOTARY,0.5,170.2,1234.1,-22.2,0.4,0.0,0.8
D10G_T_W_3,SPK_TOLGA,0.5,183.9,1398.6,-21.4,0.2,0.6,0.2
D10O_A_INTRO,SPK_AGA,0.5,333.3,1884.9,-22.8,0.0,0.6,0.6
D10O_A_PASS,SPK_AGA,0.5,326.5,1748.7,-21.8,0.3,0.6,0.0
D10O_T_END,SPK_TOLGA,0.5,190.5,1502.4,-19.3,0.4,0.2,0.8
D11_M_ILLUM,SPK_MUFIDE,0.5,250.0,1220.5,-22.2,0.1,0.6,0.0
D11_N_HELP_1,SPK_NIHAT,0.5,150.9,1237.3,-22.7,0.5,0.1,0.4
D11_T_RELEASE,SPK_TOLGA,0.5,152.4,1601.0,-22.5,0.5,0.2,0.7
D12_F_01_HONEST,SPK_FATIH,0.5,108.1,979.4,-22.1,0.5,0.3,0.6
D12_F_01_POCKETS,SPK_FATIH,0.5,108.1,925.7,-21.5,0.5,0.3,0.4
D12_T_CANDARLI,SPK_TOLGA,0.5,168.4,1552.6,-22.8,0.1,0.0,0.8
D15_R_T_GO,SPK_TOLGA,0.5,152.4,1397.3,-21.5,0.5,0.6,0.2
D17_N_FIRST_33,SPK_NIHAT,0.5,150.9,1213.5,-21.9,0.5,0.2,0.1
D17_N_RULE,SPK_NIHAT,0.5,152.4,1181.4,-22.7,0.5,0.6,0.4
D17_T_SIDE_B_NEW,SPK_TOLGA,0.5,152.4,1530.7,-21.8,0.5,0.1,0.3
D19O_T_NOTICE,SPK_TOLGA,0.5,186.0,1578.9,-19.3,0.3,0.1,0.8
D19_C_PASSED,SPK_BRIG,0.5,123.1,1297.2,-21.4,0.1,0.5,0.8
D21_N_TALK,SPK_NIHAT,0.5,150.9,1195.8,-22.5,0.5,0.4,0.3
D22O_T_01,SPK_TOLGA,0.5,185.0,1526.3,-19.3,0.3,0.1,0.8
D25_N_ISI,SPK_NIHAT,0.5,150.9,1258.4,-22.2,0.5,0.4,0.1
D26_N_ISI,SPK_NIHAT,0.5,166.7,1180.9,-21.1,0.1,0.6,0.6
D26_N_ISI_O,SPK_NIHAT,0.5,150.9,1203.5,-21.7,0.5,0.3,0.2
D26_N_RETURN,SPK_NIHAT,0.5,156.9,1273.9,-22.3,0.3,0.6,0.2
D26_T_TEZ_FREE,SPK_TOLGA,0.5,161.6,1716.5,-19.3,0.3,0.6,0.8
D31O_AZ_EMP,SPK_AZAP,0.5,162.4,1728.9,-17.7,0.5,0.4,0.6
D32O_S_CARP_LIMP,SPK_SOLDIER,0.5,161.6,1654.6,-18.2,0.5,0.6,0.2
D33O_T_WATER,SPK_TOLGA,0.5,155.3,1399.2,-21.6,0.4,0.6,0.3
D34O_N_01,SPK_NIHAT,0.5,150.9,1254.9,-22.8,0.5,0.4,0.5
D34O_N_END,SPK_NIHAT,0.5,150.9,1209.9,-21.5,0.5,0.2,0.3
D3_N_01,SPK_NIHAT,0.5,150.9,1240.4,-20.8,0.5,0.2,0.8
D3_N_03,SPK_NIHAT,0.5,150.9,1256.7,-23.1,0.5,0.4,0.7
D4B_N_GATE,SPK_NIKO,0.5,296.3,2213.9,-25.6,0.5,0.2,0.2
D4B_T_ECLIPSE_1,SPK_TOLGA,0.5,164.9,1718.5,-20.5,0.2,0.6,0.2
D6A_C_TAKEN,SPK_CANDARLI,0.5,164.9,961.2,-19.4,0.3,0.6,0.2
D6B_C_OK_3,SPK_CLERK,0.5,163.3,2082.1,-19.5,0.5,0.1,0.7
D7_HUSEYIN_TRUTH_C,SPK_HUSEYIN,0.5,173.9,1228.2,-19.0,0.3,0.6,0.2
D7_HUSEYIN_WHO_HUCUBE,SPK_HUSEYIN,0.5,172.0,1330.4,-20.6,0.2,0.2,0.8
D7_NIKO_AGAIN,SPK_NIKO,0.5,301.9,2229.5,-24.1,0.3,0.1,0.8
D7_N_THEO_CHAT2,SPK_NIHAT,0.5,166.7,1240.3,-20.8,0.1,0.2,0.8
D9_H2_4,SPK_HIKMET,0.5,320.0,2360.4,-18.8,0.0,0.4,0.8
D9_H_8_1,SPK_HIKMET,0.5,326.5,2393.8,-20.8,0.3,0.6,0.5
D9_MINER_NO,SPK_MINER,0.5,225.4,2123.8,-19.1,0.5,0.6,0.7
D9_T_THERMOS_BACK,SPK_TOLGA,0.5,177.8,1396.8,-20.7,0.1,0.6,0.2
D9_URBAN_OFFER_1_PLAIN,SPK_URBAN,0.5,313.7,2036.8,-21.1,0.3,0.2,0.8
ITEM_SELF_CUBE_2,SPK_TOLGA,0.5,192.8,1719.9,-20.6,0.4,0.6,0.2
ITEM_SHOW_PERSON,SPK_TOLGA,0.5,195.1,1477.7,-19.3,0.5,0.3,0.8
MG_ARC_H_WIN,SPK_HASAN,0.5,250.0,1815.8,-23.6,0.5,0.0,0.3
MG_CAUL_K_COMBO_1,SPK_KADRI,0.5,320.0,2009.6,-23.1,0.0,0.1,0.8
MG_HAG_NIKO_NOSWEET,SPK_NIKO,0.5,296.3,2209.6,-25.6,0.5,0.3,0.2
MG_MAN_E_CAPTURE_1,SPK_EMPEROR,0.5,101.3,1026.5,-22.4,0.2,0.6,0.0
REACT_CANDARLI_BOOK,SPK_CANDARLI,0.5,98.8,1112.2,-18.0,0.5,0.3,0.6
REACT_LUTFI_PHONE,SPK_LUTFI,0.5,140.4,1148.1,-23.0,0.4,0.6,0.4
REACT_NIKO_REPLAY_3,SPK_NIKO,0.5,296.3,2211.0,-25.3,0.5,0.3,0.0
REACT_WINE_CUBE,SPK_WINE,0.5,205.1,1193.4,-23.3,0.4,0.1,0.8
D10G_N_5,SPK_NOTARY,0.5,188.2,1253.2,-18.3,0.3,0.1,0.8
D10O_A_Q3_OK,SPK_AGA,0.5,333.3,1749.8,-21.8,0.0,0.6,0.0
D14_N_RESIGN_2,SPK_NIHAT,0.5,156.9,1227.4,-20.8,0.3,0.0,0.8
D15_S_W12,SPK_TOLGA,0.5,195.1,1555.0,-19.8,0.5,0.0,0.6
D18B_N_01,SPK_NIHAT,0.5,160.0,1182.4,-22.2,0.1,0.6,0.1
D1_T_07C,SPK_TOLGA,0.5,195.1,1609.7,-20.3,0.5,0.2,0.4
D21_T_B1,SPK_TOLGA,0.5,195.1,1456.3,-20.2,0.5,0.4,0.4
D23_TH_01,SPK_THEODOROS,0.5,104.6,1725.6,-21.8,0.5,0.3,0.6
D23_T_3_TELL,SPK_TOLGA,0.5,195.1,1490.1,-20.0,0.5,0.3,0.5
D24O_T_MOON,SPK_TOLGA,0.5,195.1,1487.9,-20.3,0.5,0.3,0.3
D29O_T_SULTAN,SPK_TOLGA,0.5,170.2,1403.7,-20.5,0.1,0.6,0.3
D29_C_BOARD,SPK_CATTANEO,0.5,280.7,2399.9,-18.2,0.5,0.5,0.5
D31O_N_01,SPK_NIHAT,0.5,160.0,1198.9,-23.2,0.1,0.4,0.8
D34O_U_02,SPK_URBAN,0.5,320.0,2126.5,-18.7,0.0,0.5,0.8
D37O_AB_FALL,SPK_AZAPBASI,0.5,283.2,1962.1,-20.1,0.5,0.1,0.2
D38O_T_POT_OK,SPK_TOLGA,0.5,163.3,1449.0,-22.8,0.2,0.4,0.8
D3_H_END_34,SPK_HIKMET,0.5,320.0,2332.3,-21.3,0.0,0.3,0.8
D3_R_15,SPK_RIZA,0.5,246.2,2119.6,-18.0,0.4,0.6,0.8
D4A_HU_CAUGHT,SPK_HUSEYIN,0.5,158.4,1344.1,-18.1,0.5,0.3,0.8
D6_EMP_POWERBANK,SPK_EMPEROR,0.5,106.0,1218.5,-22.7,0.5,0.3,0.1
D8_H_STAY,SPK_HIKMET,0.5,320.0,2391.7,-19.6,0.0,0.6,0.3
D9_URBAN_BUSY,SPK_URBAN,0.5,320.0,2015.2,-21.1,0.0,0.4,0.8
EV_COUNCIL_7,SPK_TOLGA,0.5,195.1,1614.0,-20.6,0.5,0.2,0.2
MG_HAG_NIKO_WIN,SPK_NIKO,0.5,313.7,2253.7,-24.1,0.2,0.0,0.8
REACT_CAMELEER_CUBE,SPK_CAMELEER,0.5,372.1,2087.0,-21.3,0.2,0.5,0.8
REACT_FATIH_CHICKPEAS,SPK_FATIH,0.5,120.3,903.2,-20.4,0.5,0.6,0.2
D10B_U_NAME_1,SPK_URBAN,0.5,326.5,2125.1,-21.1,0.3,0.5,0.8
D10L_D_DIG_1,SPK_MINER,0.5,238.8,2233.3,-20.0,0.5,0.2,0.2
D10Z_K_CRIT_3,SPK_KADRI,0.5,310.7,2051.4,-23.4,0.5,0.2,0.7
D12_END_12_6_2,SPK_HIKMET,0.5,320.0,2166.2,-20.4,0.0,0.6,0.2
D12_H_ALREADY,SPK_HIKMET,0.5,310.7,2237.7,-20.2,0.5,0.2,0.0
D15_G_W12,SPK_HIKMET,0.5,310.7,2259.5,-19.6,0.5,0.1,0.3
D20_NK_DROP,SPK_NIKO,0.5,301.9,2332.0,-24.1,0.3,0.6,0.8
D22O_N_END,SPK_NIHAT,0.5,164.9,1209.7,-23.2,0.1,0.2,0.8
D32O_S_CARP,SPK_SOLDIER,0.5,222.2,1949.9,-15.0,0.3,0.1,0.8
D38O_R_END,SPK_PATROL,0.5,235.3,2366.6,-21.5,0.0,0.1,0.8
D6_KADRI_FEZ_OFF,SPK_KADRI,0.5,326.5,1929.2,-23.9,0.3,0.6,0.3
D10B_U_NAME_2,SPK_URBAN,0.5,326.5,1994.1,-20.4,0.3,0.6,0.3
D10H_G_PB,SPK_GIUST,0.5,213.3,2059.4,-22.9,0.3,0.6,0.1
D10O_A_Q1_LIE,SPK_AGA,0.5,333.3,1807.8,-20.6,0.0,0.1,0.8
D12_F_KEY_BOOK,SPK_FATIH,0.5,119.4,901.9,-20.5,0.4,0.6,0.1
D14_N_Z1_SEEN,SPK_NIHAT,0.5,151.7,1228.9,-21.0,0.5,0.0,0.7
D15_G_W10,SPK_HIKMET,0.5,313.7,2388.3,-21.1,0.3,0.6,0.7
D19O_T_01,SPK_TOLGA,0.5,162.4,1633.2,-22.7,0.3,0.3,0.8
D21_G_MAP,SPK_GRANT,0.5,117.6,906.3,-19.1,0.1,0.6,0.7
D21_N_01_NOPB,SPK_NIHAT,0.5,164.9,1270.0,-20.9,0.1,0.6,0.8
D29_C_DUEL,SPK_CATTANEO,0.5,271.2,2368.1,-17.4,0.3,0.3,0.8
D32O_H_GO,SPK_HASAN,0.5,254.0,1690.2,-23.3,0.4,0.6,0.2
D37O_AB_SHIELD,SPK_AZAPBASI,0.5,326.5,2029.5,-22.2,0.2,0.2,0.8
D3_N_END_32,SPK_NIHAT,0.5,151.7,1258.2,-21.2,0.5,0.4,0.5
D5_N_CALL_6,SPK_NIHAT,0.5,151.7,1222.2,-21.7,0.5,0.1,0.2
D7_N_TRACE_CELL,SPK_NIHAT,0.5,151.7,1189.9,-23.0,0.5,0.5,0.6
D7_S_LETTER_R3,SPK_SOLDIER,0.5,163.3,1754.1,-18.4,0.5,0.4,0.3
D8_C_WHERE,SPK_CEMIL,0.5,262.3,1590.8,-22.0,0.2,0.5,0.8
D8_H_G4,SPK_HIKMET,0.5,320.0,2388.4,-19.7,0.0,0.6,0.2
D9_P_5_PLAIN,SPK_PASHA,0.5,117.2,960.1,-22.5,0.2,0.6,0.6
REACT_NIHAT_TAPE,SPK_NIHAT,0.5,164.9,1270.3,-20.9,0.1,0.6,0.8
D10G_F_AGAIN,SPK_FISHMONGER,0.5,363.6,2357.0,-21.9,0.4,0.6,0.2
D10H_T_03,SPK_TOLGA,0.5,153.8,1532.3,-20.0,0.5,0.1,0.5
D10H_T_EXIT_3,SPK_TOLGA,0.5,153.8,1468.1,-20.3,0.5,0.4,0.3
D10H_T_FRANK_2,SPK_TOLGA,0.5,158.4,1479.9,-19.5,0.4,0.3,0.8
D10H_T_SAFE,SPK_TOLGA,0.5,153.8,1422.2,-22.6,0.5,0.5,0.7
D10L_T_MEET_3B,SPK_TOLGA,0.5,153.8,1510.9,-22.5,0.5,0.2,0.7
D10O_K_COME_NOFEZ,SPK_KADRI,0.5,326.5,2117.0,-24.7,0.3,0.6,0.1
D12_T_WHO_C,SPK_TOLGA,0.5,160.0,1411.3,-22.3,0.3,0.6,0.6
D15_S7_H_3,SPK_HIKMET,0.5,326.5,2386.9,-20.1,0.3,0.6,0.0
D15_Y_F_RADIO,SPK_AGENCY,0.5,248.1,1346.3,-22.1,0.0,0.6,0.0
D16_G_CATCH_2,SPK_HASAN,0.5,290.9,1754.4,-22.6,0.5,0.3,0.2
D17O_K_DAWN_BURNED,SPK_KADRI,0.5,320.0,1996.2,-25.7,0.0,0.2,0.8
D20O_U_NAME_3,SPK_URBAN,0.5,313.7,2051.8,-21.1,0.3,0.1,0.8
D20_G_03,SPK_GIUST,0.5,216.2,2305.3,-23.1,0.2,0.6,0.0
D21O_D_01,SPK_MINER,0.5,225.4,2250.7,-20.7,0.5,0.1,0.2
D22O_H_HIDE_1,SPK_HASAN,0.5,290.9,1902.8,-22.0,0.5,0.5,0.5
D23_K_ANSWER_2,SPK_EMPEROR,0.5,103.9,1228.3,-20.4,0.2,0.4,0.8
D24O_K_LOST_0,SPK_KADRI,0.5,313.7,1961.5,-23.2,0.3,0.4,0.8
D24O_S_2,SPK_SOLDIER,0.5,173.9,1675.2,-19.2,0.3,0.6,0.6
D25_F_2,SPK_FATIH,0.5,114.3,902.8,-19.2,0.0,0.6,0.8
D26_T_HIDE,SPK_TOLGA,0.5,193.9,1564.8,-20.7,0.5,0.0,0.2
D26_T_INSURER,SPK_TOLGA,0.5,166.7,1410.9,-21.5,0.2,0.6,0.2
D26_T_TOO_LATE,SPK_TOLGA,0.5,181.8,1482.8,-22.7,0.2,0.3,0.8
D30_E_01_KNOWN,SPK_EMPEROR,0.5,103.9,1268.8,-22.5,0.2,0.6,0.0
D30_T_GUN_BAD,SPK_TOLGA,0.5,153.8,1427.2,-22.4,0.5,0.5,0.6
D31O_N_PHOTO_OK,SPK_NIHAT,0.5,154.6,1199.1,-20.9,0.4,0.4,0.8
D32O_T_GUNS,SPK_TOLGA,0.5,153.8,1636.4,-20.9,0.5,0.3,0.1
D32O_U_RUNG_BAD,SPK_USTA,0.5,246.2,1668.7,-20.1,0.5,0.2,0.8
D37O_T_END_OK,SPK_TOLGA,0.5,158.4,1706.1,-22.2,0.4,0.6,0.5
D4A_ITEM_BOOK_1,SPK_HASAN,0.5,290.9,1916.0,-22.5,0.5,0.6,0.2
D4A_ITEM_CHICKPEAS_2,SPK_HUSEYIN,0.5,161.6,1373.9,-20.5,0.3,0.6,0.8
D5_H_SPOT_SLIPPER,SPK_HIKMET,0.5,326.5,2387.1,-20.4,0.3,0.6,0.2
D5_V_1,SPK_VAN,0.5,326.5,1742.5,-24.4,0.2,0.0,0.8
D6B_T_BOOK_KEEP,SPK_TOLGA,0.5,153.8,1515.9,-21.3,0.5,0.2,0.1
D6_URBAN_ASK,SPK_URBAN,0.5,320.0,2138.8,-19.1,0.0,0.6,0.6
D7_HUSEYIN_TRUTH_B,SPK_HUSEYIN,0.5,177.8,1300.3,-20.5,0.5,0.0,0.8
D8_C_03,SPK_CEMIL,0.5,256.0,1614.6,-20.0,0.1,0.6,0.3
D9_H2_GUN2,SPK_HIKMET,0.5,326.5,2170.3,-19.2,0.3,0.6,0.6
D_GAL_TOP,SPK_TOLGA,0.5,170.2,1547.5,-19.5,0.1,0.1,0.8
QUEST_CAT_DONE,SPK_TOLGA,0.5,153.8,1629.8,-21.6,0.5,0.3,0.2
REACT_GIUST_POWERBANK,SPK_GIUST,0.5,216.2,2060.5,-22.7,0.2,0.6,0.2
REACT_KID_THERMOS,SPK_KID,0.5,258.1,1208.8,-19.8,0.3,0.6,0.3
REACT_MINER_THERMOS,SPK_MINER,0.5,225.4,2297.6,-20.8,0.5,0.1,0.3
REACT_URBAN_TAPE,SPK_URBAN,0.5,316.9,2135.7,-18.7,0.2,0.6,0.8
D10O_A_Q3_CAMEL_TWIST,SPK_AGA,0.5,333.3,1876.8,-21.5,0.0,0.6,0.2
D12_F_CANDARLI,SPK_FATIH,0.5,115.9,1005.1,-20.4,0.1,0.6,0.2
D12_F_WHO_C,SPK_FATIH,0.5,109.6,909.2,-22.3,0.4,0.5,0.8
D17_N_CLAIM_SOME_NOQ,SPK_NIHAT,0.5,152.4,1206.3,-22.2,0.5,0.3,0.1
D21_N_END,SPK_NIHAT,0.5,152.4,1263.5,-22.5,0.5,0.5,0.3
D21_N_MAP,SPK_NIHAT,0.5,164.9,1196.1,-20.9,0.1,0.4,0.8
D23O_N_01,SPK_NIHAT,0.5,152.4,1262.9,-21.3,0.5,0.5,0.5
D24O_S_1,SPK_SOLDIER,0.5,235.3,1859.9,-17.1,0.5,0.1,0.1
D24O_S_3_SOUP,SPK_SOLDIER,0.5,216.2,2126.1,-17.9,0.2,0.6,0.1
D26_N_ALARM_2,SPK_NIHAT,0.5,156.9,1268.3,-21.0,0.3,0.6,0.7
D37O_AB_BEAT_BAD,SPK_AZAPBASI,0.5,320.0,2118.0,-19.6,0.1,0.6,0.5
D38O_N_01,SPK_NIHAT,0.5,152.4,1242.7,-21.9,0.5,0.2,0.1
D38O_R_BACK,SPK_PATROL,0.5,242.4,2270.2,-19.0,0.4,0.6,0.5
D38O_T_TOP,SPK_TOLGA,0.5,174.9,1469.3,-19.5,0.0,0.3,0.8
D3_N_DOOR_1453,SPK_NIHAT,0.5,152.4,1229.1,-21.4,0.5,0.0,0.4
D6B_N_DUNGEON_FIRST_NOFEZ,SPK_NIKO,0.5,313.7,2333.1,-25.6,0.2,0.6,0.1
D6B_T_CHASE_2,SPK_TOLGA,0.5,163.3,1416.4,-19.9,0.2,0.6,0.5
D7_URBAN_DJINN_LIGHTER,SPK_URBAN,0.5,320.0,2064.8,-21.0,0.0,0.0,0.8
D8_C_PAY,SPK_CEMIL,0.5,258.1,1465.8,-19.2,0.0,0.2,0.8
MG_ARC_H_MISS_2,SPK_HASAN,0.5,252.0,1817.0,-23.8,0.5,0.1,0.5
REACT_GIUST_THERMOS,SPK_GIUST,0.5,213.3,2182.4,-24.2,0.3,0.0,0.8
D10H_G_1,SPK_GIUST,0.4,225.4,2273.3,-22.0,0.4,0.4,0.7
D10Z_K_SOUP_OK_2,SPK_KADRI,0.4,323.3,1937.5,-23.5,0.2,0.6,0.6
D10Z_K_STOVE_KTHERMOS,SPK_KADRI,0.4,320.0,2092.8,-25.7,0.0,0.4,0.7
D11_N_RUMOR,SPK_NIHAT,0.4,164.9,1249.1,-20.9,0.1,0.3,0.7
D11_T_BOOM,SPK_TOLGA,0.4,170.2,1496.2,-19.5,0.1,0.2,0.7
D12_END_12_5_3,SPK_FATIH,0.4,108.8,908.0,-21.6,0.4,0.5,0.4
D12_F_01_KITCHEN,SPK_FATIH,0.4,112.3,1004.1,-21.1,0.2,0.6,0.2
D12_F_KEY_B_NO,SPK_FATIH,0.4,108.8,1001.4,-20.2,0.4,0.5,0.3
D15_O_WATER_A,SPK_MANAGER,0.4,250.0,1321.3,-21.9,0.4,0.5,0.1
D18_U_02,SPK_USTA,0.4,250.0,1630.8,-22.4,0.3,0.0,0.7
D26O_H_CREW,SPK_HASAN,0.4,266.7,1698.3,-23.1,0.1,0.6,0.1
D26O_N_01,SPK_NIHAT,0.4,173.9,1224.3,-21.7,0.4,0.0,0.2
D27_T_F_STAY,SPK_TOLGA,0.4,178.8,1417.3,-21.9,0.1,0.6,0.4
D27_T_W_STAY,SPK_TOLGA,0.4,192.8,1542.1,-20.4,0.4,0.1,0.3
D27_W_STAY,SPK_WINE,0.4,216.2,1259.8,-23.1,0.4,0.3,0.7
D27_Z_03,SPK_ZAGANOS,0.4,122.1,997.3,-18.7,0.4,0.1,0.0
D34O_U_HIT_OK,SPK_URBAN,0.4,320.0,2136.6,-20.3,0.0,0.6,0.3
D37O_T_DRAG,SPK_TOLGA,0.4,192.8,1617.1,-21.7,0.4,0.2,0.3
D39O_C_01,SPK_CAVUS,0.4,121.7,888.5,-19.0,0.3,0.6,0.2
D6_LUTFI_COLOGNE,SPK_LUTFI,0.4,147.5,1290.1,-23.7,0.1,0.5,0.7
D8_A1_RECALL,SPK_AGENT1,0.4,313.7,1837.8,-21.9,0.0,0.4,0.7
D8_C_LATE,SPK_CEMIL,0.4,266.7,1490.4,-20.5,0.4,0.1,0.1
D8_C_TAPE,SPK_CEMIL,0.4,266.7,1456.2,-21.0,0.4,0.3,0.3
D8_H_GOT_RAINCOAT,SPK_HIKMET,0.4,313.7,2176.4,-19.8,0.3,0.6,0.2
NPC_CROWD_BYZ_6,SPK_TOWNSMAN,0.4,135.6,1333.7,-18.2,0.1,0.1,0.7
QUEST_FORMS_DONE,SPK_TOLGA,0.4,164.1,1447.6,-19.5,0.2,0.4,0.7
REACT_FISHMONGER_PHONE,SPK_FISHMONGER,0.4,372.1,2354.2,-21.5,0.0,0.6,0.4
D10H_T_N_PEAS,SPK_TOLGA,0.4,181.8,1582.1,-19.6,0.2,0.1,0.7
D12_F_01,SPK_FATIH,0.4,111.1,971.8,-19.3,0.3,0.2,0.7
D15_Y_T_07,SPK_TOLGA,0.4,155.4,1518.2,-22.3,0.4,0.2,0.6
D17_T_READ,SPK_TOLGA,0.4,156.9,1698.4,-22.4,0.4,0.5,0.6
D24O_T_01,SPK_TOLGA,0.4,155.3,1426.9,-21.2,0.4,0.5,0.1
D24_N_01,SPK_NIHAT,0.4,169.3,1213.4,-23.1,0.2,0.2,0.7
D25_F_1,SPK_FATIH,0.4,110.0,1003.7,-20.5,0.3,0.5,0.1
D27_N_BRIG,SPK_NIHAT,0.4,160.0,1267.3,-23.0,0.1,0.5,0.7
D30O_T_01,SPK_TOLGA,0.4,186.0,1573.4,-19.6,0.3,0.1,0.7
D32O_T_02,SPK_TOLGA,0.4,170.2,1530.3,-22.6,0.1,0.1,0.7
D33O_T_FIFTH,SPK_TOLGA,0.4,186.0,1488.8,-19.6,0.3,0.3,0.7
D37O_T_MARCH,SPK_TOLGA,0.4,155.3,1500.3,-21.5,0.4,0.2,0.2
D3_N_END_35,SPK_NIHAT,0.4,155.3,1202.4,-21.0,0.3,0.3,0.7
D4A_T_01_WET,SPK_TOLGA,0.4,161.6,1697.4,-21.0,0.3,0.5,0.0
D5_H_CONF_4,SPK_HIKMET,0.4,320.0,2245.8,-19.0,0.0,0.2,0.7
D6_H_CALL,SPK_HIKMET,0.4,313.7,2199.5,-19.0,0.3,0.4,0.7
D9_LUTFI_NO,SPK_LUTFI,0.4,146.8,1234.5,-23.6,0.1,0.1,0.7
ITEM_SELF_COLOGNE,SPK_TOLGA,0.4,155.3,1564.2,-20.1,0.4,0.0,0.5
ITEM_SELF_CUBE,SPK_TOLGA,0.4,155.3,1558.2,-21.4,0.4,0.0,0.1
MG_CAUL_K_START_2,SPK_KADRI,0.4,326.5,1951.5,-23.2,0.3,0.5,0.7
MG_MAN_E_OUCH_3,SPK_EMPEROR,0.4,100.0,1182.3,-24.3,0.4,0.1,0.7
D10H_L_OFFER,SPK_LUTFI,0.4,160.0,1220.1,-22.1,0.4,0.1,0.0
D11_NK_00,SPK_NIKO,0.4,310.7,2329.4,-24.8,0.1,0.5,0.3
D15_N_T4,SPK_NIHAT,0.4,155.3,1266.5,-21.4,0.3,0.5,0.4
D15_R_H_3,SPK_HIKMET,0.4,326.5,2178.9,-20.0,0.3,0.5,0.0
D15_R_M_3,SPK_MANAGER,0.4,242.4,1329.2,-22.8,0.0,0.5,0.7
D18B_N_END,SPK_NIHAT,0.4,153.1,1220.6,-21.3,0.4,0.1,0.5
D19_S_FLEE,SPK_SAILOR,0.4,320.0,2342.7,-26.1,0.4,0.2,0.7
D1_T_07,SPK_TOLGA,0.4,158.4,1425.4,-21.8,0.4,0.5,0.4
D21_G_Q1,SPK_GRANT,0.4,115.9,912.0,-19.9,0.2,0.5,0.3
D26O_N_IN,SPK_NIHAT,0.4,165.6,1188.4,-22.6,0.1,0.5,0.4
D26_N_ANGEL,SPK_NIHAT,0.4,155.3,1187.9,-22.5,0.3,0.5,0.3
D30O_S_THANKS,SPK_SOLDIER,0.4,166.7,1740.7,-16.0,0.4,0.4,0.5
D33O_M_WATER,SPK_MASON,0.4,262.3,1635.7,-20.5,0.3,0.5,0.1
D33O_T_PLANK,SPK_TOLGA,0.4,161.6,1471.4,-22.5,0.3,0.3,0.7
D38O_R_07,SPK_PATROL,0.4,228.6,2304.8,-19.8,0.4,0.4,0.1
D4B_N_03,SPK_NIKO,0.4,320.0,2230.2,-24.8,0.4,0.1,0.4
D5_T_ACCIDENT_CAMP_NOFEZ,SPK_TOLGA,0.4,181.8,1426.5,-20.8,0.2,0.5,0.1
D7_AWE_URBAN,SPK_URBAN,0.4,313.7,2131.8,-19.3,0.3,0.5,0.4
D7_EAVES_NIKO_OUTSIDE,SPK_NIKO,0.4,320.0,2193.0,-24.5,0.4,0.4,0.5
D7_HUSEYIN_AWE_TRUTH,SPK_HUSEYIN,0.4,161.6,1371.3,-18.5,0.3,0.5,0.5
D7_KADRI_NO_PLAIN,SPK_KADRI,0.4,326.5,2110.8,-23.6,0.3,0.5,0.5
D7_KADRI_PROTECT,SPK_KADRI,0.4,320.0,1946.2,-23.3,0.0,0.5,0.7
D7_NIKO_CELL_FIRST_NOFEZ,SPK_NIKO,0.4,320.0,2226.7,-25.0,0.4,0.2,0.2
D7_URBAN_DJINN_LIGHTER_ULIGHTER,SPK_URBAN,0.4,320.0,2132.0,-19.3,0.0,0.5,0.4
D9_T_KADRI_Q,SPK_TOLGA,0.4,175.8,1684.2,-19.6,0.0,0.5,0.7
MG_HAG_WINE_DEAL,SPK_WINE,0.4,206.5,1140.5,-23.0,0.3,0.5,0.6
REACT_CALLIGRAPHER_COLOGNE,SPK_CALLIGRAPHER,0.4,87.4,963.5,-19.2,0.0,0.5,0.0
REACT_CLERK_CHICKPEAS,SPK_CLERK,0.4,153.1,2249.0,-20.7,0.3,0.5,0.0
REACT_MINER_BOOK,SPK_MINER,0.4,235.3,2151.4,-20.2,0.2,0.5,0.0
REACT_WINE_THERMOS,SPK_WINE,0.4,205.1,1180.6,-22.2,0.4,0.2,0.1
D11_N_HELP_3,SPK_NIHAT,0.4,154.6,1265.1,-22.0,0.4,0.5,0.0
D12_END_12_2_2,SPK_TOLGA,0.4,166.7,1691.0,-21.7,0.2,0.5,0.3
D12_F_01_GATEFAIL,SPK_FATIH,0.4,109.2,947.7,-21.3,0.4,0.1,0.3
D12_F_01_TWIST,SPK_FATIH,0.4,111.9,959.7,-19.3,0.2,0.1,0.7
D17O_A_01,SPK_TOPCU,0.4,320.0,2024.3,-24.1,0.0,0.0,0.7
D20_G_GUN_GLIGHTER,SPK_GIUST,0.4,225.4,2155.1,-22.1,0.4,0.1,0.7
D22O_H_02,SPK_HASAN,0.4,266.7,1908.4,-22.7,0.1,0.5,0.2
D25O_T_LEB,SPK_TOLGA,0.4,177.8,1428.0,-21.0,0.1,0.5,0.0
D33O_M_FALL,SPK_MASON,0.4,264.5,1629.1,-21.4,0.4,0.5,0.7
D34O_U_F1,SPK_URBAN,0.4,326.5,2017.0,-20.9,0.3,0.4,0.7
D4_H_RED,SPK_HIKMET,0.4,320.0,2184.3,-19.8,0.0,0.5,0.2
D6B_C_NEED,SPK_CLERK,0.4,161.6,2161.3,-21.8,0.4,0.2,0.7
D8_V_01,SPK_VAN,0.4,326.5,1795.9,-22.7,0.2,0.5,0.4
MG_ARC_H_BULL_3,SPK_HASAN,0.4,271.2,1908.4,-22.2,0.0,0.5,0.5
REACT_PASHA_CHICKPEAS,SPK_PASHA,0.4,118.5,1077.9,-22.8,0.0,0.1,0.7
D14_M_RECRUIT,SPK_MUFIDE,0.4,252.0,1282.3,-23.2,0.0,0.0,0.7
D15_O_IDK,SPK_TOLGA,0.4,156.9,1531.2,-22.4,0.4,0.1,0.6
D19O_N_END,SPK_NIHAT,0.4,161.6,1248.0,-21.0,0.1,0.3,0.7
D22O_T_END,SPK_TOLGA,0.4,170.2,1547.2,-19.7,0.1,0.1,0.7
D26O_AB_LADDER_OK,SPK_AZAPBASI,0.4,290.9,1980.5,-22.0,0.4,0.0,0.7
D30_D_GUN,SPK_DEFENDER,0.4,340.4,2187.3,-22.9,0.0,0.5,0.7
D31O_AZ_02,SPK_AZAP,0.4,175.8,1761.3,-17.9,0.4,0.3,0.7
D32O_TL_04,SPK_HERALD,0.4,210.6,1850.9,-17.3,0.0,0.1,0.7
D35O_U_SLIDE,SPK_URBAN,0.4,326.5,2080.1,-18.9,0.3,0.1,0.7
D37O_AZ_01,SPK_AZAP,0.4,206.5,1774.5,-15.3,0.1,0.2,0.7
D6B_THEO_FAIL,SPK_THEODOROS,0.4,102.6,1676.7,-21.6,0.3,0.0,0.7
D7_GIUST_TRUTH,SPK_GIUST,0.4,216.2,2091.7,-22.1,0.2,0.4,0.7
D8_H_GOT_LAMINATOR,SPK_HIKMET,0.4,326.5,2335.2,-19.1,0.3,0.3,0.7
D9_KADRI_OFFER_2_FIRE,SPK_KADRI,0.4,320.0,1986.4,-23.3,0.0,0.2,0.7
D9_MINER_BUSY,SPK_MINER,0.4,231.9,2278.6,-19.1,0.0,0.0,0.7
MG_ARC_H_WIND,SPK_HASAN,0.4,283.2,1878.5,-21.8,0.3,0.4,0.7
REACT_CLERK_SELFIE,SPK_CLERK,0.4,151.7,2116.5,-21.5,0.4,0.0,0.5
REACT_EMPEROR_SELFIE,SPK_EMPEROR,0.4,103.9,1090.7,-20.7,0.2,0.3,0.7
D10A_TH_FORM_5,SPK_THEODOROS,0.4,95.8,1683.1,-23.1,0.4,0.0,0.0
D10H_T_RADIO_LETTER,SPK_TOLGA,0.4,166.7,1684.1,-21.3,0.2,0.5,0.1
D11_N_RELEASE_NOFEZ,SPK_NIHAT,0.4,153.8,1253.9,-21.7,0.4,0.4,0.2
D12_T_KEY_B_NOBOOK,SPK_TOLGA,0.4,173.0,1433.1,-20.6,0.0,0.5,0.2
D17_N_BACK_DUSK,SPK_NIHAT,0.4,153.8,1206.9,-21.9,0.4,0.3,0.1
D17_N_FIRST_28,SPK_NIHAT,0.4,153.8,1191.6,-22.3,0.4,0.5,0.1
D17_T_02,SPK_TOLGA,0.4,190.6,1526.6,-20.1,0.4,0.1,0.5
D22O_HU_01,SPK_HUSEYIN,0.4,163.3,1292.4,-18.4,0.2,0.1,0.7
D29O_N_FELL,SPK_NIHAT,0.4,153.8,1222.1,-21.7,0.4,0.1,0.2
D35O_N_END,SPK_NIHAT,0.4,153.8,1215.6,-21.6,0.4,0.2,0.3
D35O_U_DAY,SPK_URBAN,0.4,320.0,2128.1,-20.6,0.0,0.5,0.5
D6B_THEO_GRANT,SPK_THEODOROS,0.4,95.8,1644.8,-22.2,0.4,0.2,0.4
D6_URBAN_THERMOS,SPK_URBAN,0.4,320.0,2006.5,-19.0,0.0,0.5,0.6
REACT_NIHAT_PHONE,SPK_NIHAT,0.4,153.9,1205.7,-22.7,0.4,0.3,0.5
REACT_NIHAT_POWERBANK,SPK_NIHAT,0.4,160.0,1245.3,-23.0,0.1,0.2,0.7
D10B_F_02,SPK_FATIH,0.4,116.8,997.7,-20.9,0.2,0.5,0.1
D10G_N_3,SPK_NOTARY,0.4,177.8,1326.6,-20.3,0.1,0.5,0.0
D10Z_T_FIRE_4,SPK_TOLGA,0.4,163.3,1435.9,-21.2,0.2,0.5,0.1
D10Z_T_WAIT,SPK_TOLGA,0.4,158.7,1619.8,-22.4,0.3,0.2,0.6
D12B_H_RADIO,SPK_HIKMET,0.4,326.5,2368.5,-20.3,0.3,0.5,0.1
D12_F_01_URBAN,SPK_FATIH,0.4,111.9,996.9,-20.2,0.2,0.5,0.3
D12_F_KEY_C_NO,SPK_FATIH,0.4,109.6,925.5,-19.9,0.4,0.3,0.4
D13_F_MISSED_NONAME,SPK_FATIH,0.4,117.6,912.2,-19.9,0.3,0.5,0.4
D20O_U_END_OPEN,SPK_URBAN,0.4,320.0,2113.2,-19.0,0.0,0.4,0.6
D26_G_LIGHTER_BACK,SPK_GIUST,0.4,225.4,2137.7,-22.1,0.4,0.2,0.6
D26_N_TEZ_FREE,SPK_NIHAT,0.4,158.4,1262.4,-23.0,0.2,0.5,0.6
D29O_B_GUN,SPK_BALTA,0.4,170.2,1227.7,-11.4,0.1,0.3,0.6
D2_T_25,SPK_TOLGA,0.4,190.5,1666.0,-21.8,0.4,0.4,0.3
D32O_T_FIRE_6,SPK_TOLGA,0.4,160.8,1436.5,-21.7,0.3,0.5,0.3
D33O_FZ_SHIP,SPK_FIRUZ,0.4,347.8,1806.5,-20.4,0.2,0.4,0.6
D37O_AB_SALLY,SPK_AZAPBASI,0.4,301.9,1862.8,-20.6,0.2,0.5,0.0
D3_M_05,SPK_MUFIDE,0.4,246.2,1283.4,-22.5,0.4,0.0,0.2
D4A_ITEM_POWERBANK_3,SPK_HASAN,0.4,258.1,1825.3,-24.1,0.3,0.1,0.6
D6B_N_PERMIT,SPK_NIKO,0.4,313.7,2180.2,-25.9,0.2,0.5,0.4
D6_KADRI_HELLO,SPK_KADRI,0.4,326.5,2102.4,-23.4,0.3,0.5,0.6
D8_H_FAIL_CAUGHT_ITEM,SPK_HIKMET,0.4,326.5,2365.8,-20.8,0.3,0.5,0.5
ITEM_SELF_POWERBANK,SPK_TOLGA,0.4,161.6,1437.1,-21.0,0.3,0.5,0.0
MG_HAG_URBAN_WIN,SPK_URBAN,0.4,320.0,2079.7,-18.9,0.0,0.1,0.6
QUEST_CHICKPEAS_DONE,SPK_TOLGA,0.4,190.5,1629.2,-21.1,0.4,0.3,0.0
REACT_HIKMET_PHONE,SPK_HIKMET,0.4,313.7,2188.6,-19.7,0.3,0.5,0.3
REACT_LUTFI_CUBE,SPK_LUTFI,0.4,143.5,1185.4,-20.7,0.3,0.3,0.6
REACT_NIKO_CUBE,SPK_NIKO,0.4,307.7,2320.5,-25.6,0.1,0.5,0.2
REACT_SOLDIER_SELFIE,SPK_SOLDIER,0.4,173.9,1718.8,-17.7,0.3,0.5,0.1
D10G_D_AGAIN_NOFEZ,SPK_DOUBLE,0.4,258.1,2013.6,-20.5,0.4,0.3,0.0
D10H_TH_01,SPK_THEODOROS,0.4,97.0,1589.9,-23.7,0.3,0.5,0.3
D15_G_W13_PLAIN,SPK_HIKMET,0.4,313.7,2246.4,-21.0,0.3,0.2,0.6
D20_G_01_KNOWN,SPK_GIUST,0.4,225.4,2204.9,-22.2,0.4,0.1,0.6
D20_G_02,SPK_GIUST,0.4,225.4,2253.2,-23.1,0.4,0.3,0.1
D21_T_Q2_B,SPK_TOLGA,0.4,183.9,1488.5,-19.8,0.2,0.3,0.6
D24_N_FOG,SPK_NIHAT,0.4,166.7,1195.9,-21.1,0.1,0.4,0.6
D26O_S_WATER_3,SPK_SOLDIER,0.4,213.3,1721.7,-16.8,0.2,0.5,0.2
D26_S_ARROWS_1,SPK_SOLDIER,0.4,181.8,1735.7,-15.5,0.2,0.4,0.6
D2_HA_11,SPK_HASAN,0.4,262.3,1716.2,-22.7,0.2,0.5,0.1
D7_HUSEYIN_LIE,SPK_HUSEYIN,0.4,160.8,1316.2,-18.7,0.4,0.1,0.5
ITEM_SELF_TAPE,SPK_TOLGA,0.4,168.4,1612.9,-22.4,0.1,0.2,0.6
MG_HAG_NIKO_LOW,SPK_NIKO,0.4,316.9,2319.2,-25.9,0.3,0.5,0.3
MG_HAG_URBAN_LOW,SPK_URBAN,0.4,326.5,2065.6,-19.0,0.3,0.0,0.6
NPC_CROWD_CAMP_6,SPK_SOLDIER,0.4,171.1,1987.5,-18.1,0.4,0.2,0.2
QUEST_POWERBANK_DONE,SPK_TOLGA,0.4,158.4,1441.5,-22.2,0.4,0.5,0.5
REACT_AGA_LIGHTER,SPK_AGA,0.4,333.3,1865.9,-22.1,0.0,0.5,0.2
REACT_DOUBLE_LIGHTER,SPK_DOUBLE,0.4,258.1,1927.9,-20.4,0.4,0.4,0.0
D12_T_KEY_E,SPK_TOLGA,0.4,158.4,1469.5,-21.1,0.4,0.3,0.0
D17_T_SIDE_O_NOFEZ,SPK_TOLGA,0.4,158.4,1496.7,-21.5,0.4,0.2,0.2
D23_I_ASIDE,SPK_ISMAIL,0.4,114.3,1055.6,-21.8,0.4,0.4,0.6
D24O_K_END,SPK_KADRI,0.4,320.0,2097.6,-25.1,0.0,0.5,0.4
D26_T_EPI,SPK_TOLGA,0.4,180.8,1444.2,-20.3,0.2,0.5,0.4
D27_T_B_RETURN,SPK_TOLGA,0.4,158.4,1466.5,-19.9,0.4,0.4,0.6
D29O_T_WIND,SPK_TOLGA,0.4,189.4,1662.5,-21.4,0.4,0.4,0.2
D30O_N_01,SPK_NIHAT,0.4,154.6,1229.1,-21.9,0.4,0.0,0.1
D30_N_01,SPK_NIHAT,0.4,172.0,1207.3,-22.4,0.4,0.3,0.2
D33O_N_01,SPK_NIHAT,0.4,172.0,1216.8,-21.9,0.4,0.1,0.1
D37O_T_PLANK,SPK_TOLGA,0.4,158.4,1557.6,-20.6,0.4,0.0,0.2
D39O_N_END,SPK_NIHAT,0.4,172.0,1246.1,-21.7,0.4,0.3,0.2
D3_N_18,SPK_NIHAT,0.4,154.6,1250.7,-22.2,0.4,0.3,0.1
D4B_T_MERCHANT,SPK_TOLGA,0.4,189.4,1451.7,-20.6,0.4,0.4,0.2
D6_KADRI_CUBE,SPK_KADRI,0.4,326.5,2097.3,-24.3,0.3,0.5,0.1
D9_G_2,SPK_HUSEYIN,0.4,170.2,1361.1,-19.4,0.1,0.5,0.0
REACT_NIKO_REPLAY_2,SPK_NIKO,0.4,307.7,2182.6,-25.7,0.1,0.5,0.2
D10H_T_EXIT_0,SPK_TOLGA,0.3,164.9,1447.3,-20.5,0.2,0.4,0.3
D10O_A_Q1_SKIP,SPK_AGA,0.3,340.4,1819.2,-21.1,0.3,0.0,0.5
D10O_A_SHOUT,SPK_AGA,0.3,340.4,1791.6,-21.1,0.3,0.2,0.5
D10Z_H_RADIO,SPK_HIKMET,0.3,326.5,2201.8,-21.0,0.3,0.4,0.6
D15_O_WATER_B,SPK_MANAGER,0.3,244.3,1387.4,-20.9,0.1,0.4,0.6
D1_H_17,SPK_HIKMET,0.3,320.0,2352.5,-21.0,0.0,0.4,0.6
D20O_U_01,SPK_URBAN,0.3,313.7,2013.4,-19.1,0.3,0.4,0.5
D20_G_01_KNOWN_GLIGHTER,SPK_GIUST,0.3,213.3,2114.5,-23.1,0.3,0.3,0.0
D21_N_CAP,SPK_NIHAT,0.3,155.3,1244.3,-21.1,0.3,0.2,0.6
D23_N_END_TRUE,SPK_NIHAT,0.3,161.6,1259.4,-22.5,0.1,0.4,0.3
D24O_S_2_JOKE,SPK_SOLDIER,0.3,198.8,1903.2,-15.6,0.0,0.0,0.6
D26_G_NOTRUST,SPK_GIUST,0.3,213.3,2230.9,-23.2,0.3,0.2,0.1
D26_L_RETREAT,SPK_LOOKOUT,0.3,333.3,2369.9,-15.5,0.3,0.0,0.1
D28O_N_END,SPK_NIHAT,0.3,160.0,1213.2,-21.2,0.1,0.2,0.6
D33O_G_01,SPK_GENOESE,0.3,156.9,1568.0,-17.9,0.1,0.2,0.6
D33O_M_01,SPK_MASON,0.3,254.0,1622.7,-19.9,0.1,0.4,0.2
D38O_N_END,SPK_NIHAT,0.3,166.7,1201.5,-22.9,0.1,0.3,0.6
D6_GIUST_CHICKPEAS,SPK_GIUST,0.3,213.3,2258.9,-23.9,0.3,0.3,0.6
D6_LUTFI_FEZ_ON,SPK_LUTFI,0.3,158.4,1225.5,-22.7,0.3,0.0,0.3
D6_LUTFI_TAPE,SPK_LUTFI,0.3,142.2,1264.4,-22.8,0.3,0.3,0.4
D8_A_CAUGHT_3,SPK_AGENT1,0.3,301.9,1812.0,-23.9,0.3,0.2,0.6
REACT_NIHAT_THERMOS,SPK_NIHAT,0.3,160.0,1213.1,-21.1,0.1,0.2,0.6
D10B_U_01,SPK_URBAN,0.3,326.5,2059.7,-19.9,0.3,0.1,0.0
D10B_U_CALC_NOPHONE,SPK_URBAN,0.3,326.5,2041.4,-19.1,0.3,0.2,0.6
D10B_U_CALC_OK_CUBE,SPK_URBAN,0.3,326.5,2016.7,-19.5,0.3,0.4,0.3
D10B_U_POWDER_2,SPK_URBAN,0.3,326.5,2045.6,-19.8,0.3,0.2,0.1
D10L_G_LEBLEBI,SPK_GRANT,0.3,117.7,958.5,-21.6,0.1,0.0,0.6
D10O_A_Q2_SKIP,SPK_AGA,0.3,326.5,1800.9,-22.4,0.3,0.1,0.4
D11_H_03,SPK_HIKMET,0.3,326.5,2336.0,-19.7,0.3,0.3,0.3
D12_T_CANNON_D,SPK_TOLGA,0.3,185.0,1667.5,-20.6,0.3,0.4,0.2
D13_T_1977_7,SPK_TOLGA,0.3,160.8,1450.5,-21.3,0.3,0.4,0.1
D15_G_W13,SPK_HIKMET,0.3,326.5,2314.9,-19.5,0.3,0.2,0.4
D15_S7_T_4,SPK_TOLGA,0.3,183.9,1670.6,-20.0,0.2,0.4,0.5
D17_T_01,SPK_TOLGA,0.3,159.2,1513.0,-22.0,0.3,0.2,0.4
D18_U_MISS_3,SPK_USTA,0.3,258.1,1715.5,-20.4,0.0,0.4,0.6
D19_T_TEZKIRE,SPK_TOLGA,0.3,159.2,1616.8,-20.8,0.3,0.2,0.1
D1P_H_02,SPK_HIKMET,0.3,326.5,2278.5,-20.2,0.3,0.0,0.1
D1_H_01,SPK_HIKMET,0.3,326.5,2216.2,-20.0,0.3,0.3,0.1
D1_H_16,SPK_HIKMET,0.3,326.5,2308.4,-20.1,0.3,0.2,0.0
D20O_U_01_ULIGHTER,SPK_URBAN,0.3,326.5,2058.1,-19.2,0.3,0.1,0.5
D26O_H_01_LEB,SPK_HASAN,0.3,285.7,1737.5,-23.2,0.3,0.3,0.1
D26_S_WATER_1,SPK_SOLDIER,0.3,207.8,1734.8,-16.0,0.1,0.4,0.5
D27_GN_MISSED,SPK_GENOESE,0.3,156.9,1605.9,-18.5,0.1,0.4,0.2
D28O_U_EDIRNE_SHORT,SPK_URBAN,0.3,326.5,2091.2,-19.9,0.3,0.2,0.0
D28O_U_STAKES,SPK_URBAN,0.3,326.5,2086.7,-20.0,0.3,0.1,0.1
D30_D_BOARD,SPK_DEFENDER,0.3,347.8,2274.5,-23.8,0.3,0.1,0.1
D31O_K_LADLE,SPK_KADRI,0.3,326.5,1991.5,-24.9,0.3,0.2,0.3
D31O_T_01,SPK_TOLGA,0.3,164.9,1448.8,-21.9,0.2,0.4,0.4
D32O_J_SILENCE,SPK_JANISSARY,0.3,326.5,2061.9,-20.7,0.3,0.3,0.6
D32O_TP_END_BAD,SPK_TOPCU,0.3,326.5,1994.1,-25.3,0.3,0.3,0.0
D34O_U_END,SPK_URBAN,0.3,326.5,2081.5,-20.2,0.3,0.1,0.2
D35O_U_HEAVE,SPK_URBAN,0.3,326.5,2095.8,-19.7,0.3,0.2,0.1
D37O_U_01,SPK_URBAN,0.3,326.5,2038.4,-19.5,0.3,0.2,0.2
D37O_U_02,SPK_URBAN,0.3,320.0,2026.1,-20.8,0.0,0.3,0.6
D39O_C_04,SPK_CAVUS,0.3,125.5,1045.8,-16.4,0.1,0.3,0.6
D3_H_EAVES,SPK_HIKMET,0.3,326.5,2294.1,-20.1,0.3,0.1,0.0
D4A_HA_ARGUE_5,SPK_HASAN,0.3,275.9,1892.2,-23.0,0.1,0.4,0.0
D4A_H_02,SPK_HIKMET,0.3,326.5,2316.3,-20.8,0.3,0.2,0.5
D5_H_CONF_RED,SPK_HIKMET,0.3,326.5,2253.8,-19.9,0.3,0.1,0.1
D6A_T_ROAD_Y_NOFEZ,SPK_TOLGA,0.3,164.9,1448.7,-21.6,0.2,0.4,0.3
D7_HASAN_TRUTH_A,SPK_HASAN,0.3,285.7,1833.3,-22.6,0.3,0.1,0.2
D7_URBAN_DJINN_TAPE,SPK_URBAN,0.3,326.5,2039.8,-19.8,0.3,0.2,0.0
D7_URBAN_HELLO,SPK_URBAN,0.3,326.5,2068.5,-20.5,0.3,0.0,0.4
D8_H_LIST,SPK_HIKMET,0.3,326.5,2216.0,-19.6,0.3,0.3,0.4
D9_H_8_2,SPK_HIKMET,0.3,326.5,2270.2,-20.3,0.3,0.0,0.1
D9_KADRI_YES,SPK_KADRI,0.3,326.5,1961.4,-23.6,0.3,0.4,0.5
D9_T_FATIH,SPK_TOLGA,0.3,182.9,1519.5,-19.9,0.2,0.2,0.6
D9_URBAN_TRIAL,SPK_URBAN,0.3,326.5,2023.9,-20.4,0.3,0.3,0.3
MG_CAUL_K_PICK,SPK_KADRI,0.3,326.5,2026.6,-23.9,0.3,0.0,0.3
MG_HAG_URBAN_NOSWEET,SPK_URBAN,0.3,313.7,2026.6,-20.7,0.3,0.3,0.6
REACT_AGA_TAPE,SPK_AGA,0.3,326.5,1806.7,-21.1,0.3,0.1,0.5
REACT_FATIH_REPLAY_4,SPK_FATIH,0.3,117.6,916.4,-20.9,0.3,0.4,0.1
REACT_FISHMONGER_LIGHTER,SPK_FISHMONGER,0.3,372.1,2192.5,-22.1,0.0,0.4,0.0
REACT_HIKMET_COLOGNE,SPK_HIKMET,0.3,326.5,2359.1,-19.5,0.3,0.4,0.4
REACT_KADRI_REPLAY_5,SPK_KADRI,0.3,326.5,2046.4,-24.4,0.3,0.1,0.0
REACT_NOTARY_POWERBANK,SPK_NOTARY,0.3,188.2,1177.3,-19.3,0.3,0.3,0.4
D10Z_K_ASK_MAIN,SPK_KADRI,0.3,313.7,2071.2,-24.4,0.3,0.3,0.0
D10Z_K_TASTE_BURNT,SPK_KADRI,0.3,313.7,2025.8,-25.3,0.3,0.0,0.5
D13_H_MISSED,SPK_HIKMET,0.3,313.7,2308.3,-20.9,0.3,0.2,0.5
D15_G_EVENING,SPK_HIKMET,0.3,313.7,2230.3,-19.7,0.3,0.3,0.3
D15_G_EVENING_PLAIN,SPK_HIKMET,0.3,313.7,2221.8,-20.0,0.3,0.3,0.1
D15_S7_H_1,SPK_HIKMET,0.3,313.7,2341.0,-20.5,0.3,0.3,0.3
D1_H_13,SPK_HIKMET,0.3,313.7,2233.0,-20.2,0.3,0.2,0.1
D20O_T_DUEL,SPK_TOLGA,0.3,188.2,1464.7,-20.0,0.3,0.4,0.5
D20O_U_CRACK,SPK_URBAN,0.3,313.7,2109.7,-20.7,0.3,0.3,0.5
D20O_U_FLAW,SPK_URBAN,0.3,313.7,2019.6,-19.4,0.3,0.4,0.3
D25_K_02,SPK_KADRI,0.3,313.7,2062.0,-25.0,0.3,0.2,0.4
D26_N_EARTH,SPK_NIHAT,0.3,162.4,1257.6,-22.8,0.0,0.4,0.5
D26_T_ENTRY,SPK_TOLGA,0.3,166.7,1665.6,-21.4,0.2,0.4,0.2
D27_N_02,SPK_NIHAT,0.3,164.9,1226.8,-22.9,0.1,0.0,0.6
D28O_U_PLACED_SLIP,SPK_URBAN,0.3,313.7,2088.6,-20.1,0.3,0.2,0.1
D28O_U_SHOT,SPK_URBAN,0.3,313.7,2043.1,-20.5,0.3,0.2,0.4
D33O_F_01,SPK_FATIH,0.3,116.8,992.0,-20.7,0.2,0.4,0.0
D33O_U_01,SPK_URBAN,0.3,313.7,2077.3,-19.1,0.3,0.1,0.5
D34O_U_HANG,SPK_URBAN,0.3,320.0,2078.6,-19.1,0.0,0.1,0.6
D35O_U_SLOPE,SPK_URBAN,0.3,313.7,2106.3,-19.9,0.3,0.3,0.0
D7_THEO_CHAT2,SPK_THEODOROS,0.3,96.4,1673.7,-23.5,0.3,0.0,0.2
D8_H_AGENTS,SPK_HIKMET,0.3,313.7,2334.7,-20.5,0.3,0.3,0.3
D8_H_BADGE_1,SPK_HIKMET,0.3,313.7,2207.2,-19.6,0.3,0.4,0.3
D8_H_C_02,SPK_HIKMET,0.3,313.7,2286.7,-19.5,0.3,0.0,0.4
D9_H2_GUN,SPK_HIKMET,0.3,313.7,2285.9,-20.7,0.3,0.0,0.4
D9_T_URBAN_YES,SPK_TOLGA,0.3,188.2,1594.8,-20.0,0.3,0.1,0.5
MG_HAG_URBAN_FAIR,SPK_URBAN,0.3,313.7,2092.3,-19.9,0.3,0.2,0.0
MG_HAG_URBAN_LOSE,SPK_URBAN,0.3,313.7,2056.7,-19.4,0.3,0.1,0.3
REACT_URBAN_REPLAY_4,SPK_URBAN,0.3,313.7,2109.7,-19.6,0.3,0.3,0.2
D10A_N_OTAG_2,SPK_NIHAT,0.3,155.3,1215.5,-22.5,0.3,0.2,0.3
D10G_T_02,SPK_TOLGA,0.3,160.0,1479.1,-21.6,0.3,0.3,0.3
D10H_K_CONFESS,SPK_EMPEROR,0.3,100.6,1196.0,-22.6,0.3,0.2,0.1
D10H_K_RENT,SPK_EMPEROR,0.3,100.6,1222.1,-23.2,0.3,0.3,0.3
D11_T_HELP_4,SPK_TOLGA,0.3,181.8,1662.3,-20.7,0.2,0.4,0.2
D17_N_CLAIM_NOQ,SPK_NIHAT,0.3,171.1,1227.0,-22.2,0.3,0.0,0.1
D19O_C_TELL,SPK_BRIG,0.3,116.8,1227.3,-19.1,0.3,0.0,0.4
D19O_N_01,SPK_NIHAT,0.3,164.9,1257.0,-22.7,0.1,0.4,0.5
D23_T_1_TRUE,SPK_TOLGA,0.3,179.8,1663.3,-20.9,0.1,0.4,0.1
D23_T_CARD,SPK_TOLGA,0.3,180.8,1471.0,-20.0,0.2,0.3,0.5
D25_K_PASS,SPK_EMPEROR,0.3,100.6,1130.3,-21.1,0.3,0.1,0.5
D30_D_LADDERS,SPK_DEFENDER,0.3,340.4,2316.1,-24.0,0.0,0.4,0.1
D31O_N_KHUTBE,SPK_NIHAT,0.3,164.1,1216.5,-21.2,0.0,0.1,0.5
D32O_H_LEB,SPK_HASAN,0.3,262.3,1825.8,-24.0,0.2,0.1,0.5
D32O_U_RUNG_OK,SPK_USTA,0.3,258.1,1652.1,-22.1,0.0,0.1,0.5
D33O_T_02,SPK_TOLGA,0.3,160.0,1563.8,-21.5,0.3,0.0,0.2
D34O_U_01,SPK_URBAN,0.3,320.0,2017.7,-19.8,0.0,0.4,0.1
D6_KADRI_DONE,SPK_KADRI,0.3,320.0,2078.8,-25.3,0.0,0.3,0.5
D6_LUTFI_BOOK,SPK_LUTFI,0.3,157.6,1241.9,-21.0,0.3,0.1,0.5
D7_N_LUTFI_ASK,SPK_NIHAT,0.3,155.3,1234.3,-22.5,0.3,0.1,0.3
REACT_EMPEROR_REPLAY_1,SPK_EMPEROR,0.3,100.6,1119.4,-23.6,0.3,0.2,0.4
REACT_FISHMONGER_BOOK,SPK_FISHMONGER,0.3,372.1,2217.9,-21.3,0.0,0.3,0.5
REACT_NIHAT_COLOGNE,SPK_NIHAT,0.3,155.3,1255.3,-22.4,0.3,0.4,0.2
D10Z_F_TASTE_OK,SPK_FATIH,0.3,114.3,990.3,-20.4,0.0,0.4,0.2
D18B_G_CRACK_2,SPK_HASAN,0.3,258.1,1859.7,-23.7,0.3,0.3,0.4
D25_N_LIGHTS,SPK_NIHAT,0.3,156.9,1198.6,-21.4,0.3,0.4,0.4
D26O_H_01_WATER,SPK_HASAN,0.3,258.1,1807.2,-23.2,0.3,0.0,0.1
D32O_H_01,SPK_HASAN,0.3,258.1,1729.5,-23.8,0.3,0.4,0.5
D32O_TP_URBAN,SPK_TOPCU,0.3,320.0,2038.6,-24.4,0.0,0.1,0.5
D38O_N_PHOTO,SPK_NIHAT,0.3,163.3,1208.2,-21.3,0.0,0.3,0.5
D39O_T_04,SPK_TOLGA,0.3,166.7,1623.3,-20.0,0.2,0.2,0.5
D4A_K_DISHES2,SPK_KADRI,0.3,320.0,2017.3,-23.6,0.0,0.1,0.5
D6_KADRI_POWERBANK,SPK_KADRI,0.3,320.0,1963.2,-25.2,0.0,0.4,0.5
D7_LUTFI_FEE,SPK_LUTFI,0.3,152.4,1181.9,-23.2,0.1,0.4,0.5
NPC_KID_1,SPK_KID,0.3,258.1,1266.9,-21.2,0.3,0.1,0.3
REACT_FATIH_REPLAY_5,SPK_FATIH,0.3,111.9,989.7,-21.0,0.2,0.4,0.1
REACT_GUARDS_THERMOS,SPK_HASAN,0.3,258.1,1804.1,-23.7,0.3,0.0,0.4
REACT_NIKO_THERMOS,SPK_NIKO,0.3,307.7,2233.5,-26.1,0.1,0.1,0.5
D10H_N_DONE,SPK_NIKO,0.3,307.7,2305.4,-25.7,0.1,0.4,0.3
D10H_T_K_2,SPK_TOLGA,0.3,168.4,1655.4,-21.4,0.1,0.4,0.2
D12_END_12_5_2,SPK_TOLGA,0.3,186.0,1657.2,-21.0,0.3,0.4,0.1
D22O_T_ARROW_3,SPK_TOLGA,0.3,186.0,1463.9,-21.6,0.3,0.4,0.3
D3_N_EVIDENCE_TOLGA_BARE,SPK_NIHAT,0.3,158.4,1198.9,-22.2,0.2,0.4,0.1
D4A_T_WIN_CUBE,SPK_TOLGA,0.3,170.2,1463.2,-21.8,0.1,0.4,0.3
D6A_S_LETTER,SPK_SOLDIER,0.3,200.0,1758.9,-18.2,0.0,0.4,0.2
D8_N_RULEFREE,SPK_NIHAT,0.3,156.1,1254.9,-22.3,0.3,0.4,0.2
REACT_CALLIGRAPHER_LIGHTER,SPK_CALLIGRAPHER,0.3,87.0,999.2,-19.1,0.0,0.4,0.0
REACT_NOTARY_CUBE,SPK_NOTARY,0.3,179.8,1164.6,-21.2,0.0,0.4,0.4
REACT_SOLDIER_TAPE,SPK_SOLDIER,0.3,223.8,1905.2,-17.6,0.3,0.0,0.0
REACT_SOLDIER_THERMOS,SPK_SOLDIER,0.3,200.0,2052.5,-18.7,0.0,0.4,0.4
D10O_T_TAILOR_ASK,SPK_TOLGA,0.3,173.9,1651.4,-21.2,0.0,0.4,0.1
D12_H_02,SPK_HIKMET,0.3,320.0,2345.0,-19.7,0.0,0.4,0.3
D19_C_TEZKIRE,SPK_BRIG,0.3,117.6,1176.0,-19.5,0.3,0.4,0.2
D19_N_END_TEZKIRE,SPK_NIHAT,0.3,156.1,1221.4,-22.3,0.3,0.1,0.2
D20O_U_BED_SOUND,SPK_URBAN,0.3,320.0,2112.8,-19.8,0.0,0.4,0.1
D26O_H_GUN,SPK_HASAN,0.3,275.9,1750.1,-22.1,0.1,0.3,0.5
D26_L_WAVE_1,SPK_LOOKOUT,0.3,344.1,2389.8,-14.6,0.2,0.1,0.5
D27_N_PHOTO,SPK_NIHAT,0.3,156.1,1212.4,-21.4,0.3,0.2,0.4
D33O_M_02,SPK_MASON,0.3,252.0,1554.5,-21.1,0.2,0.0,0.5
D7_HUSEYIN_HELLO_HUFEZ,SPK_HUSEYIN,0.3,162.4,1276.1,-19.0,0.3,0.2,0.2
NPC_CROWD_BYZ_8,SPK_TOWNSMAN,0.3,139.1,1347.5,-19.4,0.3,0.0,0.1
QUEST_CUBE_DONE,SPK_TOLGA,0.3,164.1,1532.0,-20.0,0.2,0.1,0.5
REACT_FISHMONGER_POWERBANK,SPK_FISHMONGER,0.3,372.1,2204.9,-22.9,0.0,0.4,0.5
D12_T_COLOGNE,SPK_TOLGA,0.3,168.4,1548.2,-22.0,0.1,0.0,0.5
D17_T_PRO_1_NOLEB,SPK_TOLGA,0.3,186.0,1616.4,-21.1,0.3,0.2,0.0
D19_NK_TEZKIRE,SPK_NIKO,0.3,301.9,2223.4,-25.8,0.3,0.2,0.3
D23_TH_1_SOFT,SPK_THEODOROS,0.3,97.0,1666.6,-23.0,0.3,0.1,0.0
D26_T_LIGHTER_KEEP,SPK_TOLGA,0.3,166.7,1648.4,-21.4,0.2,0.3,0.2
D34O_M_BIG,SPK_MASON,0.3,258.1,1502.3,-20.9,0.1,0.3,0.4
D7_THEO_TRUTH_OUT,SPK_THEODOROS,0.3,97.0,1708.0,-23.2,0.3,0.2,0.1
HIKMET_ITEM_PHONE,SPK_HIKMET,0.3,316.9,2306.5,-20.8,0.2,0.1,0.5
ITEM_SELF_REMOTE,SPK_TOLGA,0.3,183.9,1548.9,-20.1,0.2,0.0,0.5
REACT_SOLDIER_BOOK,SPK_SOLDIER,0.3,216.2,1765.2,-17.4,0.2,0.3,0.0
D10B_T_02,SPK_TOLGA,0.3,164.9,1647.8,-20.9,0.2,0.3,0.1
D25_K_CANDLE,SPK_KID,0.3,262.3,1230.5,-20.7,0.2,0.3,0.1
D5_H_CONF_1,SPK_HIKMET,0.3,320.0,2296.4,-20.8,0.0,0.1,0.5
D6B_G_SILENT,SPK_GIUST,0.3,223.8,2128.0,-23.3,0.3,0.3,0.2
REACT_GUARDS_POWERBANK,SPK_HASAN,0.3,266.7,1739.3,-23.1,0.1,0.3,0.1
D10Z_T_TITLE_2,SPK_TOLGA,0.3,178.8,1640.5,-21.1,0.1,0.3,0.0
D12_END_12_4_3,SPK_FATIH,0.3,117.2,933.9,-21.7,0.2,0.2,0.4
D20_G_REPELLED,SPK_GIUST,0.3,222.2,2251.6,-23.3,0.2,0.3,0.2
D22O_H_WET,SPK_HASAN,0.3,260.2,1873.2,-23.6,0.3,0.3,0.3
D32O_H_04,SPK_HASAN,0.3,266.7,1766.2,-22.2,0.1,0.2,0.4
D35O_U_END_BAD,SPK_URBAN,0.3,320.0,2026.5,-20.2,0.0,0.3,0.2
D35O_U_END_OK,SPK_URBAN,0.3,320.0,2109.0,-20.4,0.0,0.3,0.3
D39O_T_FLAGS,SPK_TOLGA,0.3,170.2,1474.8,-21.4,0.1,0.3,0.2
D7_N_DELAYED,SPK_NIHAT,0.3,156.9,1203.5,-21.9,0.3,0.3,0.1
D7_S_LETTER_R1,SPK_SOLDIER,0.3,213.3,1775.7,-17.2,0.2,0.3,0.1
D8_N_CALL_2,SPK_NIHAT,0.3,156.9,1233.7,-22.5,0.3,0.1,0.3
REACT_FATIH_BOOK,SPK_FATIH,0.3,111.1,960.0,-21.7,0.3,0.1,0.4
D10Z_K_SOUP_NO,SPK_KADRI,0.2,320.0,2076.3,-24.0,0.0,0.3,0.2
D13_H_TOG_3_DUSK,SPK_HIKMET,0.2,320.0,2221.5,-20.4,0.0,0.3,0.2
D15_O_T4,SPK_TOLGA,0.2,163.3,1524.6,-21.2,0.2,0.1,0.1
D15_S7_F_1,SPK_AGENCY,0.2,254.0,1394.9,-22.2,0.2,0.0,0.0
D24O_T_JOKE,SPK_TOLGA,0.2,163.3,1617.2,-21.0,0.2,0.2,0.0
D25_T_01_NOLEB,SPK_TOLGA,0.2,163.3,1570.6,-20.6,0.2,0.0,0.2
D27_T_W_GO,SPK_TOLGA,0.2,183.9,1490.3,-21.9,0.2,0.3,0.4
D29O_T_HOOK,SPK_TOLGA,0.2,170.2,1479.1,-21.0,0.1,0.3,0.0
D38O_R_03,SPK_PATROL,0.2,235.3,2322.8,-20.5,0.0,0.3,0.3
D5_T_ACCIDENT_CAMP,SPK_TOLGA,0.2,183.9,1605.8,-20.2,0.2,0.2,0.4
D8_H_GOT_CAPACITOR,SPK_HIKMET,0.2,320.0,2314.1,-20.7,0.0,0.2,0.4
D10G_C_SAIL,SPK_CAPTAIN,0.2,266.7,1884.5,-18.1,0.2,0.2,0.2
D12B_K_DONE_3,SPK_EMPEROR,0.2,103.2,1164.3,-21.3,0.1,0.1,0.4
D19_T_TEZKIRE_2,SPK_TOLGA,0.2,172.0,1530.1,-20.2,0.0,0.1,0.4
D22_G_EARLY,SPK_GIUST,0.2,222.2,2231.3,-22.5,0.2,0.2,0.4
D26_G_GUN_AGAIN,SPK_GIUST,0.2,222.2,2247.9,-23.4,0.2,0.3,0.2
D3_H_VANISH,SPK_HIKMET,0.2,320.0,2222.7,-20.6,0.0,0.3,0.3
D7_URBAN_NO,SPK_URBAN,0.2,320.0,2031.9,-20.5,0.0,0.3,0.4
REACT_KADRI_CUBE,SPK_KADRI,0.2,320.0,2014.5,-23.8,0.0,0.1,0.4
D10L_G_MEET_4,SPK_GRANT,0.2,118.5,989.4,-21.2,0.0,0.3,0.4
D12_F_ITEM_CHICKPEAS,SPK_FATIH,0.2,116.8,981.5,-20.7,0.2,0.3,0.1
D18B_T_END,SPK_TOLGA,0.2,164.1,1547.6,-21.3,0.2,0.1,0.1
D19_N_END,SPK_NIHAT,0.2,158.4,1218.9,-21.4,0.2,0.1,0.4
D26O_T_02,SPK_TOLGA,0.2,183.9,1588.3,-21.1,0.2,0.1,0.0
D26_L_WAVE_2,SPK_LOOKOUT,0.2,340.4,2398.4,-14.8,0.0,0.2,0.4
D33O_FZ_WARN_MISS,SPK_FIRUZ,0.2,340.4,1855.4,-21.9,0.2,0.1,0.4
D39O_T_01,SPK_TOLGA,0.2,175.8,1485.7,-21.1,0.0,0.3,0.0
D4A_ITEM_THERMOS_1,SPK_HASAN,0.2,280.7,1850.2,-22.3,0.2,0.2,0.4
D4B_T_ECLIPSE_2_LIGHTER,SPK_TOLGA,0.2,164.1,1521.6,-20.7,0.2,0.1,0.2
D6_KADRI_PHONE,SPK_KADRI,0.2,320.0,1978.9,-24.4,0.0,0.3,0.1
D7_HASAN_TRUTH_Y,SPK_HASAN,0.2,271.2,1750.0,-23.7,0.0,0.3,0.4
REACT_URBAN_LIGHTER,SPK_URBAN,0.2,320.0,2051.6,-20.5,0.0,0.1,0.4
D12B_K_COUNT2,SPK_EMPEROR,0.2,101.3,1136.8,-22.1,0.2,0.1,0.1
D12B_K_Q,SPK_EMPEROR,0.2,101.3,1207.3,-21.6,0.2,0.3,0.3
D13_T3_STAY,SPK_TOLGA,0.2,175.8,1576.1,-20.3,0.0,0.1,0.4
D19O_R_GUN,SPK_PATROL,0.2,238.8,2405.3,-19.5,0.2,0.1,0.2
D20_G_DONE,SPK_GIUST,0.2,216.2,2127.7,-23.5,0.2,0.3,0.3
D27_T_NT_STAY,SPK_TOLGA,0.2,166.7,1630.8,-21.4,0.2,0.3,0.2
D32O_T_NAME_4,SPK_TOLGA,0.2,179.8,1578.6,-21.8,0.1,0.1,0.4
D4A_HA_FEZ_2,SPK_HASAN,0.2,280.7,1845.3,-22.7,0.2,0.2,0.1
D7_N_COLD,SPK_NIHAT,0.2,163.3,1226.4,-22.6,0.0,0.0,0.4
MG_MAN_E_OUCH_1,SPK_EMPEROR,0.2,101.3,1121.0,-22.0,0.2,0.1,0.1
REACT_NOTARY_PHONE,SPK_NOTARY,0.2,183.9,1183.1,-19.6,0.2,0.3,0.3
REACT_SOLDIER_LIGHTER,SPK_SOLDIER,0.2,217.7,1972.8,-17.2,0.2,0.2,0.1
D15_R_M_1,SPK_MANAGER,0.2,238.8,1544.1,-21.7,0.2,0.0,0.0
D17_TR_IDLE,SPK_TREVISANO,0.2,238.8,2405.2,-20.5,0.0,0.3,0.3
D17_T_SHOT,SPK_TOLGA,0.2,182.9,1596.0,-20.5,0.2,0.1,0.3
D18_HA_01,SPK_HASAN,0.2,262.3,1765.3,-22.5,0.2,0.2,0.3
D24O_N_01,SPK_NIHAT,0.2,161.6,1216.2,-22.5,0.1,0.1,0.3
D27_GN_AGAIN,SPK_GENOESE,0.2,156.9,1553.6,-18.2,0.1,0.1,0.3
D27_W_1,SPK_WINE,0.2,207.8,1195.1,-21.7,0.2,0.1,0.2
D38O_S2_HOOKS_EVEN,SPK_SAILOR2,0.2,266.7,1586.1,-20.6,0.0,0.2,0.3
D9_T_LUTFI_YES,SPK_TOLGA,0.2,164.9,1626.7,-21.3,0.2,0.3,0.1
D10B_F_B1_1,SPK_FATIH,0.2,111.9,934.9,-20.1,0.2,0.2,0.3
D20O_U_HIT_3,SPK_URBAN,0.2,320.0,2036.6,-19.6,0.0,0.2,0.2
D21_J_OK,SPK_JANISSARY,0.2,313.7,2021.9,-21.0,0.1,0.0,0.3
D26_N_FLAGS,SPK_NIHAT,0.2,163.3,1208.9,-22.0,0.0,0.2,0.0
D30_N_END,SPK_NIHAT,0.2,163.3,1208.7,-21.9,0.0,0.2,0.1
D32O_AZ_02,SPK_AZAP,0.2,216.2,1773.0,-17.2,0.1,0.2,0.3
D3_N_EVIDENCE_HIKMET,SPK_NIHAT,0.2,160.0,1208.6,-22.3,0.1,0.2,0.2
D7_N_LOST_END,SPK_NIHAT,0.2,158.4,1231.1,-22.0,0.2,0.1,0.0
D7_N_TRACE_OUTSIDE,SPK_NIHAT,0.2,158.4,1239.8,-22.1,0.2,0.2,0.1
REACT_URBAN_REPLAY_1,SPK_URBAN,0.2,320.0,2060.5,-19.4,0.0,0.1,0.3
D12_END_12_1_3,SPK_FATIH,0.2,111.9,966.6,-20.7,0.2,0.1,0.0
D19O_C_WISH,SPK_BRIG,0.2,118.5,1253.1,-19.9,0.2,0.2,0.0
D32O_T_SULTAN_ALT,SPK_TOLGA,0.2,179.8,1513.9,-21.7,0.1,0.2,0.3
REACT_PAINTER_COLOGNE,SPK_PAINTER,0.2,97.0,1819.3,-24.8,0.0,0.1,0.3
D13_MECLIS_2,SPK_TOLGA,0.2,181.8,1550.5,-20.9,0.2,0.0,0.1
D24O_S_1_SCIENCE,SPK_SOLDIER,0.2,210.5,1817.1,-17.4,0.1,0.2,0.0
D25_Z_2,SPK_ZAGANOS,0.2,129.0,1004.2,-18.4,0.2,0.0,0.1
D33O_FZ_03,SPK_FIRUZ,0.2,347.8,1863.1,-21.1,0.2,0.1,0.2
D34O_TW_01,SPK_TOWNSMAN,0.2,137.9,1368.5,-18.9,0.1,0.2,0.3
D34O_T_02,SPK_TOLGA,0.2,181.8,1605.2,-20.7,0.2,0.2,0.2
D35O_D_HITLOG,SPK_DULGER,0.2,280.7,1695.4,-17.8,0.0,0.2,0.0
D4B_N_03_NOFEZ,SPK_NIKO,0.2,313.7,2231.1,-25.4,0.2,0.1,0.1
D6_KADRI_CHICKPEAS,SPK_KADRI,0.2,320.0,1989.5,-24.4,0.0,0.2,0.0
D7_EMP_HELLO,SPK_EMPEROR,0.2,101.9,1198.4,-22.0,0.1,0.2,0.2
D7_M_LEGEND,SPK_MUFIDE,0.2,250.0,1296.6,-22.7,0.1,0.1,0.3
MG_HAG_T_LOSE,SPK_TOLGA,0.2,173.0,1503.4,-21.3,0.0,0.2,0.1
REACT_DOUBLE_CHICKPEAS,SPK_DOUBLE,0.2,254.0,1961.9,-19.9,0.2,0.1,0.3
REACT_GIUST_CHICKPEAS,SPK_GIUST,0.2,222.2,2172.7,-23.3,0.2,0.1,0.2
D1_H_YEAR_2026,SPK_HIKMET,0.2,316.9,2263.6,-19.7,0.2,0.1,0.3
D20_G_01_KNOWN_GBOOK,SPK_GIUST,0.2,220.7,2140.6,-23.4,0.1,0.2,0.2
D21_G_CAP1,SPK_GRANT,0.2,120.3,952.9,-21.0,0.2,0.1,0.3
D3_H_KIND,SPK_HIKMET,0.2,320.0,2317.0,-20.3,0.0,0.2,0.1
REACT_URBAN_REPLAY_3,SPK_URBAN,0.2,320.0,2094.2,-20.2,0.0,0.2,0.2
D11_H_05,SPK_HIKMET,0.2,316.9,2293.4,-19.8,0.2,0.1,0.2
D12B_K_COUNT,SPK_EMPEROR,0.2,102.9,1109.9,-22.6,0.0,0.2,0.1
D18_U_TAPE_2,SPK_USTA,0.2,262.3,1596.1,-21.6,0.2,0.2,0.2
D28O_U_ROAD_BAD,SPK_URBAN,0.2,320.0,2092.3,-19.7,0.0,0.2,0.1
D38O_S2_HOOK,SPK_SAILOR2,0.2,262.3,1647.3,-19.8,0.1,0.2,0.0
D6_URBAN_LIGHTER_2,SPK_URBAN,0.2,320.0,2090.6,-20.3,0.0,0.2,0.3
D8_H_GOT_GLASS,SPK_HIKMET,0.2,320.0,2279.1,-20.5,0.0,0.0,0.3
D9_URBAN_NO,SPK_URBAN,0.2,320.0,2070.7,-20.3,0.0,0.0,0.3
REACT_URBAN_BOOK,SPK_URBAN,0.2,316.9,2067.1,-20.2,0.2,0.0,0.2
D18_U_01,SPK_USTA,0.1,258.1,1640.4,-21.6,0.0,0.0,0.2
D35O_U_SLOPE_OK,SPK_URBAN,0.1,320.0,2091.3,-20.1,0.0,0.2,0.1
D15_S_W6,SPK_TOLGA,0.1,179.8,1555.5,-20.7,0.1,0.0,0.2
D29_N_01,SPK_NIHAT,0.1,166.7,1226.8,-22.1,0.1,0.0,0.1
D32O_F_02,SPK_FATIH,0.1,112.7,954.9,-21.2,0.1,0.0,0.2
D6A_T_ROAD_A,SPK_TOLGA,0.1,170.2,1603.8,-20.7,0.1,0.2,0.2
D7_EAVES_OTHER_1,SPK_SOLDIER,0.1,191.6,1852.0,-18.2,0.1,0.1,0.2
D9_URBAN_TR2,SPK_URBAN,0.1,320.0,2080.7,-19.5,0.0,0.1,0.2
REACT_URBAN_SELFIE,SPK_URBAN,0.1,320.0,2065.8,-20.3,0.0,0.0,0.2
D13_R_CARD_OK,SPK_RIZA,0.1,242.4,2267.1,-19.6,0.1,0.1,0.1
D32O_T_END,SPK_TOLGA,0.1,168.4,1538.4,-21.2,0.1,0.1,0.0
D5_V_3,SPK_VAN,0.1,323.3,1726.2,-22.9,0.0,0.2,0.2
D10O_A_ITEM_SELFIE,SPK_AGA,0.1,333.3,1799.4,-21.7,0.0,0.1,0.1
D31O_DV_FIXED,SPK_DERVISH,0.1,96.4,1417.8,-21.1,0.1,0.1,0.2
D38O_N_BRIEF,SPK_NIHAT,0.1,163.3,1215.9,-21.9,0.0,0.1,0.1
D38O_S_HOLD_DONE,SPK_SAILOR,0.1,326.5,2286.2,-24.3,0.1,0.0,0.1
D39O_SA_02,SPK_SAILOR,0.1,326.5,2301.3,-24.1,0.1,0.0,0.0
NPC_CROWD_BYZ_9,SPK_TOWNSMAN,0.1,136.8,1331.8,-19.3,0.0,0.1,0.0
D20O_T_END,SPK_TOLGA,0.1,176.8,1523.4,-21.1,0.1,0.1,0.0
D22O_H_BASKET_1,SPK_HASAN,0.1,266.7,1797.7,-22.8,0.1,0.1,0.1
D35O_D_01,SPK_DULGER,0.1,280.7,1658.4,-17.8,0.0,0.1,0.0
D4B_T_ECLIPSE_3_LIGHTER,SPK_TOLGA,0.1,173.0,1575.1,-21.5,0.0,0.1,0.2
NPC_CROWD_BYZ_1,SPK_TOWNSMAN,0.1,136.8,1346.4,-19.0,0.0,0.0,0.2
REACT_GUARDS_BOOK,SPK_HASAN,0.1,275.9,1791.0,-23.3,0.1,0.1,0.1
D22O_H_BASKET_2,SPK_HASAN,0.1,268.9,1831.4,-22.7,0.1,0.1,0.1
D26_I_TEZ_FREE,SPK_ISIDORE,0.1,93.0,1367.6,-21.7,0.1,0.0,0.0
HIKMET_ITEM_CHICKPEAS,SPK_HIKMET,0.1,320.0,2268.1,-19.9,0.0,0.1,0.2
D22O_T_ARROW_2,SPK_TOLGA,0.1,170.2,1547.6,-21.2,0.1,0.1,0.0
D12B_H_RADIO_DUSK,SPK_HIKMET,0.1,320.0,2262.6,-19.9,0.0,0.1,0.1
D21_K_MIRKO_LEB,SPK_KASIM,0.1,117.6,1314.5,-26.0,0.1,0.1,0.0
D4A_ITEM_COLOGNE_1,SPK_HASAN,0.1,271.2,1821.1,-23.0,0.0,0.1,0.0
REACT_CALLIGRAPHER_THERMOS,SPK_CALLIGRAPHER,0.1,86.5,1077.0,-19.3,0.1,0.0,0.1
D31O_T_BEAM_CREAK,SPK_TOLGA,0.0,172.0,1565.0,-21.0,0.0,0.0,0.0
D38O_R_06,SPK_PATROL,0.0,235.3,2399.3,-19.8,0.0,0.0,0.1
REACT_PAINTER_BOOK,SPK_PAINTER,0.0,97.0,1831.9,-24.3,0.0,0.0,0.0
D10B_RIDER,SPK_RIDER,,283.2,1946.2,-22.7,,,
D10H_E_01,SPK_ENVOY,,149.5,1943.6,-21.2,,,
D10H_E_FIXED_2,SPK_ENVOY,,254.0,1695.2,-20.9,,,
D10H_E_MAYBE,SPK_ENVOY,,340.4,1640.9,-19.1,,,
D10H_E_OFFER,SPK_ENVOY,,228.6,1825.2,-18.5,,,
D11_RUMOR_1,SPK_WITNESS,,209.2,1290.5,-17.7,,,
D11_RUMOR_2,SPK_WITNESS,,160.0,1248.8,-21.4,,,
D15_O_CARD,SPK_COWORKER_B,,222.2,1242.5,-21.9,,,
D15_O_EVENING_A_PLAIN,SPK_COWORKER_A,,271.2,1193.9,-22.0,,,
D15_O_W10_A,SPK_COWORKER_A,,320.0,1448.4,-22.9,,,
D15_O_W10_B,SPK_COWORKER_B,,242.4,1454.9,-22.0,,,
D15_O_W11_A,SPK_COWORKER_A,,254.0,1188.9,-21.4,,,
D15_O_W11_B,SPK_COWORKER_B,,313.7,1371.6,-20.9,,,
D15_O_W12_A,SPK_COWORKER_A,,280.7,1417.0,-20.0,,,
D15_O_W12_B,SPK_COWORKER_B,,220.7,1371.0,-22.2,,,
D15_O_W6_A,SPK_COWORKER_A,,256.0,1322.3,-21.1,,,
D15_O_W6_B,SPK_COWORKER_B,,260.2,1251.0,-20.2,,,
D15_Y_KV_3,SPK_KAHVECI,,296.3,1709.1,-19.4,,,
D15_Y_K_01,SPK_NEWSAGENT,,237.1,2454.4,-18.6,,,
D15_Y_K_02,SPK_NEWSAGENT,,225.4,2549.9,-21.7,,,
D17_CO_01,SPK_COCO,,145.5,1805.5,-16.6,,,
D17_CO_GO,SPK_COCO,,275.9,1754.4,-17.5,,,
D21_M_LIE,SPK_NOVOMINER,,254.0,2530.1,-17.8,,,
D21_M_SHOUT,SPK_NOVOMINER,,296.3,2772.5,-16.2,,,
D27_P_01,SPK_PODESTA,,213.3,2140.8,-23.5,,,
D27_P_FLASH,SPK_PODESTA,,228.6,2649.9,-24.1,,,
D2_R_21,SPK_ROWER,,333.3,2135.0,-22.6,,,
D31O_AK_01,SPK_AKSEMSEDDIN,,94.1,1439.2,-20.9,,,
D31O_AK_03,SPK_AKSEMSEDDIN,,93.8,1367.9,-21.1,,,
D31O_AK_04,SPK_AKSEMSEDDIN,,93.8,1256.3,-19.4,,,
D31O_AK_NO,SPK_AKSEMSEDDIN,,101.3,1529.6,-23.1,,,
D31O_AK_SUNSET,SPK_AKSEMSEDDIN,,96.4,1568.3,-21.7,,,
D33O_H_01,SPK_HALIL,,129.0,1125.8,-19.4,,,
D33O_RZ_01,SPK_RIZZO,,266.7,2326.5,-19.0,,,
D33O_RZ_02,SPK_RIZZO,,256.0,2235.7,-20.6,,,
D33O_R_01,SPK_ROWER,,333.3,2340.1,-25.6,,,
D33O_R_ROCKS,SPK_ROWER,,333.3,2306.8,-22.4,,,
D34O_W_01,SPK_WOMAN,,246.2,1170.8,-22.6,,,
D34O_W_02,SPK_WOMAN,,238.8,1431.7,-18.7,,,
D35O_DR_01,SPK_DROVER,,381.0,2377.6,-21.3,,,
D35O_DR_03,SPK_DROVER,,390.2,2173.3,-21.7,,,
D35O_DR_GOT,SPK_DROVER,,381.0,2395.3,-21.8,,,
D35O_DR_SPOOK,SPK_DROVER,,381.0,2417.2,-20.6,,,
D35O_K_01,SPK_KARACA,,326.5,1783.2,-22.5,,,
D35O_K_02,SPK_KARACA,,320.0,1842.5,-22.8,,,
D39O_PR_01,SPK_PRIEST,,141.6,1401.9,-17.8,,,
D39O_PR_02,SPK_PRIEST,,89.4,1180.6,-20.8,,,
D39O_PR_03,SPK_PRIEST,,96.4,1719.8,-22.1,,,
D39O_PR_FIRE,SPK_PRIEST,,145.5,1218.0,-16.4,,,
D4A_ITEM_THERMOS_2,SPK_GUARDS,,280.7,1979.3,-23.5,,,
D5_B_INTERCEPT,SPK_BUREAU_RADIO,,246.2,1349.5,-21.6,,,
D5_RADIO_01,SPK_RADIO,,148.1,1099.7,-23.6,,,
D5_RADIO_01_NOLEB,SPK_RADIO,,145.5,1123.1,-19.8,,,
D5_RADIO_02,SPK_RADIO,,290.9,1238.1,-21.1,,,
D5_RADIO_02_NOLEB,SPK_RADIO,,168.5,1201.0,-21.7,,,
D6B_GUARD_FAIL,SPK_CITY_GUARD,,110.3,1092.6,-20.4,,,
D8_A2_ENTER,SPK_AGENT2,,275.9,1407.8,-22.0,,,
D8_A2_RECALL,SPK_AGENT2,,248.1,1268.4,-23.1,,,
D8_A2_TEA_DONE,SPK_AGENT2,,250.0,1283.4,-24.2,,,
D8_A2_UNKNOWN,SPK_AGENT2,,290.9,1333.7,-21.0,,,
D8_A_CAUGHT_2,SPK_AGENT2,,238.8,1541.2,-22.2,,,
D_NIHAT_FLY_FIRST,?,,150.9,1196.4,-20.3,,,
D_NIHAT_VIEW_7,?,,238.8,1222.6,-24.3,,,
D_WIT_6,SPK_WITNESS,,285.7,1323.7,-17.6,,,
EV_COUNCIL_1,SPK_NOTARAS,,206.5,2362.4,-25.2,,,
EV_COUNCIL_3,SPK_BAILO,,203.8,1284.8,-20.6,,,
EV_COUNCIL_4,SPK_NOTARAS,,205.1,2175.1,-23.7,,,
EV_COUNCIL_8,SPK_BAILO,,210.5,1167.8,-23.2,,,
EV_ENVOY_1,SPK_HUNGARIAN,,235.3,1669.4,-19.3,,,
EV_ENVOY_2,SPK_SARUCA,,320.0,1899.5,-24.1,,,
EV_ENVOY_3,SPK_HUNGARIAN,,326.5,1825.1,-17.7,,,
EV_ENVOY_4,SPK_SARUCA,,326.5,1821.1,-20.3,,,
EV_ENVOY_6,SPK_HUNGARIAN,,220.7,1879.8,-18.7,,,
