anahtar,bolum,konusmaci,ton,ton_elle,tr,en,kaynak
D0_G_ARROWS,0,SPK_GIUST,[shouting],0,"Birinci dalga! Okçularımın oku bitiyor! Tolga, demetleri gediğe, koş!","First wave! My archers are running out of arrows! Tolga, the bundles, to the breach, run!",kod
D0_N_FREEZE,0,SPK_NIHAT,,0,Tolga Bey. Bu sayfa henüz yazılmadı. Geri sarıyoruz.,Mr Tolga. This page hasn't been written yet. We're rewinding.,kod
D0_S_ARROWS,0,SPK_DEFENDER,[shouting],0,Oklar! Aferin sigortacı. Şimdi eğil!,"Arrows! Well done, insurance man. Now get down!",kod
D0_T_FREEZE_1,0,SPK_TOLGA,[deadpan],1,Evet. Bu benim. Havada olan. Fesli olan.,Yep. That's me. The one in mid-air. With the fez.,kod
D0_T_FREEZE_2,0,SPK_TOLGA,[deadpan],1,Muhtemelen bir sigortacının İstanbul'un fethinde ne işi olduğunu merak ediyorsunuz. Açıkçası ben de.,"You're probably wondering what an insurance man is doing at the fall of Constantinople. Honestly, so am I.",kod
D_AYA_CLERK,,SPK_CLERK,[shouting],0,"[Yunanca] İn oradan! Orası çatı, seyir terası değil! Tamirci misin? Form getir!","[Greek] Get down from there! That's a roof, not a viewing deck! Are you a repairman? Bring a form!",kod
D_AYA_TOP,,SPK_TOLGA,,0,"Ayasofya'nın çatısı! Surlar, Haliç, karşıda Fatih'in otağı... Buradan her şey küçücük. Ben dahil.","The roof of Hagia Sophia! The walls, the Golden Horn, the Sultan's tent across the way... Everything's tiny from here. Me included.",kod
D_AYA_TOP_AFTER,,SPK_TOLGA,,0,"Ayasofya'nın çatısı! Surlar, Haliç, burçlarda yeni sancaklar... Buradan her şey küçücük. Ben dahil.","The roof of Hagia Sophia! The walls, the Golden Horn, new banners on the towers... Everything's tiny from up here. Me included.",kod
D_CAT_FOUND,,SPK_TOLGA,,0,Turuncu bir kedi! Gato sen misin? ...Peşime takıldı. Sanırım evet.,An orange cat! Are you Gato? ...He's following me. I guess so.,kod
D_CHICKEN_CATCH_1,,SPK_TOLGA,,0,Yakaladım! ...Kaçtı. Ama yakaladım.,Got it! ...It escaped. But I got it.,görev
D_CHICKEN_CATCH_2,,SPK_TOLGA,,0,İkinci tavuk! Kadri görse çorba sanır.,Second hen! Kadri would think it's soup.,görev
D_CHICKEN_CATCH_3,,SPK_TOLGA,,0,Üçüncü! Ben bir tavuk fısıldayıcısıyım.,Third! I am a chicken whisperer.,görev
D_CHICKEN_CATCH_4,,SPK_TOLGA,,0,Tavuklar artık beni tanıyor. Ve hâlâ kaçıyor.,The hens know me now. And they still run.,görev
D_DOWNED_N_1,,SPK_NIHAT,,0,"(Telsiz) Kalk Tolga! Tarih seni bekliyor, ben de mesaimi.","(Radio) Up, Tolga! History's waiting for you, and I'm waiting to clock off.",tablo
D_DOWNED_N_2,,SPK_NIHAT,[excited],0,(Telsiz) Yerde yatmak için bilet almadık evlât!,"(Radio) We didn't buy you a ticket to lie on the floor, son!",tablo
D_DOWNED_N_3,,SPK_NIHAT,,0,(Telsiz) Dosyaya 'yere serildi' yazıyorum. Kalk da sileyim.,(Radio) I'm writing 'knocked flat' in the file. Get up so I can rub it out.,tablo
D_EV_COLUMN,,SPK_TOLGA,,0,(Sütuna dokunur) Dileğim: servis bu sefer beklesin. ...Bir de herkes sağ salim evine dönsün. İkisi de zor.,(Touches the column) My wish: this time the shuttle waits. ...And everyone gets home safe. Both are hard.,kod
D_EV_OMPHALION,,SPK_TOLGA,,0,"İmparatorlar burada taç giyermiş. Ben de fesimi taktım, sayılır mı? ...Sayılmaz. Tamam.","Emperors were crowned right here. I'm wearing my fez, does that count? ...It doesn't. Fine.",görev
D_EV_WEEPING_COLUMN,,SPK_TOLGA,,0,Başparmağını deliğe sokup çevirirsen dilek kabul olurmuş. ...Başparmağım ıslandı. Umarım iyiye işarettir.,"Put your thumb in the hole, turn it, and your wish comes true. ...My thumb's wet. I hope that's a good sign.",görev
D_GAL_NOTARY,,SPK_NOTARY,,0,Kuleye çıkmak için noter onayı gerekir! ...Tepeye kadar çıkmışsın. Onaylıyorum. Geriye dönük.,Climbing the tower requires a notary's approval! ...You've reached the top already. Approved. Retroactively.,kod
D_GAL_TOP,,SPK_TOLGA,,0,"Galata'nın tepesi! Bu kule 2026'da da burada. Fark şu: bilet yok, kuyruk yok, asansör de yok.","The top of Galata! This tower is still here in 2026. The difference: no ticket, no queue, no lift.",kod
D_NIHAT_FLY_TRAILER,,SPK_NIHAT,,0,"Yerçekimi, formunu doldurmayanlar içindir.",Gravity is for people who haven't filled in the form.,kod
D_NIHAT_NO_CLIMB,,SPK_NIHAT,,0,"Yönetmelik 7/c, ek fıkra: denetçi tırmanmaz.","Regulation 7/c, sub-clause: inspectors do not climb.",kod
D_WIT_6,,SPK_WITNESS,[shouting],0,Anne! Gökte bir adam evrak saçıyor!,Mother! There's a man in the sky scattering paperwork!,kod
EV_COUNCIL_1,,SPK_NOTARAS,,0,[Yunanca] Papa yardım gönderecekmiş. İki gemi. Karşılığında istediği de bütün kiliselerimiz.,"[Greek] The Pope will send help, they say. Two ships. And in return he wants all our churches.",kod
EV_COUNCIL_2,,SPK_ISIDORE,,0,"[Latince] Birlik ayini okundu, Megas Dux. Yardım yolda. Uzun bir yol, ama yolda.","[Latin] The union liturgy has been read, Megas Doux. Help is on the way. A long way, but on the way.",kod
EV_COUNCIL_3,,SPK_BAILO,,0,[Venedikçe] Venedik de yardım eder. Faturayı kuşatmadan sonra konuşuruz. Kuşatmadan sonrası olursa.,[Venetian] Venice will help too. We'll discuss the invoice after the siege. If there is an after.,kod
EV_COUNCIL_4,,SPK_NOTARAS,,0,[Yunanca] Şehrin ortasında Latin külahı görmektense Türk sarığı görmeyi yeğlerim.,[Greek] I would rather see the Turkish turban in the midst of the city than the Latin mitre.,kod
EV_COUNCIL_5,,SPK_TOLGA,,0,"Affedersiniz, ben sigortacıyım. Size bir risk tablosu hazırladım.","Excuse me, I'm in insurance. I've prepared a risk matrix for you.",kod
EV_COUNCIL_6,,SPK_ISIDORE,,0,[Latince] Bu tabloda neden her kutu kırmızı?,[Latin] Why is every box on this chart red?,kod
EV_COUNCIL_7,,SPK_TOLGA,,0,"Çünkü hepiniz 'yüksek risk' grubundasınız. Kardinal efendi, siz ayrıca kırmızı giyiniyorsunuz.","Because you're all in the 'high risk' group. And you, Your Eminence, are also dressed in red.",kod
EV_COUNCIL_8,,SPK_BAILO,,0,[Venedikçe] Bu adamın poliçesini kim ödüyor? Venedik ödemez.,[Venetian] Who's paying for this man's policy? Venice isn't.,kod
EV_ENVOY_1,,SPK_HUNGARIAN,,0,"Efendiler, Macar kralının selamı var. Ve bedava bir tavsiye: surun aynı noktasına üç gülle, üçgen biçiminde. Sonra ortasına bir tane daha.","Gentlemen, greetings from the King of Hungary. And some free advice: three shots at the same spot on the wall, in a triangle. Then one more in the middle.",kod
EV_ENVOY_2,,SPK_SARUCA,,0,"Elçi efendi, o üçgeni biz geçen hafta çizdik. Ortasını da dün sabah vurduk.","Lord envoy, we drew that triangle last week. And we hit the middle yesterday morning.",kod
EV_ENVOY_3,,SPK_HUNGARIAN,,0,Ah. Peki... gülleyi biraz daha ağır yapsanız?,Ah. Well... what if you made the cannonballs a bit heavier?,kod
EV_ENVOY_4,,SPK_SARUCA,,0,Daha ağırı Urban'ın topunda. Topun kendisi de ağır. Urban da ağır.,The heavier ones are in Urban's cannon. The cannon itself is heavy. So is Urban.,kod
EV_ENVOY_5,,SPK_URBAN,[shouting],0,"Duydum! Ağır değilim, yoğunum! Hem üçgen benim fikrimdi! ...Yani topumun fikriydi.","I heard that! I'm not heavy, I'm dense! And the triangle was my idea! ...Well, my cannon's idea.",kod
EV_ENVOY_6,,SPK_HUNGARIAN,,0,O zaman ben kralıma 'yardımcı oldum' diye yazayım. Nasılsa kimse okumaz.,Then I'll write to my king that I 'helped'. Nobody reads these anyway.,kod
EV_ENVOY_7,,SPK_TOLGA,,0,Danışmanlık: iş bitince gelip fatura kesmek. 1453'te de aynıymış.,Consulting: show up after the job's done and send an invoice. Same in 1453.,kod
HIKMET_ITEM_BACK,,SPK_HIKMET,,0,"Geri mi koydun? İyi düşün evlât, orada market yok.","Putting it back? Think it through, son. There are no shops there.",kod
HIKMET_ITEM_BOOK,,SPK_HIKMET,,0,"Aç bak, sayfa 88'de Fatih'e bıyık çizmişsin. Zaten bıyığı vardı. İkinci bir bıyık çizmişsin.",Look at page 88. You drew a moustache on the Sultan. He already had one. You gave him a spare.,oyun
HIKMET_ITEM_CHICKPEAS,,SPK_HIKMET,,0,"Onu yeme, o benim gece leblebim. ...Tamam al. Diplomasi için.","Don't touch those, that's my midnight snack. ...Fine. For diplomacy.",oyun
HIKMET_ITEM_COLOGNE,,SPK_HIKMET,,0,Limon kolonyası. Bizim milletin diplomatik dokunulmazlığı budur.,Lemon cologne. It's the closest thing we have to diplomatic immunity.,eşya
HIKMET_ITEM_CUBE,,SPK_HIKMET,,0,Onu 1987'den beri çözemedim. Belki geçmişte biri çözer.,Haven't solved it since 1987. Maybe someone in the past can.,eşya
HIKMET_ITEM_LIGHTER,,SPK_HIKMET,,0,Al onu. İnsanlık ateşi bulmak için binlerce yıl uğraştı. Sen hazırını götür.,Take it. Mankind spent millennia discovering fire. You just bring the finished product.,oyun
HIKMET_ITEM_PHONE,,SPK_HIKMET,,0,Yeter de artar evlât. Orada şarj aleti yok ama priz de yok. Adil yani.,"Plenty, son. No chargers there, but no sockets either. Fair's fair.",oyun
HIKMET_ITEM_POWERBANK,,SPK_HIKMET,,0,Onu ben şarj ettim. Kendi icadım olan şarj aletiyle. Sadece bir kere yandı.,I charged that myself. With a charger of my own design. It only caught fire the once.,eşya
HIKMET_ITEM_SELFIE,,SPK_HIKMET,,0,Tarihi yazanlarla fotoğraf çekil. Kimse inanmaz ama olsun.,"Take selfies with the history makers. Nobody'll believe you, but still.",eşya
HIKMET_ITEM_TAPE,,SPK_HIKMET,,0,Makinenin yüzde altmışı bundan. Kalanı umut.,Sixty percent of that machine is this. The rest is hope.,kod
HIKMET_ITEM_THERMOS,,SPK_HIKMET,,0,"Demlik çay, iki şeker. Orada çay yoksa bile senin var.","Proper brewed tea, two sugars. History might not have tea yet. You do.",eşya
ITEM_SELF_BOOK,,SPK_TOLGA,,0,Sayfa 88: 'Fatih'in bıyığı.' Üstüne ikinci bir bıyık çizmişim. Hikmet Amca haklı.,Page 88: 'The Conqueror's moustache.' I drew a second one on it. Uncle Hikmet's right.,eşya
ITEM_SELF_BOOK_2,,SPK_TOLGA,,0,Sayfa 112: 'Gemiler karadan yürütüldü.' Ben o gemilerden birinden düştüm. Kitapta yazmıyor.,Page 112: 'The ships were hauled overland.' I fell off one of them. The book doesn't mention that.,eşya
ITEM_SELF_BOOK_3,,SPK_TOLGA,,0,Sayfa 140: 'Tarihçiler hâlâ tartışıyor.' Tarihçiler hep tartışıyor.,Page 140: 'Historians still disagree.' Historians always disagree.,eşya
ITEM_SELF_CHICKPEAS,,SPK_TOLGA,,0,(Bir leblebi yer) Çıtır. ...Diplomasi için ayrılmıştı. Bir tane eksilse bir şey olmaz.,(Eats one leblebi) Crunchy. ...These were for diplomacy. One won't be missed.,eşya
ITEM_SELF_CHICKPEAS_2,,SPK_TOLGA,,0,(Bir tane daha) Diplomasi bekleyebilir.,(Another one) Diplomacy can wait.,eşya
ITEM_SELF_COLOGNE,,SPK_TOLGA,,0,(Kendi eline kolonya döker) Hijyen. 1453'te bu bir süper güç.,(Splashes cologne on his own hands) Hygiene. In 1453 it's a superpower.,eşya
ITEM_SELF_COLOGNE_2,,SPK_TOLGA,,0,Limon kokusu. Kuşatmanın ortasında bir otobüs molası.,Lemon scent. A coach-trip rest stop in the middle of a siege.,eşya
ITEM_SELF_CUBE,,SPK_TOLGA,,0,(Çevirir) Bir yüz tamam. Diğer beşi 1987'den beri bekliyor.,(Twists it) One face done. The other five have been waiting since 1987.,eşya
ITEM_SELF_CUBE_2,,SPK_TOLGA,,0,(Çevirir) Şimdi hiçbir yüz tamam değil. İlerleme.,(Twists it) Now no face is done. Progress.,eşya
ITEM_SELF_LIGHTER,,SPK_TOLGA,,0,"(Çakar) Ateş. İnsanlık binlerce yılda buldu, ben cebimde taşıyorum.",(Flicks it) Fire. Humanity took millennia to find it; I carry it in my pocket.,eşya
ITEM_SELF_LIGHTER_2,,SPK_TOLGA,,0,Tek seferde yandı. Urban görse ağlardı.,Lit first time. Urban would weep if he saw.,eşya
ITEM_SELF_PHONE,,SPK_TOLGA,,0,Şarj %1. Bir fotoğraf... Kapandı. Açıldı. Hâlâ %1. Bu telefon ölümsüz.,Battery 1%. One photo... It died. It's back. Still 1%. This phone is immortal.,eşya
ITEM_SELF_PHONE_2,,SPK_TOLGA,,0,Kapsama alanı yok. 1453'te kapsama alanı fikri bile yok.,No signal. In 1453 the idea of a signal doesn't exist.,eşya
ITEM_SELF_POWERBANK,,SPK_TOLGA,,0,"Powerbank %3. Telefon %1. Şarj ediyorum. ...Şimdi powerbank %2, telefon %1. Fizik bu.",Power bank 3%. Phone 1%. Charging. ...Now the power bank's at 2% and the phone's at 1%. That's physics.,eşya
ITEM_SELF_REMOTE,,SPK_TOLGA,,0,Telsiz-Kumanda. Kırmızı düğme için R'ye basılı tut. Diğer düğmeler TV'yi açıyor. 1453'te TV yok.,The Radio-Remote. Hold R for the red button. The other buttons turn on the TV. There's no TV in 1453.,kod
ITEM_SELF_SELFIE,,SPK_TOLGA,,0,Selfie! ...Arka planda bir kuşatma var. Filtre koymama gerek yok.,Selfie! ...There's a siege in the background. No filter needed.,eşya
ITEM_SELF_SELFIE_2,,SPK_TOLGA,,0,Bir tane daha. Fes yamuk çıkmış. Bir daha.,One more. The fez came out crooked. Again.,eşya
ITEM_SELF_TAPE,,SPK_TOLGA,,0,Bir şeyi bantlamak istiyorum. Her şeyi. Bu bir hastalık mı?,I want to tape something. Everything. Is this an illness?,eşya
ITEM_SELF_TAPE_2,,SPK_TOLGA,,0,Koli bandı sesi. Evim gibi.,The sound of duct tape. Smells like home.,eşya
ITEM_SELF_THERMOS,,SPK_TOLGA,,0,(Bir yudum çay) ...Beş yüz yıl önce bile güzel.,(A sip of tea) ...Still good five hundred years ago.,eşya
ITEM_SELF_THERMOS_2,,SPK_TOLGA,,0,İki şeker. Hikmet Amca unutmamış.,Two sugars. Uncle Hikmet didn't forget.,eşya
ITEM_SHOW_PERSON,,SPK_TOLGA,,0,"(Gösterir. Karşısındaki bakar, omuz silker.) Tamam. Herkes etkilenmek zorunda değil.","(Shows it. They look, and shrug.) Fine. Not everyone has to be impressed.",eşya
ITEM_SHOW_THING,,SPK_TOLGA,,0,(Eşyayı ona gösterir.) ...Cansız nesneler etkilenmedi.,(Shows the thing to it.) ...Inanimate objects are not impressed.,eşya
MG_ARC_H_AFTER_LOSE,,SPK_HASAN,,0,Üzülme. İlk atışımda ben de hocamın sarığını vurmuştum.,Don't worry. My first shot hit my teacher's turban.,kod
MG_ARC_H_AFTER_WIN,,SPK_HASAN,,0,"Ağa'ya söylerim, belki sana bir yay verir. Belki de vermez. Ağa'dır.","I'll tell the Aga, maybe he'll give you a bow. Maybe not. He's the Aga.",kod
MG_ARC_H_APPLE,,SPK_HASAN,,0,ÖĞLE YEMEĞİM! ...Tamam. Güzel atıştı. Ama açım.,MY LUNCH! ...Fine. Good shot. But I'm hungry.,mini oyun
MG_ARC_H_BULL_1,,SPK_HASAN,[shouting],0,"On ikiden! Sen sigortacı değil, sipahisin!","Bullseye! You're no insurance man, you're a cavalryman!",mini oyun
MG_ARC_H_BULL_2,,SPK_HASAN,,0,"Tam ortası. Hüseyin'e söyleyeceğim, kıskançlıktan çayını soğutacak.","Dead centre. I'll tell Hüseyin, he'll let his tea go cold from jealousy.",mini oyun
MG_ARC_H_BULL_3,,SPK_HASAN,,0,Bir daha yap. Yapamazsan şans derim. Yaparsan... yine şans derim.,"Do it again. If you can't, I'll call it luck. If you can... I'll still call it luck.",mini oyun
MG_ARC_H_LOSE,,SPK_HASAN,,0,"Oku bırak. Sen kalemle savaş. Sigortacılar kalemle savaşır, değil mi?","Put down the bow. Fight with a pen. Insurance men fight with pens, don't they?",mini oyun
MG_ARC_H_MISS_1,,SPK_HASAN,,0,"Hedef orada, kardeşim. Sen keçiyi mi vurmaya çalışıyorsun?","The target is over there, brother. Are you trying to shoot the goat?",mini oyun
MG_ARC_H_MISS_2,,SPK_HASAN,,0,O ok şimdi Edirne'ye gidiyor. Selam söylesin.,That arrow is heading for Edirne now. Send our regards.,mini oyun
MG_ARC_H_MISS_3,,SPK_HASAN,,0,Nefes al. Ver. Tut. At. Sen hepsini aynı anda yaptın.,Breathe in. Out. Hold. Shoot. You did them all at once.,mini oyun
MG_ARC_H_MOVE,,SPK_HASAN,,0,Son iki ok: hedefi sallıyorum. Düşman yerinde durmaz. Keçi de durmaz.,Last two arrows: I'm swinging the target. Enemies don't stand still. Nor do goats.,mini oyun
MG_ARC_H_OPEN,,SPK_HASAN,,0,"Yay burada, ok burada, hedef orada. Hedefin tepesindeki elma benim öğle yemeğim. Vurursan yemem.","Bow here, arrow here, target there. The apple on top is my lunch. Hit it and I don't eat.",mini oyun
MG_ARC_H_WIN,,SPK_HASAN,,0,"Yeniçeri olamazsın, geç kaldın. Ama talimden geçtin.",Too late to be a Janissary. But you passed the drill.,mini oyun
MG_ARC_H_WIND,,SPK_HASAN,,0,"Şimdi rüzgâr çıktı. Bayrağa bak. Bayrak nereye, ok oraya.","Now the wind's up. Watch the flag. Where the flag goes, the arrow goes.",mini oyun
MG_CAUL_K_BAD,,SPK_KADRI,,0,"Soğanı kazana, sen kapıya. Çık.","The onion goes in the pot, you go out the door. Out.",mini oyun
MG_CAUL_K_COMBO_1,,SPK_KADRI,[shouting],0,Hah! İşte böyle! Kim öğretti sana bunu?,Ha! That's it! Who taught you that?,mini oyun
MG_CAUL_K_COMBO_2,,SPK_KADRI,[excited],0,Kokusu geldi. Kokusu geldi mi? Geldi!,I can smell it. Can you smell it? I can!,mini oyun
MG_CAUL_K_COMBO_3,,SPK_KADRI,[shouting],0,Durma! Kazan da duruyor mu? Durmuyor!,Don't stop! Does the pot stop? It doesn't!,mini oyun
MG_CAUL_K_DUEL_LOSE,,SPK_KADRI,,0,"Otuz yıl, evlat. Otuz yıl. Kaşığı bırak, soğan doğramaya dön.","Thirty years, son. Thirty years. Put down the spoon and go back to chopping onions.",mini oyun
MG_CAUL_K_DUEL_WIN,,SPK_KADRI,,0,Yendin. Beni. Kendi kazanımda. ...Kimseye söyleme. Yarın rövanş.,You beat me. In my own kitchen. ...Tell no one. Rematch tomorrow.,mini oyun
MG_CAUL_K_GREAT,,SPK_KADRI,,0,Bu... bu benim tarifim. Kim öğretti sana? Kimse mi? Yalan. Ama güzel yalan.,That... that's my recipe. Who taught you? Nobody? Liar. But a tasty liar.,mini oyun
MG_CAUL_K_MISS_1,,SPK_KADRI,,0,Yere düşen malzemeyi keçi yer. Keçi de doydu artık.,What hits the floor the goat eats. The goat is full now.,mini oyun
MG_CAUL_K_MISS_2,,SPK_KADRI,[excited],0,"Gözün nerede? Kazan burada, gökte değil!","Where are your eyes? The pot is down here, not in the sky!",mini oyun
MG_CAUL_K_MISS_3,,SPK_KADRI,,0,Üç tane kaçtı. Üç asker aç kalacak. İsimlerini sana yazdırırım.,Three missed. Three soldiers go hungry. I'll have you write down their names.,mini oyun
MG_CAUL_K_OK,,SPK_KADRI,,0,Yenir. Askerler yer. Askerler her şeyi yer.,It's edible. Soldiers will eat it. Soldiers eat anything.,mini oyun
MG_CAUL_K_PICK,,SPK_KADRI,,0,Önlüğü tak. Kaşığı tut. Tarif seç. Kazanıma soğanı ters atan olursa kulağından tutup çıkarırım.,Apron on. Spoon in hand. Pick a recipe. Anyone who drops an onion in my pot the wrong way goes out by the ear.,mini oyun
MG_CAUL_K_START_0,,SPK_KADRI,,0,Çorba. En kolayı. Çorbayı da batırırsan seni lağımcılara veririm.,Soup. The easiest. Ruin soup and I'm giving you to the miners.,mini oyun
MG_CAUL_K_START_1,,SPK_KADRI,,0,Bin kişilik pilav. Bin yeniçeri bekliyor. Bin yeniçeri aç. Anlatabildim mi?,Pilaf for a thousand. A thousand Janissaries waiting. A thousand hungry Janissaries. Am I clear?,mini oyun
MG_CAUL_K_START_2,,SPK_KADRI,,0,Padişah'ın kebabı. Elin titrerse biberi az koy. Elin titremiyorsa yine az koy.,"The Sultan's kebab. If your hand shakes, go easy on the pepper. If it doesn't, still go easy.",mini oyun
MG_CAUL_K_START_3,,SPK_KADRI,[excited],0,Düello mu? Benimle mi? Otuz yıldır bu kazanın başındayım. ...Peki. Kaşıkları çekin!,A duel? With me? Thirty years at this pot. ...Fine. Draw your spoons!,mini oyun
MG_CAUL_T_DUEL_LOSE,,SPK_TOLGA,,0,Aşçı düellosunu kaybettim. 1453'te yemek programı olsa elenirdim.,Lost the cook-off. If 1453 had cooking shows I'd be eliminated.,kod
MG_CAUL_T_DUEL_WIN,,SPK_TOLGA,,0,Kadri'yi kendi kazanında yendim. Bunu CV'ye yazmam lazım.,I beat Kadri at his own pot. This is going on my CV.,kod
MG_HAG_DOUBLE_DEAL,,SPK_DOUBLE,,0,Anlaştık. Bu fiyat aramızda. Ve öbür tarafla aramızda.,Deal. This price stays between us. And between me and the other side.,mini oyun
MG_HAG_DOUBLE_FAIR,,SPK_DOUBLE,,0,Yaklaşıyoruz. İki taraf da yaklaşıyor. Ben ortada kalıyorum. Hep.,We're getting closer. Both sides are getting closer. I stay in the middle. Always.,mini oyun
MG_HAG_DOUBLE_LOSE,,SPK_DOUBLE,,0,"Sen pazarlık yapmıyorsun, taraf tutuyorsun. Ben taraf tutmam. Güle güle.","You're not haggling, you're taking sides. I don't take sides. Goodbye.",mini oyun
MG_HAG_DOUBLE_LOW,,SPK_DOUBLE,,0,"Hah! Güzel teklif. Öbür tarafa söylerim, onlar da denesin. Ama hayır.",Ha! Nice offer. I'll tell the other side to try it too. But no.,mini oyun
MG_HAG_DOUBLE_NOSWEET,,SPK_DOUBLE,,0,Bu kadar iltifat yeter. Rakamlara dönelim.,That's enough flattery. Back to numbers.,mini oyun
MG_HAG_DOUBLE_OPEN,,SPK_DOUBLE,,0,"Altmış akçe. Osmanlı'ya da bu fiyat, Bizans'a da. Tarafsızlığın bir bedeli var.",Sixty akçe. Same price for the Ottomans and Byzantium. Neutrality has a cost.,mini oyun
MG_HAG_DOUBLE_SWEET,,SPK_DOUBLE,,0,İltifat mı? İki taraftan da alırım. Devam et.,Flattery? I take that from both sides too. Go on.,mini oyun
MG_HAG_DOUBLE_WIN,,SPK_DOUBLE,,0,"Anlaştık. Öbür tarafa daha pahalıya satarım, dert etme.","Deal. I'll sell it dearer to the other side, don't worry.",mini oyun
MG_HAG_NIKO_DEAL,,SPK_NIKO,,0,Anlaştık! Dostlara dost fiyatı. Bu dost fiyatıydı. Dost olduğumuz için pahalı.,Deal! Friend's price for a friend. That was the friend price. Dearer because we're friends.,mini oyun
MG_HAG_NIKO_FAIR,,SPK_NIKO,,0,Hmm... Olabilir. Kuzenime yarısını veririm. Ya da hiç vermem. Biraz daha in.,Hmm... Maybe. I give my cousin half. Or none. Come down a bit more.,mini oyun
MG_HAG_NIKO_LOSE,,SPK_NIKO,,0,"Yok dostum, yok. Kayık bende kalsın. Kuzenim de bende kalsın. Sen git.","No, friend, no. The boat stays with me. So does my cousin. You go.",mini oyun
MG_HAG_NIKO_LOW,,SPK_NIKO,,0,"Dostum, bu fiyata kuzenim bile kayığa binmez. Kuzenim kendi kayığına binmez. Biraz yukarı.","Friend, at that price even my cousin wouldn't get in. My cousin won't get in his own boat. Bit higher.",mini oyun
MG_HAG_NIKO_NOSWEET,,SPK_NIKO,,0,"Dostum, beni yeterince övdün. Artık kayığı öv. Ya da parayı.","Friend, you've praised me enough. Praise the boat now. Or the money.",mini oyun
MG_HAG_NIKO_OPEN,,SPK_NIKO,,0,"Kuzenimin kayığı. Kuzenim bilmiyor. Elli akçe, bir gün. Akşama geri getir, kuzen fark etmesin.","My cousin's boat. My cousin doesn't know. Fifty akçe, one day. Bring it back by evening so he doesn't notice.",mini oyun
MG_HAG_NIKO_SWEET,,SPK_NIKO,[excited],0,"Güzel kayık, değil mi? Ben yaptım. Yani kuzenim yaptı. Yani ben izledim. Devam!","Nice boat, right? I built it. My cousin built it. I watched. Go on!",mini oyun
MG_HAG_NIKO_WIN,,SPK_NIKO,,0,"Tamam, tamam! Al kayığı. Kuzenim sorarsa: fırtına. Fırtına oldu.","Fine, fine! Take the boat. If my cousin asks: a storm. There was a storm.",mini oyun
MG_HAG_T_LOSE,,SPK_TOLGA,,0,Pazarlıkta yenildim. 1453'te de 'son fiyat' diye bir şey varmış.,Lost the haggle. Turns out 'final price' existed in 1453 too.,kod
MG_HAG_T_WIN,,SPK_TOLGA,,0,Pazarlık kazandım. Sigortacılık boşuna değilmiş.,Won the haggle. Insurance work paid off after all.,kod
MG_HAG_URBAN_DEAL,,SPK_URBAN,,0,"Anlaştık. Tarih bu gülleyi hatırlayacak. Sen de hatırlayacaksın, ağır.","Deal. History will remember this ball. So will you, it's heavy.",mini oyun
MG_HAG_URBAN_FAIR,,SPK_URBAN,,0,Hmm. Macar hesabıyla olmaz. Osmanlı hesabıyla... belki. Biraz daha.,Hmm. Not in Hungarian maths. In Ottoman maths... maybe. A bit more.,mini oyun
MG_HAG_URBAN_LOSE,,SPK_URBAN,[shouting],0,"YETER! Sen pazarlık yapmıyorsun, benim topuma hakaret ediyorsun! Topçu alanından çık!","ENOUGH! You're not haggling, you're insulting my cannon! Off my artillery ground!",mini oyun
MG_HAG_URBAN_LOW,,SPK_URBAN,[shouting],0,"NE?! Bu fiyata topun fitilini bile vermem! (Bir şey patlar gibi olur, olmaz.)",WHAT?! At that price I wouldn't give you the fuse! (Something almost explodes. Doesn't.),mini oyun
MG_HAG_URBAN_NOSWEET,,SPK_URBAN,[excited],0,Övgü güzel ama top övgüyle dökülmüyor. Bronzla dökülüyor. Rakam!,"Praise is nice, but cannons aren't cast in praise. They're cast in bronze. Numbers!",mini oyun
MG_HAG_URBAN_OPEN,,SPK_URBAN,[excited],0,Doksan akçe. Bu gülle benim topumdan çıktı. Yani çıkacak. Yani çıkmasa da benim. İmzalı!,"Ninety akçe. This ball came out of my cannon. Will come out. Even if it doesn't, it's mine. Signed!",mini oyun
MG_HAG_URBAN_SWEET,,SPK_URBAN,[shouting],0,"Topum mu? Dünyanın en büyük topu mu? Evet! Evet! Devam et, dinliyorum!","My cannon? The biggest cannon in the world? Yes! Yes! Go on, I'm listening!",mini oyun
MG_HAG_URBAN_WIN,,SPK_URBAN,[shouting],0,"Al! Al, git! Ucuza verdim, kimseye söyleme. Padişah'a hiç söyleme, maaşımı keser.","Take it! Take it and go! I gave it away cheap, tell no one. Never tell the Sultan, he'll cut my pay.",mini oyun
MG_HAG_WINE_DEAL,,SPK_WINE,,0,Anlaştık. Galata'da herkes bu fiyata alır. Herkes.,Deal. Everyone in Galata pays this. Everyone.,mini oyun
MG_HAG_WINE_FAIR,,SPK_WINE,,0,Hmm. Olabilir. Olmayabilir. Biraz daha in.,Hmm. Maybe. Maybe not. Come down a little.,mini oyun
MG_HAG_WINE_LOSE,,SPK_WINE,[shouting],0,"Yeter! Sıradaki! Sen değil, arkandaki!","Enough! Next! Not you, the one behind you!",mini oyun
MG_HAG_WINE_LOW,,SPK_WINE,,0,"Bu fiyata fıçıyı değil, tıpasını veririm! Bir daha dene, sıradaki bekliyor.","At that price you get the cork, not the barrel! Try again, there's a queue.",mini oyun
MG_HAG_WINE_NOSWEET,,SPK_WINE,,0,Tatlı dil bitti. Ben de bittim.,Out of sweet talk. So am I.,mini oyun
MG_HAG_WINE_OPEN,,SPK_WINE,,0,"Kırk akçe. Kırk! Pazarlık yok. ...Hadi, bir tane yap, çabuk.","Forty akçe. Forty! No haggling. ...Fine, one offer, quick.",mini oyun
MG_HAG_WINE_SWEET,,SPK_WINE,,0,Galata'nın en iyi şarapçısı mı? ...Doğru. Devam et.,Galata's finest wine merchant? ...True. Go on.,mini oyun
MG_HAG_WINE_WIN,,SPK_WINE,[shouting],0,"Tamam! Tamam! Al fıçıyı, git! Noter'e söyleme ne kadara aldığını.","Fine! Fine! Take the barrel, go! Don't tell the notary what you paid.",mini oyun
MG_MAN_E_CAPTURE_1,,SPK_EMPEROR,,0,[Yunanca] Affet. İmparatorluk küçüldü ama mangala hâlâ büyük.,"[Greek] Forgive me. The empire has shrunk, but mangala is still great.",mini oyun
MG_MAN_E_CAPTURE_2,,SPK_EMPEROR,,0,"[Yunanca] Boş çukur, dolu hazine. Bizans'ın tam tersi.","[Greek] Empty pit, full store. The exact opposite of Byzantium.",mini oyun
MG_MAN_E_CAPTURE_3,,SPK_EMPEROR,,0,[Yunanca] Babam bana bu hamleyi öğretti. Başka pek bir şey bırakmadı.,[Greek] My father taught me this move. He did not leave me much else.,mini oyun
MG_MAN_E_LOSE,,SPK_EMPEROR,,0,[Yunanca] Taşlar sabırlıdır. Sen de sabırlı ol. Bir daha oynarız.,[Greek] The stones are patient. Be patient too. We'll play again.,mini oyun
MG_MAN_E_OPEN,,SPK_EMPEROR,,0,"[Yunanca] Otur, yabancı. Surlar dışarıda, taşlar burada. Bir akşamlığına sadece taşları düşünelim.","[Greek] Sit, stranger. The walls are out there, the stones are in here. For one evening, let us think only of stones.",mini oyun
MG_MAN_E_OUCH_1,,SPK_EMPEROR,,0,[Yunanca] Hm. Çukurumu boşalttın. Kuşatmayı sen mi yönetiyorsun?,[Greek] Hm. You emptied my pit. Are you running the siege?,mini oyun
MG_MAN_E_OUCH_2,,SPK_EMPEROR,,0,"[Yunanca] Güzel hamle. Giustiniani'ye söyleme, kıskanır.","[Greek] A fine move. Don't tell Giustiniani, he'll be jealous.",mini oyun
MG_MAN_E_OUCH_3,,SPK_EMPEROR,,0,[Yunanca] Taşlarımı aldın. Şehrimi almasan yeter.,[Greek] You took my stones. As long as you don't take my city.,mini oyun
MG_MAN_E_WIN,,SPK_EMPEROR,,0,"[Yunanca] İyi oynadın, yabancı. Bir şehri de böyle kurtarmak mümkün olsaydı.","[Greek] Well played, stranger. If only a city could be saved the same way.",mini oyun
NPC_CALLIGRAPHER_1,,SPK_CALLIGRAPHER,,0,"Selam, yabancı. Sultan'ın fermanlarını ben yazarım. Bir 'elif' için üç gün uğraşırım.","Greetings, stranger. I write the Sultan's decrees. I spend three days on a single 'alif'.",yan karakter
NPC_CALLIGRAPHER_2,,SPK_CALLIGRAPHER,,0,"İmzan nasıl? ...'T' ve bir çizgi mi? Bu imza değil, çamaşır ipi.","What's your signature? ...A 'T' and a line? That's not a signature, that's a washing line.",yan karakter
NPC_CALLIGRAPHER_3,,SPK_CALLIGRAPHER,,0,"Dur, adını yazayım. T-O-L-G-A. ...Güzel oldu. Kuşatma bitince çerçeveletirsin.","Wait, let me write your name. T-O-L-G-A. ...Lovely. Frame it after the siege.",yan karakter
NPC_CALLIGRAPHER_4,,SPK_CALLIGRAPHER,,0,"Al. Mürekkebi kurumadan katlama. Ve fese sürme, fes zaten kırmızı.","Here. Don't fold it before the ink dries. And don't wipe it on the fez, the fez is red enough.",yan karakter
NPC_CROWD_BYZ_1,,SPK_TOWNSMAN,,0,"Frenk misin, Latin misin? Neysen ol, ekmek pahalı.","Are you a Frank? A Latin? Whatever you are, bread is expensive.",yoldan geçen
NPC_CROWD_BYZ_10,,SPK_TOWNSMAN,,0,O tuhaf ayakkabılarla surlara mı çıkacaksın? Tanrı yardımcın olsun.,You're going up on the walls in those strange shoes? God help you.,yoldan geçen
NPC_CROWD_BYZ_2,,SPK_TOWNSMAN,,0,Kardinal İsidoros Ayasofya'da Latin ayini yaptırmış. Annem o günden beri oraya gitmiyor.,Cardinal Isidore held a Latin mass in Hagia Sophia. My mother hasn't set foot there since.,yoldan geçen
NPC_CROWD_BYZ_3,,SPK_TOWNSMAN,,0,Surlar bin yıldır dayanıyor. Bin bir yıl da dayanır. Değil mi? ...Değil mi?,The walls have held for a thousand years. They'll hold for a thousand and one. Right? ...Right?,yoldan geçen
NPC_CROWD_BYZ_4,,SPK_TOWNSMAN,,0,Giustiniani yedi yüz adamla gelmiş. Yedi yüz! Bizim mahalle bile daha kalabalık.,Giustiniani came with seven hundred men. Seven hundred! My street has more people than that.,yoldan geçen
NPC_CROWD_BYZ_5,,SPK_TOWNSMAN,,0,"Gece surda nöbet, gündüz surda tamir. Uyku ne, onu da unuttuk.","Night watch on the walls, daytime repairs on the walls. We've forgotten what sleep is.",yoldan geçen
NPC_CROWD_BYZ_6,,SPK_TOWNSMAN,,0,"Ayasofya'nın kubbesinde bir ışık görmüşler. Papaz 'alamet' diyor, fırıncı 'yangın' diyor.","They saw a light on Hagia Sophia's dome. The priest says 'omen', the baker says 'fire'.",yoldan geçen
NPC_CROWD_BYZ_7,,SPK_TOWNSMAN,,0,"İmparator dün bizzat taş taşıdı. İmparator taş taşıyorsa, iş ciddidir.","The Emperor carried stones himself yesterday. When the Emperor carries stones, it's serious.",yoldan geçen
NPC_CROWD_BYZ_8,,SPK_TOWNSMAN,,0,"Türk topu atınca bütün şehir sallanıyor. Benim tencereler raftan düştü, üç tane.","When the Turkish cannon fires, the whole city shakes. Three of my pots fell off the shelf.",yoldan geçen
NPC_CROWD_BYZ_9,,SPK_TOWNSMAN,,0,"Papazlar kıyamet gelecek diyor. Ben önce borcumu ödeyeyim, sonra gelsin.","The priests say the end of the world is coming. Let me pay my debts first, then it can come.",yoldan geçen
NPC_CROWD_CAMP_1,,SPK_SOLDIER,,0,"Kırk gün dediler, kırk gün. Kırk birinci gün evdeyim, inşallah.","Forty days, they said. Forty days. On day forty-one I'm home, God willing.",yoldan geçen
NPC_CROWD_CAMP_10,,SPK_SOLDIER,,0,Sancağı yeniden boyamışlar. Kırmızı daha kırmızı olmuş. Moral için.,They repainted the banner. The red is redder now. For morale.,yoldan geçen
NPC_CROWD_CAMP_2,,SPK_SOLDIER,,0,Urban'ın topu atınca kulağım üç gün çınladı. Sen de mi Macarsın?,When Urban's cannon fired my ears rang for three days. Are you Hungarian too?,yoldan geçen
NPC_CROWD_CAMP_3,,SPK_SOLDIER,,0,"Gemiler karadan yürüyecekmiş diyorlar. Deve yürür, gemi yürümez. Göreceğiz.",They say the ships will walk over land. Camels walk. Ships don't. We'll see.,yoldan geçen
NPC_CROWD_CAMP_4,,SPK_SOLDIER,,0,Akşam pilav varmış. Pilav varsa savaş da var.,"There's pilaf tonight. If there's pilaf, there's a battle.",yoldan geçen
NPC_CROWD_CAMP_5,,SPK_SOLDIER,,0,Hasan'la Hüseyin yine hangisi hangisi diye tartışıyor. Kimse bilmiyor. Anneleri bile.,Hasan and Hüseyin are arguing again about who's who. Nobody knows. Not even their mother.,yoldan geçen
NPC_CROWD_CAMP_6,,SPK_SOLDIER,,0,"Ben yeniçeri değilim, azabım. Farkı ne? Maaş.","I'm not a Janissary, I'm an azab. The difference? The pay.",yoldan geçen
NPC_CROWD_CAMP_7,,SPK_SOLDIER,,0,Sırp madenciler geldi. Toprağın altından şehre girecekmişiz. Ben üstten giderim.,The Serbian miners have arrived. We're going into the city under the ground. I'll take the top road.,yoldan geçen
NPC_CROWD_CAMP_8,,SPK_SOLDIER,,0,Sultan geceleri çadırında harita çiziyormuş. Ben de çizerim. Köyümün haritasını.,They say the Sultan draws maps in his tent at night. I draw maps too. Of my village.,yoldan geçen
NPC_CROWD_CAMP_9,,SPK_SOLDIER,,0,Bu top gürültüsünde uyuyabilene ben derviş derim.,"Anyone who can sleep through these cannons, I call a dervish.",yoldan geçen
NPC_CROWD_GAL_1,,SPK_GENOESE,,0,"Burası tarafsız Galata. Herkese satarız: surlara ok, ordugâha barut. Tarafsızlık budur.","This is neutral Galata. We sell to everyone: arrows to the walls, powder to the camp. That's neutrality.",yoldan geçen
NPC_CROWD_GAL_2,,SPK_GENOESE,,0,Podestà 'kimseye bir şey söylemeyin' dedi. Ben de kimseye söylemiyorum. Sana söylüyorum.,The Podestà said 'don't tell anyone anything'. So I'm not telling anyone. I'm telling you.,yoldan geçen
NPC_CROWD_GAL_3,,SPK_GENOESE,,0,"Haliç'in zincirinin bir ucu bizim surda. Yarın ne olur, onu Tanrı bilir. Bir de muhasebeci.","One end of the Golden Horn chain is on our wall. What happens tomorrow, God knows. And the accountant.",yoldan geçen
NPC_CROWD_GAL_4,,SPK_GENOESE,,0,"Sultan gemileri tepeden yürütürse, ben de balıkları yürütürüm.","If the Sultan marches ships over the hill, I'll march the fish.",yoldan geçen
NPC_CROWD_GAL_5,,SPK_GENOESE,,0,"Venedikliler bizi sevmez, biz de onları. Ama bu hafta ikimiz de korkuyoruz. Bu bizi kardeş yapar.",The Venetians don't like us and we don't like them. But this week we're both scared. That makes us brothers.,yoldan geçen
NPC_CROWD_GAL_6,,SPK_GENOESE,,0,Şarap mı? Satarım. Barut mu? Satarım. Tarafsızlık mı? O pahalı.,Wine? I'll sell. Powder? I'll sell. Neutrality? That's expensive.,yoldan geçen
NPC_CROWD_GAL_7,,SPK_GENOESE,,0,Kulenin tepesinden iki ordu da görünüyor. Biletini ben satıyorum.,You can see both armies from the top of the tower. I sell the tickets.,yoldan geçen
NPC_CROWD_GAL_8,,SPK_GENOESE,,0,İmparatorluklar gelir geçer. Ceneviz ticareti kalır.,Empires come and go. Genoese trade stays.,yoldan geçen
NPC_KID_1,,SPK_KID,,0,Kedimi gördün mü? Adı Gato. Turuncu. Kulenin oralarda kayboldu.,Have you seen my cat? His name's Gato. Orange. He got lost up by the tower.,yan karakter
NPC_KID_2,,SPK_KID,,0,Kırmızı şapkan güzelmiş. Bana verir misin? ...Kedimi bulursan vazgeçerim.,I like your red hat. Can I have it? ...I'll let it go if you find my cat.,yan karakter
NPC_KID_3,,SPK_KID,,0,Gato balığı sever. Ve yükseği. Ve saklanmayı. Yani her şeyi sever.,"Gato likes fish. And high places. And hiding. So, everything.",yan karakter
NPC_KID_THANKS_1,,SPK_KID,[shouting],0,GATO! Buldun onu! Şapkanı istemiyorum artık. ...Belki biraz istiyorum.,GATO! You found him! I don't want your hat anymore. ...Maybe a little.,kod
NPC_KID_THANKS_2,,SPK_KID,,0,Gato sana teşekkür ediyor. Miyavlamıyor ama içinden ediyor.,"Gato says thank you. He's not meowing, but he means it.",yan karakter
NPC_PAINTER_1,,SPK_PAINTER,,0,"[Yunanca] Şşt. Kıpırdama. Kubbeyi çiziyorum, sen de kadraja girdin.","[Greek] Shh. Don't move. I'm painting the dome, and you walked into the frame.",yan karakter
NPC_PAINTER_2,,SPK_PAINTER,,0,"[Yunanca] Başındaki kırmızı şey... altın varakla mı boyasam, kırmızıyla mı? Altın. Her şey altın olur.",[Greek] That red thing on your head... gold leaf or red? Gold. Everything becomes gold.,yan karakter
NPC_PAINTER_3,,SPK_PAINTER,,0,[Yunanca] Beş yüz yıl sonra bu resme bakıp 'kim bu fesli adam' diyecekler. Sen olacaksın.,[Greek] Five hundred years from now they'll look at this and ask 'who's the man in the fez'. It'll be you.,yan karakter
NPC_PAINTER_4,,SPK_PAINTER,,0,"[Yunanca] İskeleye çıkacaksan, çatıdan bana el salla. Resme eklerim.","[Greek] If you're climbing the scaffold, wave at me from the roof. I'll add it to the painting.",yan karakter
QUEST_AYASOFYA_DONE,,SPK_TOLGA,,0,"Çatıdayım. Bu manzarayı kimse görmedi. Gördü de, fotoğrafı yok.","I'm on the roof. Nobody's seen this view. Well, they have, but there's no photo.",görev
QUEST_BIGBANG_DONE,,SPK_TOLGA,,0,Kulaklarım hâlâ çınlıyor. Keçi iyi mi? Keçi iyi.,My ears are still ringing. Is the goat okay? The goat's okay.,görev
QUEST_BOOK_DONE,,SPK_TOLGA,,0,Üç kişi kendini kitapta buldu. Hepsi 'yanlış yazmışlar' dedi.,Three people found themselves in the book. They all said 'they got it wrong'.,görev
QUEST_CALLIGRAPHY_DONE,,SPK_TOLGA,,0,Adım hat sanatıyla yazıldı. Kartvizitim bu olacak.,"My name, in calligraphy. This is my new business card.",görev
QUEST_CAT_DONE,,SPK_TOLGA,,0,Kedi evinde. Galata'da tek bir sorun çözüldü. Gerisi tarihçilere kalsın.,The cat's home. One problem solved in Galata. The rest is for the historians.,görev
QUEST_CHICKENS_DONE,,SPK_TOLGA,,0,"Üç tavuk, üç yakalama. Sinerji bunu duymasın.","Three hens, three catches. Don't let Synergy hear about this.",görev
QUEST_CHICKPEAS_DONE,,SPK_TOLGA,,0,Altı kişiye leblebi verdim. Savaş bitmedi ama herkes çıtır çıtır.,"Six people got chickpeas. The war isn't over, but everyone's crunchy.",görev
QUEST_COLOGNE_DONE,,SPK_TOLGA,,0,Yedi kişi limon kokuyor. Kuşatma artık bir otobüs molası.,Seven people smell of lemon. The siege is now a coach-trip rest stop.,görev
QUEST_COLUMN_DONE,,SPK_TOLGA,,0,Dilek tuttum. Sütun bir şey demedi. Sütunlar hiçbir şey demez.,Made a wish. The column said nothing. Columns never do.,görev
QUEST_COUNCIL_DONE,,SPK_TOLGA,,0,"Toplantı bitti, karar çıkmadı. Plazadaki toplantılardan farkı yok.","The meeting's over, nothing was decided. No different from office meetings back home.",görev
QUEST_CUBE_DONE,,SPK_TOLGA,,0,Biri küpü çözdü. 1987'den beri ilk kez. Hikmet Amca'ya söylemeyelim.,Someone solved the cube. First time since 1987. Let's not tell Uncle Hikmet.,görev
QUEST_DIVER_DONE,,SPK_TOLGA,,0,Batık bir kadırga gördüm. Kimseye söylemeyeceğim. Arkeologlar bulsun.,I saw a sunken galley. I won't tell anyone. Let the archaeologists find it.,oyun
QUEST_ENGINEER_DONE,,SPK_TOLGA,,0,Bant tuttu. Hikmet Amca gurur duyardı. Duyuyordur.,The tape held. Uncle Hikmet would be proud. He is.,oyun
QUEST_ENVOY_DONE,,SPK_TOLGA,,0,Topçular işini biliyormuş. Elçi de faturasını.,The gunners knew their job. The envoy knew his invoice.,görev
QUEST_FORMS_DONE,,SPK_TOLGA,,0,"On iki form, on iki imza. Rıza Bey inanmayacak.","Twelve forms, twelve signatures. Rıza Bey won't believe it.",görev
QUEST_FRIENDS_DONE,,SPK_TOLGA,,0,İki orduda da arkadaşım var. Bu ya diplomasi ya da çok kötü bir fikir.,I have friends in both armies. That's either diplomacy or a very bad idea.,görev
QUEST_GALATA_DONE,,SPK_TOLGA,,0,Kuleye bilet almadan çıktım. 2026'da bunun kuyruğu iki saat.,Climbed the tower without a ticket. In 2026 that queue is two hours.,görev
QUEST_GOATHERD_DONE,,SPK_TOLGA,,0,Keçiyi yakaladım. Keçi beni yakaladı. Berabere.,I caught the goat. The goat caught me. Call it a draw.,görev
QUEST_KITCHEN_DONE,,SPK_TOLGA,,0,Leblebi tavandan yağdı. Kadri bana hâlâ bakmıyor.,Chickpeas rained from the ceiling. Kadri still won't look at me.,görev
QUEST_LIGHTER_DONE,,SPK_TOLGA,,0,Üç kişi çakmaktan korktu. Haklılar. Ben de korkuyorum.,Three people were scared of the lighter. They're right. So am I.,görev
QUEST_PERCH_DONE,,SPK_TOLGA,,0,"Üç çatı, üç damga. Denetim tamam; iniş izni kendi kendime verildi.","Three rooftops, three stamps. Inspection complete; landing permission self-granted.",görev
QUEST_PHONE_DONE,,SPK_TOLGA,,0,Üç Bizanslı telefona baktı. Pil hâlâ yüzde bir. Bu telefon ölümsüz.,Three Byzantines looked at the phone. Still one percent. This phone is immortal.,görev
QUEST_POWERBANK_DONE,,SPK_TOLGA,,0,Enerjiden anlayan iki kişi powerbank'e baktı. İkisi de 'içinde ne var' dedi. Ben de bilmiyorum.,Two experts looked at the power bank. Both asked what's inside. I don't know either.,görev
QUEST_SELFIE_DONE,,SPK_TOLGA,,0,Beş selfie. Albüm tamam. Instagram yok ama olsun.,"Five selfies. The album's done. No Instagram, but still.",görev
QUEST_SEYYAH_DONE,,SPK_TOLGA,,0,Dokuzda dokuz. Evliya Çelebi'den önce seyahatname.,Nine out of nine. A travelogue before Evliya Çelebi.,görev
QUEST_TAPE_DONE,,SPK_TOLGA,,0,Dört kişi koli bandını tanıdı. 1453 artık daha yapışkan.,Four people have met duct tape. 1453 is now a stickier place.,görev
QUEST_THERMOS_DONE,,SPK_TOLGA,,0,"Sultan da içti, İmparator da. Aynı termostan. Tarihçiler bunu asla bilmeyecek.","The Sultan drank, and so did the Emperor. From the same thermos. Historians will never know.",görev
REACT_AGA_BOOK,,SPK_AGA,,0,"""Bu kitapta bir devenin günde kaç okka su içtiği yazıyor mu? Yazmıyorsa işe yaramaz.""","""Does this book say how many measures of water a camel drinks a day? No? Useless.""",eşya
REACT_AGA_CHICKPEAS,,SPK_AGA,,0,"""Birinci soru: Bu ne? İkinci soru: Bir tane daha verir misin?""","""Question one: what is this? Question two: may I have another?""",eşya
REACT_AGA_COLOGNE,,SPK_AGA,,0,"""Kokulu adam. Soru: Neden kokulusun?""","""A fragrant man. Question: why are you fragrant?""",eşya
REACT_AGA_CUBE,,SPK_AGA,,0,"""Bulmaca mı bu? Burada bulmacayı ben sorarım. Kıskandım.""","""Is that a puzzle? I do the puzzles around here. I'm jealous.""",eşya
REACT_AGA_LIGHTER,,SPK_AGA,,0,"""Ateşi nereden aldın? Bu da bir soru. Cevap ver.""","""Where did you get fire? That's also a question. Answer it.""",eşya
REACT_AGA_PHONE,,SPK_AGA,,0,"""Bu kutu bana soru soruyormuş gibi bakıyor. Burada soruyu ben sorarım.""","""That box is looking at me like it wants to ask a question. I ask the questions here.""",eşya
REACT_AGA_POWERBANK,,SPK_AGA,,0,"""Kutsal taş mı? Kutsal taşı olana bir soru az sorulur. ...Yine de üç soru.""","""A holy stone? He who bears a holy stone is asked one question fewer. ...It's still three.""",eşya
REACT_AGA_SELFIE,,SPK_AGA,,0,"""Asa! Asası olan bilgedir. Bilgeye iki soru yeter.""","""A staff! A man with a staff is wise. Two questions will do for the wise.""",eşya
REACT_AGA_TAPE,,SPK_AGA,,0,"""Ağzımı bantlamayı aklından bile geçirme. Denediler.""","""Don't even think about taping my mouth. It's been tried.""",eşya
REACT_AGA_THERMOS,,SPK_AGA,,0,"""Sorulardan önce bir yudum. ...Güzel. Şimdi üç soru.""","""A sip before the questions. ...Lovely. Now: three questions.""",eşya
REACT_CALLIGRAPHER_BOOK,,SPK_CALLIGRAPHER,,0,Harfleri makine yazmış. Hepsi aynı. Hiçbiri güzel değil.,A machine wrote these letters. All the same. None of them beautiful.,eşya
REACT_CALLIGRAPHER_CHICKPEAS,,SPK_CALLIGRAPHER,,0,"(Yer) Kalemimi bıraktım. Bu, benim için büyük bir iltifat.","(Eats) I put down my pen. For me, that is a great compliment.",eşya
REACT_CALLIGRAPHER_COLOGNE,,SPK_CALLIGRAPHER,,0,Kolonya kâğıda damlarsa mürekkep dağılır. Sen ellerine dök. Ben kalbime dökerim.,If cologne drips on the paper the ink runs. You pour it on your hands. I'll pour it on my heart.,eşya
REACT_CALLIGRAPHER_CUBE,,SPK_CALLIGRAPHER,,0,"Altı yüz, dokuz göz. Hat gibi: her yüzün bir kuralı var. Ben çözmem, ama takdir ederim.","Six faces, nine squares. Like calligraphy: every face has a rule. I won't solve it, but I respect it.",eşya
REACT_CALLIGRAPHER_LIGHTER,,SPK_CALLIGRAPHER,,0,Mumdan beter. Kâğıtlarımın yanına yaklaştırma.,Worse than a candle. Keep it away from my papers.,eşya
REACT_CALLIGRAPHER_PHONE,,SPK_CALLIGRAPHER,,0,Işıklı bir levha. Üstünde yazı var ama mürekkep yok. Bu bir hakaret.,A glowing tablet. There's writing on it but no ink. This is an insult.,eşya
REACT_CALLIGRAPHER_POWERBANK,,SPK_CALLIGRAPHER,,0,"Ağır bir hokka. Mürekkebi nerede? Yok mu? Boş hokka taşıyan adam, garip adam.",A heavy inkwell. Where's the ink? None? A man carrying an empty inkwell is a strange man.,eşya
REACT_CALLIGRAPHER_SELFIE,,SPK_CALLIGRAPHER,,0,Resmimi mi? Resim yasak değil ama elimi çek. Harf yarım kalır.,"My picture? Pictures aren't forbidden, but don't move my hand. The letter will stay half-done.",eşya
REACT_CALLIGRAPHER_TAPE,,SPK_CALLIGRAPHER,[hesitant],0,"Kâğıdı yapıştırmak mı? Kâğıt yapıştırılmaz, yazılır. ...Ama yırtılan fermanlar için... bir parça kes.","Taping paper? Paper is written on, not taped. ...But for torn decrees... cut me a strip.",eşya
REACT_CALLIGRAPHER_THERMOS,,SPK_CALLIGRAPHER,,0,Çay. Mürekkep kadar koyu değil ama el titremesine iyi gelir.,"Tea. Not as dark as ink, but good for a steady hand.",eşya
REACT_CAMELEER_BOOK,,SPK_CAMELEER,,0,"Deve resmi var mı? Yok mu? Kırk okkalık deve, kimsenin kitabına girmiyor. Haksızlık.",Any camels in there? No? A forty-okka camel and nobody puts it in a book. Unfair.,eşya
REACT_CAMELEER_CHICKPEAS,,SPK_CAMELEER,,0,"Leblebi! Deveye vermeyeyim, deve leblebiyi sever, sonra kırk bir okka olur, Ağa'nın cevabı değişir.","Chickpeas! Mustn't feed the camel, it loves them, then it's forty-one okka and the Ağa's answer changes.",eşya
REACT_CAMELEER_COLOGNE,,SPK_CAMELEER,[shouting],0,(Koklar) Deve kokusu gitti! Üç gündür gitmiyordu! Bu ne büyü!,(Sniffs) The camel smell is gone! It's been three days! What sorcery!,eşya
REACT_CAMELEER_CUBE,,SPK_CAMELEER,,0,Altı yüzü var. Devenin kaç yüzü var? Bir. Ama iki hörgücü var. İnşallah Ağa bunu sormaz.,Six faces. How many faces does a camel have? One. But two humps. I hope the Ağa doesn't ask that.,eşya
REACT_CAMELEER_LIGHTER,,SPK_CAMELEER,,0,Çakmaktaşı bu kadar küçük olur mu? Benimki deve kadar... yani deve kadar değil. Heyecandan.,"A flint this small? Mine's as big as a camel... I mean, not as big as a camel. Excitement.",eşya
REACT_CAMELEER_PHONE,,SPK_CAMELEER,,0,Işıklı taş! Deveye göstersem deve şaşırır mı? Şaşırmaz. Deve hiçbir şeye şaşırmaz. Ben şaşırırım.,"A glowing stone! Would my camel be amazed? No. Camels are never amazed. I am, though.",eşya
REACT_CAMELEER_POWERBANK,,SPK_CAMELEER,,0,Ağır mı bu? Kaç okka? (Tartar) Deveye yük olmaz. Bana olur.,Is it heavy? How many okka? (Weighs it) Not a load for a camel. It is for me.,eşya
REACT_CAMELEER_SELFIE,,SPK_CAMELEER,,0,"Resmimi mi yaptın? Deveyi de yap! Deve resimde iyi çıkar. Ben çıkmam, heyecandan.",You made my picture? Do the camel too! The camel comes out well. I don't. Excitement.,eşya
REACT_CAMELEER_TAPE,,SPK_CAMELEER,,0,Bununla devenin yularını bağlasam kopmaz mı? Kopmaz mı? Heyecanlandım.,"If I tied the camel's halter with this, it wouldn't snap? It wouldn't? I'm excited.",eşya
REACT_CAMELEER_THERMOS,,SPK_CAMELEER,,0,Sıcak çay! Çölde bu olsa... Ben çöle hiç gitmedim. Deve gitti. Ben dinledim.,Hot tea! If only I had this in the desert... I've never been to the desert. The camel has. I listened.,eşya
REACT_CANDARLI_BOOK,,SPK_CANDARLI,,0,"(Bakar, kapatır) Bazı şeyleri bilmek, bilmemekten ağırdır. Bu kitap çok ağır.","(Glances, shuts it) Some knowledge weighs more than ignorance. This book is very heavy.",eşya
REACT_CANDARLI_CHICKPEAS,,SPK_CANDARLI,[whispers],0,(Fısıldar) Çıtırdatma. Duvarların kulağı var. Çadırların da. Keçilerin de.,(Whispers) Don't crunch. Walls have ears. So do tents. And goats.,eşya
REACT_CANDARLI_COLOGNE,,SPK_CANDARLI,,0,Kokun seni ele verir. Gizli buluşmaya limon kokarak gelinmez.,Your scent gives you away. One does not come to a secret meeting smelling of lemons.,eşya
REACT_CANDARLI_CUBE,,SPK_CANDARLI,[whispers],0,(Fısıldar) Karışık bir şey. Karışık şeyleri severim. Kimse neyin nerede olduğunu bilmez.,(Whispers) A tangled thing. I like tangled things. Nobody knows where anything is.,eşya
REACT_CANDARLI_LIGHTER,,SPK_CANDARLI,[whispers],0,(Fısıldar) Yakarsan yüzümü görürsün. Yüzümü görürsen... aslında bir şey olmaz. Ama olmasın.,"(Whispers) Light that and you'll see my face. And if you see my face... nothing happens, really. But let's not.",eşya
REACT_CANDARLI_PHONE,,SPK_CANDARLI,[whispers],0,(Fısıldar) Işığı söndür. Kukuletanın bir anlamı kalmıyor.,(Whispers) Put out that light. It makes the hood pointless.,eşya
REACT_CANDARLI_POWERBANK,,SPK_CANDARLI,,0,Mühürlü bir kutu. İçini sormayacağım. Sen de benimkini sorma.,A sealed box. I won't ask what's inside. Don't ask about mine.,eşya
REACT_CANDARLI_SELFIE,,SPK_CANDARLI,,0,(Kukuletayı indirir) Resmimi yapma. ...Yaptın mı? Sadece kukuleta çıktı. İyi.,(Pulls the hood lower) No pictures. ...Did you take one? Only the hood came out. Good.,eşya
REACT_CANDARLI_TAPE,,SPK_CANDARLI,,0,Ağzını bununla kapatabilirsin. Bu ordugâhın en çok ihtiyacı olan şey bu.,You could seal your mouth with that. It's what this camp needs most.,eşya
REACT_CANDARLI_THERMOS,,SPK_CANDARLI,,0,(Kukuletanın altından bir yudum) ...İki şeker. Demek kim olduğumu biliyorsun.,(A sip from under the hood) ...Two sugars. So you know who I am.,eşya
REACT_CLERK_BOOK,,SPK_CLERK,,0,[Yunanca] Kitap mı? Katalog numarası? Yok mu? Arşiv bunu kabul etmez. Ben de etmem.,[Greek] A book? Catalogue number? None? The archive won't accept it. Neither will I.,eşya
REACT_CLERK_CHICKPEAS,,SPK_CLERK,,0,[Yunanca] Gişede yemek yenmez. (Bir tane alır) ...Bu bir numune. Numuneler incelenir.,[Greek] No eating at the counter. (Takes one) ...This is a sample. Samples are examined.,eşya
REACT_CLERK_COLOGNE,,SPK_CLERK,,0,[Yunanca] Limon mu? Bizans'ta memur kokmaz. Kokulu memur rüşvet almıştır.,[Greek] Lemon? Byzantine clerks don't smell of anything. A fragrant clerk has taken a bribe.,eşya
REACT_CLERK_CUBE,,SPK_CLERK,,0,"[Yunanca] Altı daire, dokuz şube, hepsi karışık. Tıpkı bizim teşkilat şeması.","[Greek] Six departments, nine sub-departments, all in disarray. Just like our organisational chart.",eşya
REACT_CLERK_LIGHTER,,SPK_CLERK,,0,[Yunanca] Kançılaryada ateş yasaktır. 1204'ten beri. Sebebini sorma.,[Greek] Fire is forbidden in the chancery. Since 1204. Do not ask why.,eşya
REACT_CLERK_PHONE,,SPK_CLERK,,0,"[Yunanca] Işıklı dilekçe. Kabul edilmez. Dilekçeler mürekkeple, üç nüsha, sırayla verilir.","[Greek] An illuminated petition. Not accepted. Petitions are submitted in ink, in triplicate, in order.",eşya
REACT_CLERK_POWERBANK,,SPK_CLERK,,0,[Yunanca] Ağırlık vergisi. Okka başına bir follis. Bu... yarım follis. Yuvarlıyoruz: bir follis.,[Greek] Weight tax. One follis per okka. This is... half a follis. We round up: one follis.,eşya
REACT_CLERK_SELFIE,,SPK_CLERK,,0,[Yunanca] Portre başvurusu saray ressamına yapılır. Form yedi. Bekleme süresi: bir saltanat.,[Greek] Portrait requests go to the court painter. Form seven. Waiting time: one reign.,eşya
REACT_CLERK_TAPE,,SPK_CLERK,,0,"[Yunanca] Mühür yerine bant mı? Bu... bu çok pratik. Hayır. Hayır, yasak. Ama pratik.","[Greek] Tape instead of a seal? That's... very practical. No. No, forbidden. But practical.",eşya
REACT_CLERK_THERMOS,,SPK_CLERK,,0,[Yunanca] Sıcak içecek mi? Öğle arası üç saat sonra. Kuşatma olsa bile.,[Greek] A hot drink? Lunch break is in three hours. Siege or no siege.,eşya
REACT_DERVISH_BOOK,,SPK_DERVISH,,0,Kitap geçmişi anlatıyor ama sen buradasın. Demek ki kitap da dönüyor.,"The book tells of the past, yet here you are. So the book is spinning too.",eşya
REACT_DERVISH_CHICKPEAS,,SPK_DERVISH,,0,"Leblebi yuvarlak. Dünya yuvarlak. Ağzım yuvarlak. (Yer) Hepsi döndü, dolaştı, buldu.",Chickpeas are round. The world is round. My mouth is round. (Eats) Everything came full circle.,eşya
REACT_DERVISH_COLOGNE,,SPK_DERVISH,,0,Limon kokusu başımı döndürdü. Zaten dönüyordu. Şimdi iki kat.,The lemon scent made my head spin. It was spinning already. Now twice.,eşya
REACT_DERVISH_CUBE,,SPK_DERVISH,,0,"(Küpü bir kez çevirir, küp çözülür) Ben bir şey yapmadım. O da dönmek istiyormuş.",(Turns the cube once; it solves itself) I did nothing. It simply wished to turn.,eşya
REACT_DERVISH_LIGHTER,,SPK_DERVISH,,0,Küçük bir alev. Pervane dönsün diye mi getirdin? Pervane ben olayım.,A little flame. Did you bring it for the moth to circle? Let me be the moth.,eşya
REACT_DERVISH_PHONE,,SPK_DERVISH,,0,(Dönerken bakar) İçinde bir dünya var ve o da dönüyor. Güzel. Herkes dönüyor.,"(Glancing mid-whirl) There's a world inside, and it's spinning too. Good. Everyone's spinning.",eşya
REACT_DERVISH_POWERBANK,,SPK_DERVISH,,0,"Kutunun içinde güç var ama dönmüyor. Dönmeyen güç, uyuyan güçtür.","There's power in this box, but it doesn't turn. Power that doesn't turn is power asleep.",eşya
REACT_DERVISH_SELFIE,,SPK_DERVISH,,0,Kendini uzaktan görmek... Bizim yolda buna nefsini seyretmek derler. Senin elinde sadece bir çubuk var.,"Seeing yourself from afar... On our path, that's called watching the self. You only have a stick.",eşya
REACT_DERVISH_TAPE,,SPK_DERVISH,[shouting],0,(Bant rulosu kendi etrafında döner) Bak! O da dönüyor! Kardeşim.,(The tape roll spins) Look! It turns too! My brother.,eşya
REACT_DERVISH_THERMOS,,SPK_DERVISH,,0,Çay... Dönerken içilmez. Durmam lazım. (Durmaz) Sonra içerim.,Tea... You can't drink while whirling. I must stop. (Doesn't) Later.,eşya
REACT_DOUBLE_BOOK,,SPK_DOUBLE,,0,"Kim kazanıyor, yazıyor mu? ...Söyleme! Söylersen tarafsız kalamam. Fiyatlar değişir.","Does it say who wins? ...Don't tell me! If you do, I can't stay neutral. Prices would change.",eşya
REACT_DOUBLE_CHICKPEAS,,SPK_DOUBLE,,0,"Leblebi. Hafif, dayanıklı, iki ordu da seviyor. Senden alırım, ikisine satarım. Ortaklık?","Chickpeas. Light, durable, both armies love them. I buy from you, sell to both. Partnership?",eşya
REACT_DOUBLE_COLOGNE,,SPK_DOUBLE,,0,(Koklar) Limon! Kuşatmada koku satılmaz sanıyordum. Yanılmışım. Kaç şişe?,(Sniffs) Lemon! I didn't think scent would sell in a siege. I was wrong. How many bottles?,eşya
REACT_DOUBLE_CUBE,,SPK_DOUBLE,,0,"Bir yüzü Osmanlı rengi, bir yüzü Bizans. Ortada ben. Karışık ama kârlı.","One face in Ottoman colours, one in Byzantine. Me in the middle. Messy, but profitable.",eşya
REACT_DOUBLE_LIGHTER,,SPK_DOUBLE,,0,Tek vuruşta ateş mi? Topçulara satarım. İki tarafın topçularına. Aynı fiyat.,Fire in one flick? I'll sell it to the gunners. Both sides' gunners. Same price.,eşya
REACT_DOUBLE_PHONE,,SPK_DOUBLE,,0,"Işıklı taş! Kaç tane var? Birini Osmanlı'ya, birini Bizans'a satarız. Tarafsız ticaret.","A glowing stone! How many have you got? One for the Ottomans, one for Byzantium. Neutral trade.",eşya
REACT_DOUBLE_POWERBANK,,SPK_DOUBLE,,0,"Ağır bir kutu, içinde enerji var diyorsun. Barut gibi mi? Barut satarım. İki tarafa da.","A heavy box full of energy, you say. Like gunpowder? I sell gunpowder. To both sides.",eşya
REACT_DOUBLE_SELFIE,,SPK_DOUBLE,,0,"Resmimi yapıyorsun. Bir tane daha yap, öbür tarafa göndereyim. Her iki tarafta da tanınmam lazım.","You're painting me. Do another, I'll send it to the other side. I need to be known on both sides.",eşya
REACT_DOUBLE_TAPE,,SPK_DOUBLE,,0,"Bununla her şey birbirine yapışıyor mu? İki tarafı birbirine yapıştır, savaş biter. Sonra ben ne satarım?",This sticks anything together? Stick both sides together and the war ends. Then what do I sell?,eşya
REACT_DOUBLE_THERMOS,,SPK_DOUBLE,,0,Sıcak çay. Surda nöbet tutana da çadırda bekleyene de lazım. İki termos alırım. Biri sana değil.,"Hot tea. The man on the wall needs it, so does the man in the tent. I'll take two thermoses. Neither is for you.",eşya
REACT_EMPEROR_BOOK,,SPK_EMPEROR,,0,"Kitabı kapatır ve tek kelime etmeden geri verir. Tolga: ""...Özür dilerim.""","He closes the book and hands it back without a word. Tolga: ""...I'm sorry.""",eşya
REACT_EMPEROR_CHICKPEAS,,SPK_EMPEROR,,0,"[Yunanca] ""Askerlerime götürebilir miyim? ...Teşekkür ederim.""","[Greek] ""May I take these to my soldiers? ...Thank you.""",eşya
REACT_EMPEROR_COLOGNE,,SPK_EMPEROR,,0,"Konstantinos elini uzatmaz. Niko elini uzatır: ""İmparator elini vermez. Ben veririm.""","The Emperor does not offer his hands. Niko offers his: ""The Emperor doesn't do hands. I do.""",eşya
REACT_EMPEROR_CUBE,,SPK_EMPEROR,,0,"[Yunanca] ""Şu an bulmacaya ihtiyacım yok.""","[Greek] ""I have enough puzzles at present.""",eşya
REACT_EMPEROR_LIGHTER,,SPK_EMPEROR,,0,"[Yunanca] ""Küçük bir ateş. Bu şehir yeterince ateş gördü, yabancı.""","[Greek] ""A small fire. This city has seen enough fire, stranger.""",eşya
REACT_EMPEROR_PHONE,,SPK_EMPEROR,,0,"[Yunanca] (Uzun uzun bakar) ""Işık, ama ateş değil. Demek dünya değişecek. İyiye mi?""","[Greek] (A long look) ""Light, but not fire. So the world will change. For the better?""",eşya
REACT_EMPEROR_POWERBANK,,SPK_EMPEROR,,0,"[Yunanca] ""Ağır bir taş. Taşımız eksik değil, yabancı. Surlarımız taştan.""","[Greek] ""A heavy stone. We have no shortage of stone, stranger. Our walls are made of it.""",eşya
REACT_EMPEROR_REPLAY_1,,SPK_EMPEROR,,0,[Yunanca] Garip. Bu anı daha önce yaşamışım gibi. Tanrı bazen aynı sahneyi iki kez gösterir.,[Greek] Strange. As if I've lived this moment before. God sometimes shows the same scene twice.,eşya
REACT_EMPEROR_REPLAY_2,,SPK_EMPEROR,,0,"[Yunanca] Yine geldin, yabancı. Her seferinde biraz daha az yabancısın.","[Greek] You came again, stranger. Each time you're a little less of a stranger.",eşya
REACT_EMPEROR_REPLAY_3,,SPK_EMPEROR,,0,"[Yunanca] Bu şehrin sonunu biliyorsun, değil mi? Söyleme. Gözlerin söylüyor.","[Greek] You know how this city ends, don't you? Don't say it. Your eyes do.",eşya
REACT_EMPEROR_REPLAY_4,,SPK_EMPEROR,,0,"[Yunanca] Aynı eşya, aynı akşam. Belki de bazı akşamlar tekrarlanmayı hak eder.","[Greek] The same object, the same evening. Perhaps some evenings deserve to be repeated.",eşya
REACT_EMPEROR_REPLAY_5,,SPK_EMPEROR,,0,[Yunanca] Bir dahaki sefere mangala oynayalım. Onu da daha önce oynadık mı?,"[Greek] Next time, let's play mangala. Or have we played that before too?",eşya
REACT_EMPEROR_SELFIE,,SPK_EMPEROR,,0,"[Yunanca] ""Bir imparatorun hatırası mı? Sende kalsın. Birinin hatırlaması iyi.""","[Greek] ""A keepsake of an emperor? Keep it. It is good that someone remembers.""",eşya
REACT_EMPEROR_TAPE,,SPK_EMPEROR,,0,"[Yunanca] ""Surlarımızı bin yıldır taşla onarırız. Bu, bin yıl dayanır mı?"" Tolga: ""...Garantisi iki yıl.""","[Greek] ""We have mended our walls with stone for a thousand years. Will this last a thousand?"" Tolga: ""...It's got a two-year warranty.""",eşya
REACT_EMPEROR_THERMOS,,SPK_EMPEROR,,0,"[Yunanca] (Kabul eder, bir yudum alır) ""Sıcak. Uzun zamandır sıcak bir şey içmemiştim. Sağ ol.""","[Greek] (Accepts, takes a sip) ""Warm. It has been some time since I drank anything warm. Thank you.""",eşya
REACT_FATIH_BOOK,,SPK_FATIH,,0,"(Sayfaları çevirir) ""Burnumu büyük çizmişler. ...Bütün bir hayatı iki satıra sığdırmışlar.""","(Turning pages) ""They've made my nose rather large. ...And fit an entire life into two lines.""",eşya
REACT_FATIH_CHICKPEAS,,SPK_FATIH,,0,"""Kavrulmuş nohut. Askerin taşıması kolay, bozulmaz. Bunu kim düşündü?""","""Roasted chickpeas. Light for a soldier to carry, and they keep. Whose idea was this?""",eşya
REACT_FATIH_COLOGNE,,SPK_FATIH,,0,"Elini uzatır. ""Limon. Güzel bir âdet. Sizin zamanınızda herkes bunu mu yapıyor?"" Tolga: ""Bayramlarda.""","Holds out his hands. ""Lemon. A pleasant custom. Is this done by everyone in your time?"" Tolga: ""On holidays.""",eşya
REACT_FATIH_CUBE,,SPK_FATIH,[hesitant],0,"(Kırk saniye) ""Altı yüz, dokuz parça, bir kural. ...İşte."" Tolga: ""Ben bununla otuz yıldır..."" Fatih: ""Otuz yıl mı?""","(Forty seconds) ""Six faces, nine pieces, one rule. ...There."" Tolga: ""I've been at that for thirty years..."" Mehmed: ""Thirty years?""",eşya
REACT_FATIH_LIGHTER,,SPK_FATIH,,0,"""Çakmaktaşıyla demir, küçültülmüş. Güzel. Ama savaşları çakmak kazanmaz.""","""Flint and steel, made small. Clever. But wars aren't won with lighters.""",eşya
REACT_FATIH_PHONE,,SPK_FATIH,,0,"""Işık saçan bir levha, hesap yapıyor. Nasıl çalıştığını anlat. ...Anlatamıyor musun? Taşıdığın şeyi bilmiyorsun.""","""A glowing tablet that calculates. Explain how it works. ...You can't? You carry a thing you don't understand.""",eşya
REACT_FATIH_POWERBANK,,SPK_FATIH,,0,"""Taş gibi ama taş değil. İçinde ne var?"" Tolga: ""Elektrik."" Fatih (not alır): ""Elektrik.""","""Like a stone, yet not a stone. What's inside?"" Tolga: ""Electricity."" Mehmed (noting it down): ""Electricity.""",eşya
REACT_FATIH_REPLAY_1,,SPK_FATIH,,0,"Bu eşyayı daha önce görmüş gibiyim. Rüyamda mı? Hayır. Sende bir tuhaflık var, Tolga.","I feel I've seen this before. In a dream? No. There's something odd about you, Tolga.",eşya
REACT_FATIH_REPLAY_2,,SPK_FATIH,,0,"Bu sefer ne göstereceksin? Dur, tahmin edeyim... Evet. Biliyordum.","What will you show me this time? Wait, let me guess... Yes. I knew it.",eşya
REACT_FATIH_REPLAY_3,,SPK_FATIH,,0,"Zaman bir nehirse, sen onda yüzen tek adamsın. Ve hep aynı yerden çıkıyorsun.","If time is a river, you're the only man swimming in it. And you keep coming up in the same place.",eşya
REACT_FATIH_REPLAY_4,,SPK_FATIH,,0,Sana bir şey söyleyeyim: bu konuşmayı daha önce yaptık. Sen hatırlamıyorsun ama ben hissediyorum.,"Let me tell you something: we've had this conversation. You don't remember, but I can feel it.",eşya
REACT_FATIH_REPLAY_5,,SPK_FATIH,,0,Yine mi? Bir padişahı iki kez şaşırtamazsın. ...Ama deneyişin hoşuma gidiyor.,Again? You can't surprise a sultan twice. ...But I like that you're trying.,eşya
REACT_FATIH_SELFIE,,SPK_FATIH,,0,"Tolga: ""Hatıra fotoğrafı?"" Fatih: ""Ressamım var. Ama... bakayım. Kendi yüzümü bu kadar küçük görmemiştim.""","Tolga: ""Commemorative photo?"" Mehmed: ""I have a painter. But... let me see. I've never seen my face so small.""",eşya
REACT_FATIH_TAPE,,SPK_FATIH,,0,"""Yapışıyor, kopuyor, yine yapışıyor. Her mühendisin rüyası. Kaç tane var?""","""It sticks, it tears, it sticks again. Every engineer's dream. How much do you have?""",eşya
REACT_FATIH_THERMOS,,SPK_FATIH,,0,"""Sıcağı saklayan bir kap. İlginç. Tadı ise... Sizin zamanınızda bunu herkes mi içiyor?""","""A vessel that keeps its heat. Curious. And the taste... Does everyone in your time drink this?""",eşya
REACT_FISHMONGER_BOOK,,SPK_FISHMONGER,[excited],0,"Balık resmi var mı? Yok mu? Kitap mı bu, çarşı mı? Hangi kitapta balık yok ki!",Any fish in it? No? Is it a book or a market? What kind of book has no fish!,eşya
REACT_FISHMONGER_CHICKPEAS,,SPK_FISHMONGER,,0,Leblebi! Balıkla leblebi mi? ...Denedim. Olmuyor. Ayrı ayrı güzel.,Chickpeas! Fish with chickpeas? ...Tried it. Doesn't work. Good separately.,eşya
REACT_FISHMONGER_COLOGNE,,SPK_FISHMONGER,[shouting],0,(Ellerine döker) Balık kokusu gitti! Üç kuşaktır gitmiyordu! Ne büyü bu!,(Splashes his hands) The fish smell is gone! It's been there three generations! What sorcery!,eşya
REACT_FISHMONGER_CUBE,,SPK_FISHMONGER,,0,"Renkli bir kutu. Çevir çevir... balık gibi kayıyor elimden. Al, sen tut.","A colourful box. Turn it, turn it... slips out of my hands like a fish. Here, you hold it.",eşya
REACT_FISHMONGER_LIGHTER,,SPK_FISHMONGER,[excited],0,"Ateş mi? Balık ızgarası için mi? Şimdi mi? Gel, istavrit var!","Fire? For grilling fish? Now? Come on, I've got mackerel!",eşya
REACT_FISHMONGER_PHONE,,SPK_FISHMONGER,[shouting],0,Işıklı balık mı bu? Kaça? Taze mi? Taze değilse ışıldamazdı! TAZE IŞIKLI BALIK!,Is that a glowing fish? How much? Fresh? It wouldn't glow if it weren't! FRESH GLOWING FISH!,eşya
REACT_FISHMONGER_POWERBANK,,SPK_FISHMONGER,[excited],0,"Ağır bir kutu. Buz mu var içinde? Yok mu? Balık bozulur, dostum, buz getir!","A heavy box. Ice inside? No? The fish'll spoil, friend, bring ice!",eşya
REACT_FISHMONGER_SELFIE,,SPK_FISHMONGER,[shouting],0,Resmimi mi yaptın? Balığı da kadraja al! Balıksız balıkçı olmaz!,Did you paint me? Get the fish in too! A fishmonger without fish is nothing!,eşya
REACT_FISHMONGER_TAPE,,SPK_FISHMONGER,[shouting],0,Bant mı? Delik ağı bununla yamarım! (Yamar) ...Tuttu! Balıklar şaşıracak!,Tape? I'll patch my torn net with it! (Patches) ...It holds! The fish will be amazed!,eşya
REACT_FISHMONGER_THERMOS,,SPK_FISHMONGER,[shouting],0,Çay! Sabahın dördünden beri bağırıyorum. (İçer) ...Sesim geri geldi! TAZE BALIK!,Tea! I've been shouting since four this morning. (Drinks) ...My voice is back! FRESH FISH!,eşya
REACT_GIUST_BOOK,,SPK_GIUST,,0,"Tolga 29 Mayıs sayfasını gösterir. Giustiniani: ""Adım yazıyor mu? ...Yazıyor mu?""","Tolga shows the page for 29 May. Giustiniani: ""Is my name in there? ...Is it?""",eşya
REACT_GIUST_CHICKPEAS,,SPK_GIUST,,0,"""Cenova'da bunu satarız. Yüzde kaç komisyon?""","""We could sell these in Genoa. What's your commission?""",eşya
REACT_GIUST_COLOGNE,,SPK_GIUST,,0,"""Cenovalılar da güzel koku sever. Bir şişesi ne kadar?""","""Genoese appreciate a fine scent too. What's it cost per bottle?""",eşya
REACT_GIUST_CUBE,,SPK_GIUST,,0,"""Oyun. Askerlerim bununla oyalanırsa nöbette uyumazlar. Otuz tane isterim.""","""A game. If my men fiddle with these, they won't doze on watch. I'll take thirty.""",eşya
REACT_GIUST_LIGHTER,,SPK_GIUST,,0,"""Kaç tane var? Yüz tane getirirsen sözleşme yaparız.""","""How many do you have? Bring me a hundred and we'll draw up a contract.""",eşya
REACT_GIUST_PHONE,,SPK_GIUST,,0,"""Parlak, pahalı görünüyor. Kaç duka? Satmayacaksan konuşmayalım.""","""Shiny. Looks expensive. How many ducats? If it's not for sale, we're done.""",eşya
REACT_GIUST_POWERBANK,,SPK_GIUST,,0,"""Ağır, tuhaf bir taş. Gemi safrası olarak iş görür.""","""Heavy, strange stone. Would make decent ballast.""",eşya
REACT_GIUST_SELFIE,,SPK_GIUST,,0,"""Resmimi yapıyorsan ücret var.""","""If you're making my portrait, there's a fee.""",eşya
REACT_GIUST_TAPE,,SPK_GIUST,,0,"""Sözleşme mühürlerini bununla yapıştırırsan kimse açamaz. Güzel.""","""Seal a contract with this and nobody's opening it. Nice.""",eşya
REACT_GIUST_THERMOS,,SPK_GIUST,,0,"""Sıcak ve kapalı. Cenova'ya ihraç ederim. İhraç hakkı kimde?""","""Hot, and sealed. I'd export this to Genoa. Who holds the rights?""",eşya
REACT_GUARDS_BOOK,,SPK_HASAN,,0,"Hasan: ""Resimli kitap! Bizi de çizmişler mi?"" Hüseyin: ""Bak, yeniçeri. Hangisi sensin?"" Hasan: ""Soldaki."" Hüseyin: ""Soldaki benim.""","Hasan: ""A picture book! Did they draw us?"" Hüseyin: ""Look, Janissaries. Which one's you?"" Hasan: ""Left."" Hüseyin: ""Left is me.""",eşya
REACT_GUARDS_CHICKPEAS,,SPK_HASAN,,0,"Hasan (yer): ""Nohut ama kuru. Ama güzel."" Hüseyin: ""Bana da uzat. ...Casus böyle güzel şey getirmez.""","Hasan (munching): ""Chickpeas, but dry. But good."" Hüseyin: ""Pass them over. ...Spies don't bring snacks this nice.""",eşya
REACT_GUARDS_COLOGNE,,SPK_HASAN,,0,"Hasan: ""Limon mu? Limondan su mu olur?"" Hüseyin (ellerini uzatır): ""Bir daha.""","Hasan: ""Lemon? You can make water out of lemons?"" Hüseyin (holding out his hands): ""Again.""",eşya
REACT_GUARDS_CUBE,,SPK_HASAN,,0,"İkisi küpü kapar. ""Sen çevir."" ""Hayır sen."" Küp giderek daha çok karışır.","They both grab it. ""You turn it."" ""No, you."" The cube gets progressively worse.",eşya
REACT_GUARDS_LIGHTER,,SPK_HASAN,,0,"Hasan: ""Büyücü!"" Hüseyin: ""Büyücü değil, çakmaktaşı bu. Sadece küçük ve hızlı.""","Hasan: ""Sorcerer!"" Hüseyin: ""It's flint, you dolt. Just small and quick.""",eşya
REACT_GUARDS_PHONE,,SPK_HASAN,,0,"Hasan: ""İçinde minik adam var!"" Hüseyin: ""Minik adam değil, minik Hasan."" Hasan: ""Hasan benim!""","Hasan: ""There's a tiny man inside!"" Hüseyin: ""Not a tiny man. A tiny Hasan."" Hasan: ""I'm Hasan!""",eşya
REACT_GUARDS_POWERBANK,,SPK_HASAN,,0,"Hasan: ""Bu taş sıcak!"" Hüseyin: ""Kutsal olabilir. Dokunma."" Hasan: ""Dokundum.""","Hasan: ""This stone is warm!"" Hüseyin: ""Could be holy. Don't touch it."" Hasan: ""Touched it.""",eşya
REACT_GUARDS_SELFIE,,SPK_HASAN,,0,"Tolga fotoğraf çeker. Hasan: ""Ruhumu mu aldın?"" Hüseyin: ""Senin ruhun yok ki Hasan."" Hasan: ""Ben Hüseyin'im!""","Tolga takes a photo. Hasan: ""Did you steal my soul?"" Hüseyin: ""You haven't got one, Hasan."" Hasan: ""I'm Hüseyin!""",eşya
REACT_GUARDS_TAPE,,SPK_HASAN,,0,"Hüseyin: ""Bununla ne bağlanır?"" Tolga: ""Her şey."" Hasan: ""Beni bağlama.""","Hüseyin: ""What does it tie?"" Tolga: ""Everything."" Hasan: ""Don't tie me.""",eşya
REACT_GUARDS_THERMOS,,SPK_HASAN,,0,"İkisi birden: ""Bu ne, otlu sıcak su mu?"" (Bir yudum. Uzun bir sessizlik.) ""...Beş dakika mola.""","Both: ""What's this, hot leaf water?"" (A sip. A long silence.) ""...Five minute break.""",eşya
REACT_HIKMET_BOOK,,SPK_HIKMET,,0,"""Aç bak, sayfa 88'de Fatih'e bıyık çizmişsin. Zaten bıyığı vardı. İkinci bir bıyık çizmişsin.""","""Look at page 88. You drew a moustache on the Sultan. He already had one. You gave him a spare.""",eşya
REACT_HIKMET_CHICKPEAS,,SPK_HIKMET,,0,"""Onu yeme, o benim gece leblebim. ...Tamam al. Diplomasi için.""","""Don't touch those, that's my midnight snack. ...Fine. For diplomacy.""",eşya
REACT_HIKMET_COLOGNE,,SPK_HIKMET,,0,"""Limon kolonyası. Bizim milletin diplomatik dokunulmazlığı budur.""","""Lemon cologne. It's the closest thing we have to diplomatic immunity.""",eşya
REACT_HIKMET_CUBE,,SPK_HIKMET,,0,"""Onu 1987'den beri çözemedim. Belki geçmişte biri çözer.""","""Haven't solved it since 1987. Maybe someone in the past can.""",eşya
REACT_HIKMET_LIGHTER,,SPK_HIKMET,,0,"""Al onu. İnsanlık ateşi bulmak için binlerce yıl uğraştı. Sen hazırını götür.""","""Take it. Mankind spent millennia discovering fire. You just bring the finished product.""",eşya
REACT_HIKMET_PHONE,,SPK_HIKMET,,0,"Tolga: ""Şarj %14."" Hikmet: ""Yeter de artar evlât. Orada şarj aleti yok ama priz de yok. Adil yani.""","Tolga: ""Fourteen percent."" Hikmet: ""Plenty, son. No chargers there, but no sockets either. Fair's fair.""",eşya
REACT_HIKMET_POWERBANK,,SPK_HIKMET,,0,"""Onu ben şarj ettim. Kendi icadım olan şarj aletiyle. Sadece bir kere yandı.""","""I charged that myself. With a charger of my own design. It only caught fire the once.""",eşya
REACT_HIKMET_SELFIE,,SPK_HIKMET,,0,"""Tarihi yazanlarla fotoğraf çekil. Kimse inanmaz ama olsun.""","""Take selfies with the history makers. Nobody'll believe you, but still.""",eşya
REACT_HIKMET_TAPE,,SPK_HIKMET,,0,"""Makinenin yüzde altmışı bundan. Kalanı umut.""","""Sixty percent of that machine is this. The rest is hope.""",eşya
REACT_HIKMET_THERMOS,,SPK_HIKMET,,0,"""Demlik çay, iki şeker. Orada çay yoksa bile senin var.""","""Proper brewed tea, two sugars. History might not have tea yet. You do.""",eşya
REACT_KADRI_BOOK,,SPK_KADRI,,0,"""İçinde yemek tarifi yok mu? Tarifsiz tarih eksik yazılmış tarihtir.""","""No recipes? History without recipes is just dates. ...Dates! Now there's a fruit.""",eşya
REACT_KADRI_CHICKPEAS,,SPK_KADRI,[hesitant],0,"""Nohut... ama kavrulmuş... ama kuru... ama çıtır! Bu bir devrim. Adı ne?"" Tolga: ""Leblebi."" Kadri: ""Leb-le-bi. Sultan'ın sofrasına!""","""Chickpeas... roasted... dry... crunchy! This is a revolution. What do you call it?"" Tolga: ""Leblebi."" Kadri: ""Leb-le-bi. To the Sultan's table!""",eşya
REACT_KADRI_COLOGNE,,SPK_KADRI,,0,"""Mutfağıma limon kokusu mu? ...Aslında hoş oldu.""","""Lemon in my kitchen? ...Actually, that's rather nice.""",eşya
REACT_KADRI_CUBE,,SPK_KADRI,,0,"""Renkleri ayırıyorsun değil mi? Ben de bütün gün pilavla bulguru ayırıyorum. Aynı iş.""","""Sorting colours, is it? I sort rice from bulgur all day. Same job.""",eşya
REACT_KADRI_LIGHTER,,SPK_KADRI,,0,"""Ocağı tek hamlede mi yakıyor? ...Evlâdım, sen bu mutfakta kalıyorsun.""","""Lights the stove in one go? ...Son, you're staying in this kitchen.""",eşya
REACT_KADRI_PHONE,,SPK_KADRI,,0,"""Tencereye sığar mı? Sığmıyor mu? O zaman beni ilgilendirmez.""","""Does it fit in a pot? No? Then it's none of my business.""",eşya
REACT_KADRI_POWERBANK,,SPK_KADRI,,0,"""Sıcak taş mı? Hamur bunun üstünde güzel mayalanır.""","""A warm stone? Dough would rise lovely on that.""",eşya
REACT_KADRI_REPLAY_1,,SPK_KADRI,,0,Yine mi sen? Yine mi leblebi? Menüye 'Tolga Usulü' diye yazdım artık.,You again? Chickpeas again? I've put 'Tolga Style' on the menu now.,eşya
REACT_KADRI_REPLAY_2,,SPK_KADRI,,0,Bu kazanı daha önce patlattın mı? Gözlerin 'evet' diyor. Uzak dur.,Have you blown up this cauldron before? Your eyes say yes. Stay back.,eşya
REACT_KADRI_REPLAY_3,,SPK_KADRI,,0,"Her gelişinde aynı eşya, aynı surat. Ama tarif her seferinde farklı çıkıyor.","Every time the same object, the same face. But the recipe comes out different every time.",eşya
REACT_KADRI_REPLAY_4,,SPK_KADRI,,0,Aşçı hatırlar. Bir kere yiyeni unutmaz. Seni üç kere unutmadım.,A cook remembers. He never forgets who ate once. I've not forgotten you three times.,eşya
REACT_KADRI_REPLAY_5,,SPK_KADRI,,0,Mutfağa girersen çıkarken bir şey kırılır. Tecrübeyle sabit.,"Whenever you enter the kitchen, something breaks on your way out. Proven by experience.",eşya
REACT_KADRI_SELFIE,,SPK_KADRI,,0,"""Kepçenin sapı uzun olmuş ama kepçesi yok. Kötü kepçe.""","""The ladle's all handle and no ladle. Terrible ladle.""",eşya
REACT_KADRI_TAPE,,SPK_KADRI,,0,"""Siz gelecekte dolmayı bununla mı sarıyorsunuz? Kötü bir yermiş gelecek.""","""Is this how you wrap dolma in the future? Grim place, the future.""",eşya
REACT_KADRI_THERMOS,,SPK_KADRI,,0,"""Sıcağı saklayan testi mi? Çorba için isterim. Takas edelim: sana bir kaftan.""","""A jug that keeps things hot? I need that for soup. Let's trade: one kaftan.""",eşya
REACT_KID_BOOK,,SPK_KID,,0,Resimli kitap! Venedik var mı? ...Yok mu? Kötü kitap.,A picture book! Is Venice in it? ...No? Bad book.,eşya
REACT_KID_CHICKPEAS,,SPK_KID,,0,(Bir avuç alır) Tuzlu nohut! Gato da sever. Gato her şeyi sever.,(Grabs a handful) Salty chickpeas! Gato likes them too. Gato likes everything.,eşya
REACT_KID_COLOGNE,,SPK_KID,[shouting],0,Limon! Annemin kokusu! ...Annem limon satıyor.,Lemon! Smells like my mum! ...My mum sells lemons.,eşya
REACT_KID_CUBE,,SPK_KID,[shouting],0,"Renkli küp! Çevireyim! ...Bozdum. Babama söyleme, babam da bozar.","A coloured cube! Let me turn it! ...I broke it. Don't tell my dad, he'd break it too.",eşya
REACT_KID_LIGHTER,,SPK_KID,[shouting],0,Ateş! Ben de istiyorum! ...Annem istemez. Annem hiçbir şey istemez.,Fire! I want one! ...My mum wouldn't want it. My mum never wants anything.,eşya
REACT_KID_PHONE,,SPK_KID,,0,Oyun mu bu? İçinde oyun var mı? ...Yüzde bir mi? O ne demek?,Is it a game? Is there a game in it? ...One percent? What does that mean?,eşya
REACT_KID_POWERBANK,,SPK_KID,,0,Ağır bir taş! Kaç mermer eder? İki mi? Üç mü? Takas?,A heavy stone! How many marbles is it worth? Two? Three? Trade?,eşya
REACT_KID_SELFIE,,SPK_KID,[shouting],0,Beni de çek! Gato'yu da! Gato nerede? Önce Gato'yu bul!,Take me too! And Gato! Where's Gato? Find Gato first!,eşya
REACT_KID_TAPE,,SPK_KID,[shouting],0,Bununla uçurtma yaparım! Kuyruğu olur! ...Uçurtman yok mu? O zaman bant ver.,I'll make a kite with this! It'll have a tail! ...You don't have a kite? Then give me the tape.,eşya
REACT_KID_THERMOS,,SPK_KID,,0,Çay mı? Çocuklar çay içmez. (İçer) ...İçermiş.,Tea? Children don't drink tea. (Drinks) ...Turns out they do.,eşya
REACT_LUTFI_BOOK,,SPK_LUTFI,,0,"""Türkçe ama tuhaf. 'Fatih Sultan Mehmet İstanbul'u 1453'te fethetti.' Fethetti mi? Geçmiş zaman mı? Şu an 1453! Bu bir kehanet kitabı!""","""It's Turkish, but odd. 'Mehmed conquered Constantinople in 1453.' Conquered? Past tense? It is 1453! This is a book of prophecy!""",eşya
REACT_LUTFI_CHICKPEAS,,SPK_LUTFI,,0,"""Bunun adını her dilde bilirim. Söylemeyeceğim. Ama biliyorum.""","""I know the word for this in every language. I shan't say it. But I know it.""",eşya
REACT_LUTFI_COLOGNE,,SPK_LUTFI,,0,"""Frenkler bunu sever. Demek ki sen gerçekten Frenk elçisisin.""","""The Franks love this sort of thing. So you really are a Frankish envoy.""",eşya
REACT_LUTFI_CUBE,,SPK_LUTFI,,0,"""Macar icadı mı? Urban'a gösterme, yine top yapar.""","""A Hungarian invention? Don't show Urban, he'll turn it into a cannon.""",eşya
REACT_LUTFI_LIGHTER,,SPK_LUTFI,,0,"(Yanındakilere tercüme eder) ""Diyor ki: 'Ateşi cebimde taşırım.' Yani... tehlikeli bir adam.""","(Translating to the crowd) ""He says, 'I carry fire in my pocket.' So... a dangerous man.""",eşya
REACT_LUTFI_PHONE,,SPK_LUTFI,,0,"""Bu kutu hangi dilde konuşuyor? ...Bilmediğim dil yoktur. Demek ki bu dil yok.""","""Which language does this box speak? ...I know every language. So this one doesn't exist.""",eşya
REACT_LUTFI_POWERBANK,,SPK_LUTFI,,0,"(Etiketi okur) ""'Hıtay'da yapılmıştır.' Hıtay'dan geldiysen yol uzun.""","(Reading the label) ""'Made in Cathay.' You've come a long way, friend.""",eşya
REACT_LUTFI_SELFIE,,SPK_LUTFI,[hesitant],0,"""'Selfie' diyorsun. Yani kendi... resmini... kendin... Neden?""","""'Selfie,' you say. So you paint... yourself... by yourself... Why?""",eşya
REACT_LUTFI_TAPE,,SPK_LUTFI,,0,"""'Koli bandı.' Bunu çevirmeyeceğim. İsmi zaten mükemmel.""","""'Duct tape.' I refuse to translate it. It's perfect as it is.""",eşya
REACT_LUTFI_THERMOS,,SPK_LUTFI,[shouting],0,"""'Termos'... Rumca 'sıcak' demek! Sonunda bildiğim bir kelime!""","""'Thermos'... that's Greek for 'hot'! Finally, a word I actually know!""",eşya
REACT_MINER_BOOK,,SPK_MINER,,0,Lağımları yazmışlar mı? ...'Bizanslılar buldu' mu yazıyor? Kitap yalan söyler. Ya da söylemez. Kazmaya devam.,Does it mention the tunnels? ...It says the Byzantines found them? Books lie. Or they don't. Keep digging.,eşya
REACT_MINER_CHICKPEAS,,SPK_MINER,,0,Leblebi sessiz yenmez. Lağımda çıtırdarsa yukarıda duyarlar. (Yine de yer) ...Duymadılar.,You can't eat chickpeas quietly. Crunch in the tunnel and they hear it upstairs. (Eats anyway) ...They didn't.,eşya
REACT_MINER_COLOGNE,,SPK_MINER,,0,Limon. Üç gündür toprak kokluyorum. Bu koku beni ağlattı. (Burnunu çeker),Lemon. Three days I've smelled nothing but dirt. This made me cry. (Sniffles),eşya
REACT_MINER_CUBE,,SPK_MINER,,0,"Bir yüzü çevirince öbürleri de kayıyor. Lağım böyledir: bir yeri kazarsın, üç yer çöker.","Turn one face and the others shift. Tunnels are like that: dig in one place, three places cave in.",eşya
REACT_MINER_LIGHTER,,SPK_MINER,,0,"Lağımda ateş yakma! Toprak barutu sever, barut ateşi sever, ateş kimseyi sevmez.","No flames in the tunnel! Earth loves powder, powder loves fire, and fire loves nobody.",eşya
REACT_MINER_PHONE,,SPK_MINER,,0,Işık veriyor. Lağımda mum sönerse bununla bakarım. Kaç saat yanar? ...Yüzde bir mi? Mum daha iyi.,"It gives light. If the candle dies in the tunnel, I'll use this. How long does it last? ...One percent? The candle's better.",eşya
REACT_MINER_POWERBANK,,SPK_MINER,,0,İçinde ne var? Gümüş mü? Bakır mı? (Koklar) Madenci burnum 'kimse bilmez' diyor.,What's inside? Silver? Copper? (Sniffs) My miner's nose says 'nobody knows'.,eşya
REACT_MINER_SELFIE,,SPK_MINER,,0,"Resim mi? Lağımda resim çıkmaz, karanlık. Madencinin yüzünü toprak bilir, bir de karısı.","A picture? Nothing comes out in a tunnel, it's dark. Only the earth knows a miner's face. And his wife.",eşya
REACT_MINER_TAPE,,SPK_MINER,,0,Tavanı bununla tutturabilir miyiz? ...Deneriz. Ölürsek bant suçlu.,"Could we hold up the ceiling with this? ...We'll try. If we die, blame the tape.",eşya
REACT_MINER_THERMOS,,SPK_MINER,,0,"Sıcak çay. Toprağın altı soğuktur. Bu yanımda olsa kazmayı bırakır, çay içerim. Zağanos Paşa duymasın.",Hot tea. It's cold under the earth. With this I'd drop the pick and drink tea. Don't tell Zağanos Pasha.,eşya
REACT_NIHAT_BOOK,,SPK_NIHAT,,0,"""Geleceğe ait bilgi içeren basılı materyal. En ağır ihlal. ...Sayfa 88'deki bıyık da size mi ait?""","""Printed material containing future knowledge. The gravest violation. ...Is the moustache on page 88 also yours?""",eşya
REACT_NIHAT_CHICKPEAS,,SPK_NIHAT,,0,"""Gıda maddeleri serbesttir. ...Bir tane alabilir miyim? Kayıt dışı.""","""Foodstuffs are exempt. ...Might I have one? Off the record.""",eşya
REACT_NIHAT_COLOGNE,,SPK_NIHAT,,0,"""Kolonya, 18. yüzyıl. ...Ama ellerim kurudu. Bir damla.""","""Cologne, eighteenth century. ...But my hands are rather dry. Just a drop.""",eşya
REACT_NIHAT_CUBE,,SPK_NIHAT,,0,"""1974, Macaristan. Beyan edilmemiş. ...Çözebilen biri var mı? Bizim büroda kimse çözemedi.""","""1974, Hungary. Undeclared. ...Has anyone actually solved it? No one at our bureau has.""",eşya
REACT_NIHAT_LIGHTER,,SPK_NIHAT,,0,"""Çakmak, 20. yüzyıl. Form Z-20, ek B.""","""Lighter, twentieth century. Form Z-20, annex B.""",eşya
REACT_NIHAT_PHONE,,SPK_NIHAT,,0,"""Anakronik iletişim cihazı. Form Z-12. Şarj yüzdesini de yazın.""","""Anachronistic communication device. Form Z-12. Please include battery percentage.""",eşya
REACT_NIHAT_POWERBANK,,SPK_NIHAT,,0,"""Lityum pil. Zaman yolculuğunda da uçaktaki gibi kabin bagajında taşınmalıdır.""","""Lithium battery. As with air travel, it must be carried in hand luggage when time travelling.""",eşya
REACT_NIHAT_SELFIE,,SPK_NIHAT,,0,"""Kanıt oluşturma cihazı. Fotoğrafları silmeniz gerekecek. ...Beni de çekmişsiniz.""","""Evidence-generating device. You'll have to delete those photos. ...You've photographed me as well.""",eşya
REACT_NIHAT_TAPE,,SPK_NIHAT,,0,"""Makinenizin yüzde altmışı bu. Biliyoruz. Dosyanızda yazıyor.""","""Sixty percent of your machine is this. We know. It's in your file.""",eşya
REACT_NIHAT_THERMOS,,SPK_NIHAT,,0,"""Çay. 1453'te çay yok. Ama ben de içiyorum. İkimiz de kuralı çiğniyoruz. Bu aramızda kalsın.""","""Tea. There is no tea in 1453. But I'm drinking it too. We are both in breach. Let's keep this between us.""",eşya
REACT_NIKO_BOOK,,SPK_NIKO,,0,"""Harfler çok düz. Bunu kim yazdı, cetvel mi?""","""The letters are so straight. Who wrote this, a ruler?""",eşya
REACT_NIKO_CHICKPEAS,,SPK_NIKO,[shouting],0,"""Nohut! Kavrulmuş! Kırk gündür kuru ekmek yiyorum. Sen... sen iyi casussun.""","""Chickpeas! Roasted! Forty days I've eaten dry bread. You... you're a good spy.""",eşya
REACT_NIKO_COLOGNE,,SPK_NIKO,,0,"""Limon! Venedikliler gibi kokuyorsun. Venedikliler iyidir, gemileri var. Sen gemisizsin.""","""Lemon! You smell like a Venetian. Venetians are good, they have ships. You have no ship.""",eşya
REACT_NIKO_CUBE,,SPK_NIKO,,0,"""Renkli kutu, dönüyor. Ver oynayayım. ...Kırıldı. Zaten kırıktı senin kutun.""","""Colourful box that twists. Give it here. ...It broke. Your box was already broken.""",eşya
REACT_NIKO_LIGHTER,,SPK_NIKO,[shouting],0,"""Deniz ateşi mi bu?! Cebinde mi taşıyorsun? Casus! Büyük casus!"" Tolga (kendi kendine): ""Rum ateşi... tamam, belgeselini izlemiştim.""","""Is that sea fire?! In your pocket? Spy! Big spy!"" Tolga (aside): ""Greek fire... right, I saw a documentary.""",eşya
REACT_NIKO_PHONE,,SPK_NIKO,[shouting],0,"""Küçük ayna ama içinde adam var! Hey adam! Annen de mi ayna?""","""Tiny mirror with a man inside! Oi, man! Was your mother a mirror too?""",eşya
REACT_NIKO_POWERBANK,,SPK_NIKO,,0,"""Fırlatmak için güzel taş. Surdan atayım mı?""","""Nice throwing stone. Shall I chuck it off the wall?""",eşya
REACT_NIKO_REPLAY_1,,SPK_NIKO,,0,"Seni tanıyorum! Ya da tanıyacağım. Ya da tanıdım. Zaman karışık, dostum.","I know you! Or I will. Or I did. Time's a mess, friend.",eşya
REACT_NIKO_REPLAY_2,,SPK_NIKO,,0,Tavuk yine geldi mi? Geldi. Tavuk hep gelir. Sen de hep gelirsin.,Is the chicken back? It is. The chicken always comes back. So do you.,eşya
REACT_NIKO_REPLAY_3,,SPK_NIKO,,0,Bu eşyayı bana gösterdiğinde ben ne demiştim? ...Aynısını diyeyim bari.,What did I say when you showed me this before? ...I'll just say the same thing.,eşya
REACT_NIKO_REPLAY_4,,SPK_NIKO,,0,"Nöbette uyumadım, yemin ederim. Ama bu sahneyi rüyamda gördüm.","I didn't sleep on watch, I swear. But I saw this scene in a dream.",eşya
REACT_NIKO_REPLAY_5,,SPK_NIKO,,0,"Sen gelecekten değil, tekrardan geliyorsun. Anladım seni.","You're not from the future, you're from a rerun. I've figured you out.",eşya
REACT_NIKO_SELFIE,,SPK_NIKO,,0,"Niko poz verir, tavuk Sinerji de kadraja girer: ""Tavuğu da çek. Tavuk Bizanslı.""","Niko strikes a pose; Sinerji the chicken wanders in. ""Get the chicken in. The chicken is Byzantine.""",eşya
REACT_NIKO_TAPE,,SPK_NIKO,,0,"""Surun çatlaklarını bununla kapatalım. ...Kapatmaz mı? O zaman geleceklilerin nesi var?""","""Let's patch the wall cracks with it. ...It won't? Then what good are you future people?""",eşya
REACT_NIKO_THERMOS,,SPK_NIKO,,0,"""Sıcak ama tencere değil! Sihirli testi! İmparatora götür, madalya verir. Bana da iki madalya.""","""Hot, but not a pot! Magic jug! Take it to the Emperor, he'll give you a medal. Get me two.""",eşya
REACT_NOTARY_BOOK,,SPK_NOTARY,,0,"Bu kitabı onaylayamam. Yazarı belli değil, tarihi belli değil. Tarih kitabının tarihi belli değil. İroni.","I can't certify this book. No author, no date. A history book without a date. Irony.",eşya
REACT_NOTARY_CHICKPEAS,,SPK_NOTARY,,0,Leblebi. Bir çuval leblebinin devri için iki şahit gerekir. (Bir tane yer) ...Şahit benim.,Chickpeas. Transferring a sack of chickpeas requires two witnesses. (Eats one) ...I'm a witness.,eşya
REACT_NOTARY_COLOGNE,,SPK_NOTARY,,0,Limon kokusu. Güzel. Ama kokuların noter onayı yoktur. Bu koku hukuken yok.,"Lemon. Lovely. But scents can't be notarised. Legally, this smell doesn't exist.",eşya
REACT_NOTARY_CUBE,,SPK_NOTARY,,0,"Altı yüz, hepsi farklı renk. Bu küp bir sözleşme olsaydı, her maddesi birbirini iptal ederdi.","Six faces, all different. If this cube were a contract, every clause would cancel another.",eşya
REACT_NOTARY_LIGHTER,,SPK_NOTARY,,0,Mühür mumu için ateş mi? Çok nazik. Ama önce ateş için bir dilekçe.,"Fire for the sealing wax? How kind. But first, a petition for the fire.",eşya
REACT_NOTARY_PHONE,,SPK_NOTARY,,0,Bu belge mühürsüz. Mühürsüz belge noterlikte yoktur. ...Işık saçan belge de yoktur ama bu var. Kafam karıştı.,"This document is unsealed. Unsealed documents don't exist at a notary's. ...Nor do glowing ones, yet here it is. I'm confused.",eşya
REACT_NOTARY_POWERBANK,,SPK_NOTARY,,0,Kutunun içeriği beyan edilmemiş. Beyan edilmemiş kutuya mühür basmam. Ağırmış ama.,"The contents of this box are undeclared. I don't seal undeclared boxes. Heavy, though.",eşya
REACT_NOTARY_SELFIE,,SPK_NOTARY,,0,Portre mi? İki şahit ve bir mühür olmadan bu portre hukuken sen değilsin.,"A portrait? Without two witnesses and a seal, legally that isn't you.",eşya
REACT_NOTARY_TAPE,,SPK_NOTARY,,0,Mühür yerine bant mı? Bu... noterliğin sonu olur. (Bir parça keser) Arşiv için. Delil olarak.,Tape instead of a seal? That would be the end of notaries. (Tears off a strip) For the archive. As evidence.,eşya
REACT_NOTARY_THERMOS,,SPK_NOTARY,,0,Çay. Resmî bir içecek değil. (İçer) ...Tutanağa 'resmî değil ama güzel' diye geçiyorum.,"Tea. Not an official beverage. (Drinks) ...I'll note in the minutes: 'unofficial, but good'.",eşya
REACT_PAINTER_BOOK,,SPK_PAINTER,,0,"[Yunanca] Kitaptaki resimler... düz, perspektifsiz, renkleri soluk. Beğendim. Bizim gibi.","[Greek] The pictures in this book... flat, no perspective, pale colours. I like it. Like ours.",eşya
REACT_PAINTER_CHICKPEAS,,SPK_PAINTER,,0,"[Yunanca] Boyadan önce ekmek, ekmekten önce leblebi. (Yer) Bu sıralama doğru.","[Greek] Bread before paint, chickpeas before bread. (Eats) That order is correct.",eşya
REACT_PAINTER_COLOGNE,,SPK_PAINTER,,0,[Yunanca] Limon kokusu. Taze boyanın kokusunu bastırır. İyi. Boyam kötü kokar.,[Greek] Lemon. It covers the smell of fresh paint. Good. My paint stinks.,eşya
REACT_PAINTER_CUBE,,SPK_PAINTER,,0,"[Yunanca] Altı renk! Ama altın yok. Eksik bir şey bu. Altın ekle, ikon olsun.",[Greek] Six colours! But no gold. Something's missing. Add gold and it's an icon.,eşya
REACT_PAINTER_LIGHTER,,SPK_PAINTER,,0,[Yunanca] Ateş yakıyorsan altın varakları uzak tut. Altın erirse gözyaşım da erir.,"[Greek] Keep your flame away from the gold leaf. If the gold melts, so will my tears.",eşya
REACT_PAINTER_PHONE,,SPK_PAINTER,,0,[Yunanca] Işık saçan küçük bir ikon! Kimin yüzü var? ...Seninki mi? Tuhaf bir aziz.,[Greek] A small icon that glows! Whose face is on it? ...Yours? A strange saint.,eşya
REACT_PAINTER_POWERBANK,,SPK_PAINTER,,0,[Yunanca] Siyah bir kutu. Siyahı sevmem. Ama kutuyu sevdim.,[Greek] A black box. I don't like black. But I like the box.,eşya
REACT_PAINTER_SELFIE,,SPK_PAINTER,,0,"[Yunanca] Kendini resmediyorsun? Tek bir anda? Sanatım bitti. ...Hayır, bitmedi. Seninki renksiz.","[Greek] You paint yourself? In an instant? My art is finished. ...No, it isn't. Yours has no colour.",eşya
REACT_PAINTER_TAPE,,SPK_PAINTER,,0,[Yunanca] Bununla tuvali gerersem... (Gerer) Mükemmel. Bizans'ta bundan yok. Olmalıydı.,[Greek] If I stretch the canvas with this... (Stretches) Perfect. We don't have this in Byzantium. We should.,eşya
REACT_PAINTER_THERMOS,,SPK_PAINTER,,0,[Yunanca] Sıcak içecek. Fırçam da ısınsın. Soğuk fırça kötü aziz çizer.,[Greek] A hot drink. Let my brush warm up too. A cold brush paints bad saints.,eşya
REACT_PASHA_BOOK,,SPK_PASHA,,0,"(Sayfaları çevirir) Benim adım geçiyor mu? ...Geçiyor. Ne yazıyor? Hayır, söyleme. Söyle. Hayır, söyleme.","(Turns pages) Am I in it? ...I am. What does it say? No, don't tell me. Tell me. No, don't.",eşya
REACT_PASHA_CHICKPEAS,,SPK_PASHA,,0,Leblebi. Kadri'nin mutfağından mı? Kadri tuzu ağır koyar. Diplomasi de öyle.,Chickpeas. From Kadri's kitchen? Kadri salts heavily. So does diplomacy.,eşya
REACT_PASHA_COLOGNE,,SPK_PASHA,,0,Limon. Divanda bunu sürenler en çok yalan söyleyenlerdir. Sen dürüst görünüyorsun. Sürme.,"Lemon. At the Council, those who wear this tell the most lies. You look honest. Don't wear it.",eşya
REACT_PASHA_CUBE,,SPK_PASHA,,0,"Bir yüzü düzeltirsin, öbürü bozulur. Ben bunu kırk yıldır divanda yapıyorum.","Fix one face, another breaks. I've been doing this at the Imperial Council for forty years.",eşya
REACT_PASHA_LIGHTER,,SPK_PASHA,,0,Küçük bir ateş. Bu ordugâhta herkes büyüğünü istiyor. Ben hep küçüğünden yanayım.,A small fire. Everyone in this camp wants a big one. I have always preferred small fires.,eşya
REACT_PASHA_PHONE,,SPK_PASHA,,0,Küçük ışıklı resimler. Bir devlet bununla yönetilse kimse kimseyi dinlemezdi. ...Ya da herkes herkesi dinlerdi.,"Tiny glowing pictures. If a state were run with this, nobody would listen to anybody. ...Or everybody would listen to everybody.",eşya
REACT_PASHA_POWERBANK,,SPK_PASHA,,0,"Gücünü içinde saklıyor, kimseye göstermiyor. İyi bir vezir gibi.",It keeps its power inside and shows no one. Like a good vizier.,eşya
REACT_PASHA_SELFIE,,SPK_PASHA,,0,"Resmimi mi yaptın? Sil. Bir sadrazamın resmi ortada kalırsa, bir gün biri onu delil diye kullanır.","Did you make my portrait? Erase it. A grand vizier's picture, left lying around, becomes evidence one day.",eşya
REACT_PASHA_TAPE,,SPK_PASHA,,0,Her şeyi birbirine yapıştırıyor. Keşke Galata ile ordugâhı da yapıştırsa.,It sticks everything together. If only it could stick Galata to this camp.,eşya
REACT_PASHA_THERMOS,,SPK_PASHA,,0,"Kuşatmanın ortasında sıcak çay. Barışın tadı böyledir: az, sıcak ve sende.","Hot tea in the middle of a siege. That's what peace tastes like: scarce, warm, and in your hands.",eşya
REACT_SOLDIER_BOOK,,SPK_SOLDIER,,0,Okuyamam. Ama resimler güzel. Bu at kimin? Benim atım da böyle kahverengiydi.,I can't read. But the pictures are nice. Whose horse is that? Mine was brown like that too.,eşya
REACT_SOLDIER_CHICKPEAS,,SPK_SOLDIER,,0,(Bir avuç alır) Casus leblebisi. Zehirli mi? (Yer) ...Zehirliyse bile güzel.,"(Takes a handful) Spy chickpeas. Poisoned? (Eats) ...Even if they are, they're good.",eşya
REACT_SOLDIER_COLOGNE,,SPK_SOLDIER,,0,(Yüzüne sürer) Frenk suyu! Artık ben de Frenk oldum mu? Beni de yakalarlar mı?,(Splashes it on his face) Frank water! Am I a Frank now? Will they catch me too?,eşya
REACT_SOLDIER_CUBE,,SPK_SOLDIER,[hesitant],0,Renkli taş! Çevireyim... çevireyim... Bozdum mu? Sen bozdun. Ben görmedim.,Coloured stone! Let me turn it... turn it... Did I break it? You broke it. I saw nothing.,eşya
REACT_SOLDIER_LIGHTER,,SPK_SOLDIER,,0,"Çakmaktaşı mı? Benimki üç vuruşta yanar, seninki tek vuruşta. Frenkler her şeyi hızlı yapıyor.","A flint? Mine takes three strikes, yours takes one. The Franks do everything fast.",eşya
REACT_SOLDIER_PHONE,,SPK_SOLDIER,[shouting],0,Işıklı büyü! Casus aleti bu! ...Bakabilir miyim? Anneme göstermek istiyorum.,Glowing sorcery! A spy's device! ...Can I look? I want to show my mother.,eşya
REACT_SOLDIER_POWERBANK,,SPK_SOLDIER,,0,"Bu ne, gülle mi? Çok küçük, topa sığmaz. Topçulara da söylemem, yoksa sığdırmaya çalışırlar.","What's this, a cannonball? Too small, won't fit the cannon. I won't tell the gunners, they'd try to make it fit.",eşya
REACT_SOLDIER_SELFIE,,SPK_SOLDIER,,0,Beni de çiz! ...Çizdin mi? Ben böyle miyim? Başım çok büyük çıkmış. Annem hep 'koca kafa' derdi.,Draw me too! ...Done? Is that me? My head's huge. Mother always called me 'big head'.,eşya
REACT_SOLDIER_TAPE,,SPK_SOLDIER,,0,Ellerimi mi bağlayacaksın? Hayır mı? O zaman ben seni bağlayayım. ...Bu nasıl açılıyor?,Going to tie my hands? No? Then I'll tie yours. ...How does this open?,eşya
REACT_SOLDIER_THERMOS,,SPK_SOLDIER,[hesitant],0,Sıcak! Annem de böyle bakır testide çay... yani ayran... yani su getirirdi. Özledim.,It's hot! My mother used to bring tea like this in a copper jug... I mean ayran... I mean water. I miss her.,eşya
REACT_TAILOR_BOOK,,SPK_TAILOR,,0,"Resimlerde herkesin kıyafeti yanlış çizilmiş. Bu kaftanın yakası böyle olmaz. Ressamın adresini ver, fatura keseceğim.","Every outfit in these pictures is wrong. That kaftan collar is all wrong. Give me the painter's address, I'll send him an invoice.",eşya
REACT_TAILOR_CHICKPEAS,,SPK_TAILOR,,0,Leblebi mi? Faturamı leblebiyle ödemeye kalkan ilk kişi değilsin. ...Kabul. Açım.,Chickpeas? You're not the first to try paying my invoice in chickpeas. ...Accepted. I'm starving.,eşya
REACT_TAILOR_COLOGNE,,SPK_TAILOR,,0,"Limon! Venedik'te bunu parfüm diye satarız, üç duka. Sen bunu ellerine mi döküyorsun? Barbar.","Lemon! In Venice we'd sell this as perfume, three ducats. And you pour it on your hands? Barbarian.",eşya
REACT_TAILOR_CUBE,,SPK_TAILOR,,0,"Altı renk, hiçbiri birbirine uymuyor. Tıpkı muhafızların kıyafetleri gibi. Ben söyledim, dinlemediler.","Six colours, none of them match. Just like the guards' uniforms. I told them. Nobody listens.",eşya
REACT_TAILOR_LIGHTER,,SPK_TAILOR,[shouting],0,"Ateş! Kumaşın yanında yakma! Bu ipek Venedik'ten geldi, ateşle tanışması gerekmiyor.","Fire! Not near the fabric! This silk came from Venice, it has no need to meet fire.",eşya
REACT_TAILOR_PHONE,,SPK_TAILOR,,0,"Bu ne, ayna mı? Kendimi görüyorum ama ben aslında daha yakışıklıyım. Ölçüsünü alayım: bir karış eksi bir parmak.","A mirror? I see myself, but I'm handsomer in person. Let me measure it: one span minus a finger.",eşya
REACT_TAILOR_POWERBANK,,SPK_TAILOR,,0,"Ağır, küçük, işe yaramaz görünüyor. Venedik'te bunun adı 'damat'.","Heavy, small, looks useless. In Venice we call that a 'son-in-law'.",eşya
REACT_TAILOR_SELFIE,,SPK_TAILOR,,0,"Kendine uzaktan bakmak mı? Bak, ceket omuzdan düşüyor. Gel, iğneleyeyim.","Looking at yourself from afar? See, the jacket droops at the shoulder. Come here, let me pin it.",eşya
REACT_TAILOR_TAPE,,SPK_TAILOR,,0,"Dikiş yerine bant mı? Mamma mia. Bunu gördüğümü kimseye söyleme, loncadan atılırım.","Tape instead of stitches? Mamma mia. Tell no one I saw this, I'd be thrown out of the guild.",eşya
REACT_TAILOR_THERMOS,,SPK_TAILOR,,0,Saatlerce sıcak kalan çay mı? Keşke Sultan'ın hazinesi de faturalarıma bu kadar sıcak baksa.,Tea that stays hot for hours? If only the Sultan's treasury were that warm towards my invoices.,eşya
REACT_THEODOROS_BOOK,,SPK_THEODOROS,,0,"[Yunanca] ""Kaç nüsha? Bir mi? Yedi olmalı.""","[Greek] ""How many copies? One? There should be seven.""",eşya
REACT_THEODOROS_CHICKPEAS,,SPK_THEODOROS,,0,"[Yunanca] ""Yiyecekler gümrük odasına. Üçüncü kat. Salı günleri.""","[Greek] ""Foodstuffs go to the customs office. Third floor. Tuesdays.""",eşya
REACT_THEODOROS_COLOGNE,,SPK_THEODOROS,,0,"[Yunanca] ""Hoş bir koku. Memurlara hediye vermek yasaktır."" (Şişeyi cebine koyar)","[Greek] ""A pleasant scent. Gifts to officials are forbidden."" (Pockets the bottle)",eşya
REACT_THEODOROS_CUBE,,SPK_THEODOROS,,0,"[Yunanca] ""Renklere göre sınıflandırma. Kusursuz bir arşiv sistemi. Bunu kim tasarladı?""","[Greek] ""Classification by colour. A flawless archival system. Who designed this?""",eşya
REACT_THEODOROS_LIGHTER,,SPK_THEODOROS,,0,"[Yunanca] ""Arşivimde ateş mi? Dışarı. Sonra tekrar sıraya girin.""","[Greek] ""Fire? In my archive? Out. Then rejoin the queue.""",eşya
REACT_THEODOROS_PHONE,,SPK_THEODOROS,,0,"[Yunanca] ""Bu belgenin mührü yok. Mühürsüz belge yoktur.""","[Greek] ""This document is unsealed. An unsealed document does not exist.""",eşya
REACT_THEODOROS_POWERBANK,,SPK_THEODOROS,,0,"[Yunanca] ""Kâğıt ağırlığı olarak kabul edilmiştir. Teşekkürler."" (Masasına koyar)","[Greek] ""Accepted as a paperweight. Thank you."" (Places it on his desk)",eşya
REACT_THEODOROS_SELFIE,,SPK_THEODOROS,,0,"[Yunanca] ""Kendi portrenizi mi yapıyorsunuz? Portre izni ikinci odada.""","[Greek] ""You are making your own portrait? Portrait permits are in the second room.""",eşya
REACT_THEODOROS_TAPE,,SPK_THEODOROS,,0,"[Yunanca] ""Mühürleri bununla birleştirmek sahteciliktir. Sahtecilik formu dördüncü odada.""","[Greek] ""Joining seals with this constitutes forgery. Forgery forms are in the fourth room.""",eşya
REACT_THEODOROS_THERMOS,,SPK_THEODOROS,[hesitant],0,"[Yunanca] ""Sıcak içecek... (bir yudum) ...Bu belgeyi bugün işleme alırım.""","[Greek] ""A hot drink... (a sip) ...I shall process this document today.""",eşya
REACT_URBAN_BOOK,,SPK_URBAN,,0,"Tolga sayfayı gösterir: ""Büyük top çatladı."" Urban: ""Kitabı yazan topçu mu? Değil. O zaman sussun.""","Tolga shows the page: ""The great cannon cracked."" Urban: ""Was the author a gunner? No? Then he can keep quiet.""",eşya
REACT_URBAN_CHICKPEAS,,SPK_URBAN,,0,"""Gülle mi bunlar? Çok küçük. Her şey çok küçük.""","""Cannonballs? Too small. Everything is too small.""",eşya
REACT_URBAN_COLOGNE,,SPK_URBAN,,0,"(Koklar) ""Topçu barut kokar. Sen bana limon mu sürüyorsun?""","(Sniffs) ""A gunner smells of powder. You're putting lemon on me?""",eşya
REACT_URBAN_CUBE,,SPK_URBAN,[sad],0,"""Bu Macar mı? ...Macar. Hissediyorum. Vatanım."" (Gözleri dolar)","""Is this Hungarian? ...It is. I can feel it. My homeland."" (Welling up)",eşya
REACT_URBAN_LIGHTER,,SPK_URBAN,,0,"""Fitili tek seferde mi yakıyor? Yağmurda da mı? Bu adamı topçu yapın!""","""Lights a fuse first time? Even in rain? Make this man a gunner!""",eşya
REACT_URBAN_PHONE,,SPK_URBAN,,0,"""Bu kutu hesap yapıyor! İçinde cin var. Cini satın alırım. Kaç duka?""","""This box does sums! There's a djinn inside. I'll buy the djinn. How many ducats?""",eşya
REACT_URBAN_POWERBANK,,SPK_URBAN,,0,"""Ağır, sıcak, güçlü. Bunu topun içine koysak ne olur?"" Tolga: ""Lütfen koymayalım.""","""Heavy, warm, powerful. What if we put it in the cannon?"" Tolga: ""Let's please not.""",eşya
REACT_URBAN_REPLAY_1,,SPK_URBAN,[shouting],0,Bunu bana daha önce gösterdin! Top da daha önce patladı mı? Söyleme! Söyle! Söyleme!,You've shown me this before! Did the cannon blow up before too? Don't tell me! Tell me! Don't!,eşya
REACT_URBAN_REPLAY_2,,SPK_URBAN,,0,"Tekrar tekrar geliyorsun. Benim topum gibi: her seferinde biraz daha büyük, biraz daha çatlak.","You keep coming back. Like my cannon: a bit bigger each time, a bit more cracked.",eşya
REACT_URBAN_REPLAY_3,,SPK_URBAN,,0,Deja vu! Bu Macarca değil ama anladım. Bir şey tekrar ediyor.,Déjà vu! That's not Hungarian but I get it. Something is repeating.,eşya
REACT_URBAN_REPLAY_4,,SPK_URBAN,,0,"Senin yüzünü hatırlıyorum. Bir de fesini. Bir de... patlamayı? Hayır, hayır.","I remember your face. And your fez. And... an explosion? No, no.",eşya
REACT_URBAN_REPLAY_5,,SPK_URBAN,,0,Yine bant mı getirdin? Getirdin. Hep getiriyorsun. Ver bakalım.,Brought tape again? You did. You always do. Hand it over.,eşya
REACT_URBAN_SELFIE,,SPK_URBAN,,0,"""Uzun, ince, boş. Namlu için fazla ince. Değersiz.""","""Long, thin, hollow. Too thin for a barrel. Worthless.""",eşya
REACT_URBAN_TAPE,,SPK_URBAN,,0,"""Çatlağı yapışkan bezle mi kapatacağım? ...Deneyelim.""","""Patch my crack with sticky cloth? ...Let's try it.""",eşya
REACT_URBAN_THERMOS,,SPK_URBAN,,0,"""Sıcağı saklayan kap mı? Bronz dökerken işime yarar.""","""A vessel that keeps heat? Useful when casting bronze.""",eşya
REACT_WINE_BOOK,,SPK_WINE,,0,"Galata yazıyor mu? Şarap yazıyor mu? Yazmıyor mu? Kötü kitap. Noter'e götür, belki onaylar.","Does it mention Galata? Wine? No? Bad book. Take it to the notary, maybe he'll certify it.",eşya
REACT_WINE_CHICKPEAS,,SPK_WINE,,0,Leblebiyle şarap mı? ...Aslında fena fikir değil. Bir fıçıya iki çuval. Pazarlık yok.,Chickpeas with wine? ...Actually not a bad idea. One barrel for two sacks. No haggling.,eşya
REACT_WINE_COLOGNE,,SPK_WINE,,0,"(Koklar) Limon ve ispirto. Bunu şarap diye satabilirim, kimse fark etmez. Şaka. ...Kaç şişe var?","(Sniffs) Lemon and spirits. I could sell this as wine, nobody would notice. Joking. ...How many bottles have you got?",eşya
REACT_WINE_CUBE,,SPK_WINE,,0,"Çevir, çevir, hepsi karışık. Tıpkı Lomellino'nun defterleri. Noter'e götür, belki o çözer.","Turn, turn, all mixed up. Like Lomellino's ledgers. Take it to the notary, maybe he'll solve it.",eşya
REACT_WINE_LIGHTER,,SPK_WINE,,0,Fıçıların yanında ateş yok! Şarap yanmaz ama fıçı yanar. Fıçı yanarsa ben ağlarım.,"No fire near the barrels! Wine won't burn, but barrels do. If the barrels burn, I weep.",eşya
REACT_WINE_PHONE,,SPK_WINE,[excited],0,"Bu ne, hesap tahtası mı? Kaç fıçı sayıyor? Hiç mi? O zaman işime yaramaz. Sıradaki!","What's this, an abacus? How many barrels can it count? None? Then it's useless to me. Next!",eşya
REACT_WINE_POWERBANK,,SPK_WINE,,0,Ağır bir kutu. İçinde para mı var? Yok mu? O zaman neden taşıyorsun?,A heavy box. Money inside? No? Then why carry it?,eşya
REACT_WINE_SELFIE,,SPK_WINE,,0,Resmimi mi yapıyorsun? Tezgâhı da al! Altına 'Galata'nın en iyi şarabı' yaz.,Painting me? Get the stall in too! Write 'Galata's finest wine' underneath.,eşya
REACT_WINE_TAPE,,SPK_WINE,[shouting],0,"Fıçı sızdırıyor, bununla sararsam... (Sarar) Tutuyor! Bu kaç duka? Kaçma, soruma cevap ver!","The barrel leaks, if I wrap it... (Wraps it) It holds! How many ducats? Don't run off, answer me!",eşya
REACT_WINE_THERMOS,,SPK_WINE,,0,"Çay mı? Burası şarap tezgâhı, dostum. Çay içen adama güvenmem. ...Bir yudum ver.","Tea? This is a wine stall, friend. I don't trust a tea drinker. ...Give me a sip.",eşya
SPK_AGENT2,,SPK_AGENT1,,0,Ajan 12/b,Agent 12/b,kod
D1P_H_02,1,SPK_HIKMET,,0,Kimse ölmedi evlâdım. Henüz. Uyuyor muydun?,"Nobody died, son. Yet. Were you asleep?",kod
D1P_H_04,1,SPK_HIKMET,[excited],0,"Güzel, demek dinlendin. Hemen garaja gel!","Good, so you're rested. Come to the garage. Now!",kod
D1P_H_06,1,SPK_HIKMET,,0,Sabah dokuz... Ne kadar da göreceli bir kavram. Beş dakikan var.,Nine in the morning... Such a relative concept. You have five minutes.,kod
D1P_H_08,1,SPK_HIKMET,[shouting],0,TOLGAAA! Terliğimi de getir!,TOLGAAA! And bring my slipper back!,kod
D1P_T_01,1,SPK_TOLGA,,0,Mmh... Alo? Kim öldü?,Mmh... Hello? Who died?,kod
D1P_T_03,1,SPK_TOLGA,,0,"Saat gecenin üçü, Hikmet Amca. Tabii ki uyuyordum.","It's three in the morning, Hikmet. Of course I was asleep.",kod
D1P_T_05,1,SPK_TOLGA,,0,Sabah konuşsak? Dokuzda poliçe toplantım var...,Can't it wait till morning? I've got a policy meeting at nine...,kod
D1P_T_07,1,SPK_TOLGA,,0,Beş dakika daha uyurum o zaman...,Then I'll sleep five more minutes...,kod
D1P_T_09,1,SPK_TOLGA,[shouting],0,"Tamam, tamam! Geliyorum! Kravatımı takayım bari...","Okay, okay! I'm coming! Let me at least put on a tie...",kod
D1P_T_10,1,SPK_TOLGA,,0,Terlikle davet. Klasik Hikmet Amca.,An invitation by slipper. Classic Hikmet.,kod
D1_H_01,1,SPK_HIKMET,,0,"Evlâdım, gel bir bak şuna. Büyük bir buluş yaptım.","Son, come and look at this. I've made a great discovery.",oyun
D1_H_02,1,SPK_HIKMET,,0,Deneyecek birine ihtiyacım var. Tercihen sigortalı.,I need someone to test it. Preferably someone insured.,oyun
D1_H_04,1,SPK_HIKMET,,0,Zamanatör 3000. Zaman makinesi.,The Chrono-Matic 3000. A time machine.,oyun
D1_H_06,1,SPK_HIKMET,,0,Makinede sadece bir sorun var: çalışıyor. Bunu hiç beklemiyordum.,There's only one problem with it: it works. I never expected that.,oyun
D1_H_07B,1,SPK_HIKMET,,0,Gidebilirsin evlât. Makine çalışıyor dedim ya.,"You could, son. I told you, the machine works.",kod
D1_H_08,1,SPK_HIKMET,,0,"Tamam, tamam. Ama o kıyafetle mi?",You could. In those clothes?,oyun
D1_H_10,1,SPK_HIKMET,,0,"Hiç yakışmadı. Ama kim bilir, orada moda olabilir.","Doesn't suit you at all. But who knows, it might be in fashion there.",oyun
D1_H_12,1,SPK_HIKMET,,0,"Hangi dönem, onu dedi mi?",Did they say which period?,oyun
D1_H_13,1,SPK_HIKMET,,0,Şimdi çanta. Etrafta işe yarar ne varsa al. Ama beşten fazla sığmaz.,"Now, the bag. Take anything useful. But it won't fit more than five.",oyun
D1_H_14,1,SPK_HIKMET,,0,"Beşten fazla sığmaz. Ben denedim, çanta patladı. O yüzden koli bandı var.",It won't take more than five. I tried. The bag exploded. That's why there's duct tape.,oyun
D1_H_15,1,SPK_HIKMET,,0,"Dur, bir şey daha.","Wait, one more thing.",oyun
D1_H_16,1,SPK_HIKMET,,0,"Bu telsiz, bu kumanda. Koli bandıyla birleştirdim.",This is a radio. This is a remote. I've taped them together.,oyun
D1_H_17,1,SPK_HIKMET,,0,Kırmızı düğme acil dönüş. İlk 10 dakika koşulsuz iade garantisi var.,The red button is the emergency return. There's a no-questions-asked refund guarantee for the first ten minutes.,oyun
D1_H_18,1,SPK_HIKMET,,0,Diğer düğmeler... kanal değiştiriyor olabilir.,The other buttons... might change the channel.,oyun
D1_H_19,1,SPK_HIKMET,,0,Bir de: o kırmızı düğmeye basma. Ciddiyim.,And one more thing: don't press the red button. I mean it.,oyun
D1_H_21,1,SPK_HIKMET,,0,Acil olursa bas. Acil değilse basma. Basit.,Press it if it's an emergency. Don't if it isn't. Simple.,oyun
D1_H_22,1,SPK_HIKMET,,0,Hadi. Paneldeki tuşlara yılı yaz.,Go on. Type the year on the panel.,oyun
D1_H_23,1,SPK_HIKMET,,0,On dört elli üç... Saat mi yazdın evlât?,"Fourteen fifty-three... Did you type a time, son?",oyun
D1_H_25,1,SPK_HIKMET,,0,"Makine öyle okudu. Neyse, saat de sayılır. Platforma çık.","That's how the machine read it. Never mind, a time's a time. Get on the platform.",oyun
D1_H_26,1,SPK_HIKMET,[shouting],0,Takıldı! Tekme lazım!,It's stuck! It needs a kick!,oyun
D1_H_27,1,SPK_HIKMET,,0,Hep böyle çalışır.,Works every time.,oyun
D1_H_29,1,SPK_HIKMET,,0,"Paneli çatlattın. Neyse, bantlarız.","You cracked the panel. Never mind, we'll tape it.",oyun
D1_H_30,1,SPK_HIKMET,,0,"Padişah'a benden selam söyle! Bir de sor, o toplar kaç volt?",Say hello to the Sultan for me! And ask him how many volts those cannons are!,oyun
D1_H_31,1,SPK_HIKMET,,0,Daha gitmedin ki. Nereden döndün?,You haven't even left. Where did you come back from?,oyun
D1_H_DEMO_1,1,SPK_HIKMET,,0,"Dur, göstereyim. Terliği bir dakikalığına yolluyorum.","Here, let me show you. I'm sending my slipper off for a minute.",kod
D1_H_DEMO_2,1,SPK_HIKMET,,0,...Döndü. İçinde ok var.,...It's back. There's an arrow in it.,kod
D1_H_DEMO_4,1,SPK_HIKMET,,0,Kadranda 1453 yazıyordu. Ben de şimdi fark ettim.,The dial said 1453. I've only just noticed.,kod
D1_H_IDLE_1,1,SPK_HIKMET,,0,"Makineye çok yaklaşma, saçlarını çekiyor.",Don't stand too close to the machine. It pulls your hair.,ad
D1_H_IDLE_2,1,SPK_HIKMET,,0,O çerçeve mi? Boş. Şimdilik.,That frame? It's empty. For now.,ad
D1_H_IDLE_3,1,SPK_HIKMET,,0,Duvardaki takvim mi? 1977. Değiştirmeye elim gitmedi.,The calendar? 1977. I never got round to changing it.,ad
D1_H_IDLE_4,1,SPK_HIKMET,,0,Fes kaşındırıyor mu? Dönem otantikliği evlât.,"Is the fez itchy? That's period authenticity, son.",ad
D1_H_KICK_STRONG,1,SPK_HIKMET,[shouting],0,Yavaş! O panelin garantisi yok!,Easy! That panel has no warranty!,kod
D1_H_KICK_WEAK,1,SPK_HIKMET,[excited],0,Bu tekme mi? Kapı çalıyorsun sanki. Bir daha!,Call that a kick? You're knocking on a door. Again!,oyun
D1_H_KICK_WEAK2,1,SPK_HIKMET,[shouting],0,"Bacağınla değil, öfkenle vur evlat! 1977'de düğünde ne yaptıysam onu yap!","Not with your leg, son, with your rage! Do what I did at that wedding in 1977!",ad
D1_H_YEAR_1977,1,SPK_HIKMET,,0,...O yıl benim. Dokunma.,...That year's mine. Don't touch it.,kod
D1_H_YEAR_2026,1,SPK_HIKMET,,0,Zaten oradayız evlât.,"We're already there, son.",kod
D1_T_03,1,SPK_TOLGA,,0,"Hikmet Amca, saat gecenin üçü... Ne bu şimdi?","Hikmet, it's three in the morning. What is this?",oyun
D1_T_05,1,SPK_TOLGA,,0,Dur dur dur. Bu... gerçekten çalışıyor mu?,...Does it work?,oyun
D1_T_07,1,SPK_TOLGA,,0,Dur... Yani ben bu kafayla 1453'e gidebilir miyim?,Wait. Could I go to 1453? With everything I know now? I've watched twenty documentaries!,oyun
D1_T_07C,1,SPK_TOLGA,,0,"Ben 1453 hakkında kaç tane belgesel izledim, biliyor musun?",Do you know how many documentaries I've watched about 1453?,kod
D1_T_09,1,SPK_TOLGA,[shouting],0,Haklısın ya. Kıyafet lazım... Dur! Şirketin 'Osmanlı Gecesi' kostümü bende kalmıştı!,You're right. I need period clothing. I've still got the costume from the office Ottoman Night!,oyun
D1_T_11,1,SPK_TOLGA,,0,Ama kostümcü 'tam dönem' dedi.,The costume shop said it was 'totally period'.,oyun
D1_T_20,1,SPK_TOLGA,,0,Ama az önce acil dönüş dedin?,You just said it was the emergency return.,oyun
D1_T_24,1,SPK_TOLGA,[excited],0,Bin dört yüz elli üç yazdım ya!,I typed fourteen fifty-three! The year!,oyun
D1_T_28,1,SPK_TOLGA,[shouting],0,Ay! Ayağım! Ayağım gitti!,Ow! My foot!,oyun
D1_T_DEMO_3,1,SPK_TOLGA,[panicked],1,Bu ok gerçek! Tüyleri bile var! Nereye gitti bu terlik?,That arrow's real! It's even got feathers! Where did that slipper go?,kod
D1_T_MIRROR,1,SPK_TOLGA,,0,"Redingot... Parti için almıştım. Hikmet Amca 'dönem kostümü' dedi ama hangi dönem, onu söylemedi.",A frock coat. For the party. Uncle Hikmet said 'period costume'. He didn't say which period.,kod
D1_T_MIRROR_FEZ,1,SPK_TOLGA,,0,"Fes de yakıştı ha. Biraz. Yarım yamalak. Tamam, yakışmadı... ama dönemsel.","The fez suits me too. A bit. Half. Fine, it doesn't, but it's period.",kod
D1_T_YEAR_OTHER,1,SPK_TOLGA,,0,"Yok yok, bu değil. 1453 yazacaktım.","No, no. It was supposed to be 1453.",kod
D2_HA_11,2,SPK_HASAN,,0,Az önce yokuştan bir fes kaymadı mı?,Didn't a fez just slide down that hill?,oyun
D2_HA_11_NOFEZ,2,SPK_HASAN,,0,Az önce yokuştan biri kaymadı mı? Redingotlu biri?,Didn't someone just slide down that hill? Someone in a frock coat?,varyant
D2_HA_13,2,SPK_HASAN,[excited],0,Hüseyin'im!,I'm Hüseyin!,oyun
D2_HU_12,2,SPK_HUSEYIN,,0,"Kaymadı, Hasan.","It did not, Hasan.",oyun
D2_H_02,2,SPK_HIKMET,,0,Evlât! Ses geliyor mu? Vardın mı?,Son! Can you hear me? Did you get there?,oyun
D2_H_04,2,SPK_HIKMET,[shouting],0,"Gemi mi? Yokuşta mı? Evlât, 22 Nisan'dasın! Gemiler karadan yürütülüyor!","A ship? On a hill? Son, it's the 22nd of April! They're hauling the ships overland!",oyun
D2_H_07,2,SPK_HIKMET,[excited],0,KOŞ!,RUN!,oyun
D2_H_09,2,SPK_HIKMET,,0,Yakında kıyı var ama askerler de var. Uzakta bir zincir görüyorum... Yani sen görüyorsun.,"There's a shore nearby, but there are soldiers too. I can see a chain in the distance... well, you can.",oyun
D2_H_17,2,SPK_HIKMET,,0,Bu sahneye bütçe yetmedi evlât.,"We didn't have the budget for this scene, son.",oyun
D2_H_19,2,SPK_HIKMET,,0,Şehir tarafına yürü. Zincirin üstünde. Dengeni koru.,Walk to the city side. On the chain. Keep your balance.,oyun
D2_H_24,2,SPK_HIKMET,,0,O kadar mı? Makineyi bir yılda yaptım.,That's it? I spent a year building that machine.,oyun
D2_H_AFTER_WARRANTY,2,SPK_HIKMET,,0,"Garanti bitti. Ben bir şey yapacağım, bekle.",The warranty's expired. I'll sort something out. Hang on.,kod
D2_H_RADIO_NO,2,SPK_HIKMET,[excited],0,Meşgul mü? Ben burada terliyorum!,Busy? I'm sweating over here!,kod
D2_H_RADIO_YES,2,SPK_HIKMET,,0,Oh be. Sesini duymak güzel. Şimdi koş.,"Oh, thank goodness. Good to hear you. Now run.",oyun
D2_H_SWIM_BOAT,2,SPK_HIKMET,[shouting],0,"(Telsiz) Kayık geliyor! Yaklaşınca CTRL, evlât, dal!","(Radio) Boat coming! When it's close, CTRL, son, dive!",oyun
D2_H_SWIM_BOAT_2,2,SPK_HIKMET,[shouting],0,"(Telsiz) Binme evlât, o devriye! Altından dal, görmesinler!","(Radio) Don't climb in, son, that's a patrol! Dive under, don't let them see you!",ad
D2_H_SWIM_HELP,2,SPK_HIKMET,,0,"(Telsiz) Evlât, akıntı seni taşıyor. Sen sadece çırpın, gerisini Haliç halleder.","(Radio) Son, the current's got you. Just paddle, the Golden Horn will do the rest.",kod
D2_H_WARRANTY,2,SPK_HIKMET,[shouting],0,Garantinin bitmesine iki dakika! Dönmek istersen şimdi!,"Two minutes left on the warranty! If you want to come back, now's the time!",oyun
D2_H_WARRANTY_END,2,SPK_HIKMET,,0,Garanti bitti. Artık sadece koş.,The warranty's expired. Now just run.,oyun
D2_R_21,2,SPK_ROWER,[excited],0,Önüne baksana be adam!,"Watch where you're going, man!",oyun
D2_S_06,2,SPK_SOLDIER,[shouting],0,Hey! Kızağın üstünde ne arıyorsun?! Çekil!,Oi! What are you doing on the slipway?! Move!,oyun
D2_S_14,2,SPK_SOLDIER,[shouting],0,Yakalayın! Frenk casusu!,Seize him! A Frankish spy!,oyun
D2_S_14_NOFEZ,2,SPK_SOLDIER,[shouting],0,"Yakalayın! Deli mi bu, casus mu?!",Seize him! Is he mad or a spy?!,kod
D2_S_16,2,SPK_SOLDIER,,0,Sigortacı ne?,What's insurance?,oyun
D2_S_23,2,SPK_SOLDIER,[excited],0,Islak bir Frenk casusu!,A wet Frankish spy!,oyun
D2_S_BLOCK,2,SPK_SOLDIER,[shouting],0,Dur! Nereye?!,Stop! Where are you going?!,ad
D2_S_LOG,2,SPK_SOLDIER,[shouting],0,Kütük! Kütük!,Log! Log!,ad
D2_S_ROPE,2,SPK_SOLDIER,[excited],0,Halat geliyor!,Rope coming through!,oyun
D2_T_01,2,SPK_TOLGA,,0,...Neredeyim? Neden her şey kayıyor?,...Where am I? Why is everything sliding?,oyun
D2_T_03,2,SPK_TOLGA,,0,Bir yokuştayım. Yokuş yağlı. Arkamda... bir gemi var.,I'm on a hill. The hill is greased. Behind me there's... a ship.,oyun
D2_T_05,2,SPK_TOLGA,[excited],0,Belgeselde bu kısım daha yavaştı!,This bit was slower in the documentary!,oyun
D2_T_08,2,SPK_TOLGA,[shouting],0,Su! Soğuk! Nisan'da Haliç soğukmuş!,Water! Cold! The Golden Horn is cold in April!,oyun
D2_T_10,2,SPK_TOLGA,,0,Kimse görmedi. Harika. Şimdi... burası pazar yeri mi?,Nobody saw me. Brilliant. Now... is this a market?,oyun
D2_T_15,2,SPK_TOLGA,[excited],0,"Ben casus değilim, sigortacıyım!","I'm not a spy, I'm in insurance!",oyun
D2_T_18,2,SPK_TOLGA,[shouting],0,Zincir! Tuttum! ...Şimdi ne?,The chain! Got it! ...Now what?,oyun
D2_T_20,2,SPK_TOLGA,[excited],0,Dengemi mi? Ben terlikliyim!,My balance? I'm in slippers!,oyun
D2_T_22,2,SPK_TOLGA,[shouting],0,Kaydım. Zincir de mi yağlı?!,I slipped. Is the chain greased too?!,oyun
D2_T_25,2,SPK_TOLGA,,0,"Hikmet Amca, beni duyuyor musun? Ben... gerçekten 1453'teyim.","Hikmet, can you hear me? I'm... actually in 1453.",ad
D2_T_AMPHORA,2,SPK_TOLGA,,0,Aşağıda bir amfora... Belki içinde şarap vardır. Belki de bin yıllık su. Açmıyorum.,An amphora down there... Maybe wine inside. Maybe thousand-year-old water. Not opening it.,oyun
D2_T_ARROW_1,2,SPK_TOLGA,[shouting],0,Bir ok! Bana ok attılar! Sigortacıya ok atılır mı?!,An arrow! They shot an arrow at me! Who shoots an insurance agent?!,ad
D2_T_ARROW_2,2,SPK_TOLGA,,0,Fese sıyırdı! Fes zırhmış meğer.,It grazed the fez! Turns out the fez is armour.,ad
D2_T_ARROW_2_NOFEZ,2,SPK_TOLGA,,0,Saçımı sıyırdı! Fes başımda olsaydı fes giderdi.,"It grazed my hair! If I'd had the fez on, the fez would be gone.",ad
D2_T_ARROW_3,2,SPK_TOLGA,,0,Uyarı atışı herhalde. Çok başarılı bir uyarı.,"A warning shot, I guess. A very effective warning.",ad
D2_T_CURRENT,2,SPK_TOLGA,,0,Karar veremedim. Akıntı verdi.,I couldn't decide. The current decided for me.,kod
D2_T_FALL,2,SPK_TOLGA,[excited],0,Yokuş bitiyor... Yokuş bitti!,The slope is ending... The slope has ended!,oyun
D2_T_FALL_SCREAM,2,SPK_TOLGA,[excited],0,AAAAAAAA!,AAAAAAAAH!,kod
D2_T_FEZ_FOUND,2,SPK_TOLGA,[shouting],0,Fesim! Beni buldu! Ya da ben onu. Haliç bizi birleştirdi.,My fez! It found me! Or I found it. The Golden Horn reunited us.,kod
D2_T_FEZ_SPARE,2,SPK_TOLGA,,0,Yüzen bir fes. Yedeğim oldu. Artık iki fesli bir adamım.,A floating fez. Now I have a spare. I am a man of two fezzes.,kod
D2_T_STUMBLE_1,2,SPK_TOLGA,[shouting],0,Ay! Terlik!,Ow! My slipper!,oyun
D2_T_STUMBLE_2,2,SPK_TOLGA,[shouting],0,"Fesim! Fesim düştü! ...Yok, bantlıymış.","My fez! My fez fell off! ...No, it's taped on.",ad
D2_T_STUMBLE_2_NOFEZ,2,SPK_TOLGA,[shouting],0,"Kravatım! Kravatım gitti! ...Yok, yerinde. Ben yerimde değilim.","My tie! My tie's gone! ...No, it's still there. I'm the one who isn't.",ad
D2_T_STUMBLE_3,2,SPK_TOLGA,[shouting],0,Kim yağladı burayı?!,Who greased this?!,ad
D2_T_SWIM_BUMP,2,SPK_TOLGA,,0,Kütük! 1453'te trafik de var.,A log! Even 1453 has traffic.,oyun
D2_T_SWIM_NOAIR,2,SPK_TOLGA,[shouting],0,"Nefesim yok! Önce nefes, sonra dalış!","No breath left! Breathe first, dive later!",kod
D3_H_17,3,SPK_HIKMET,,0,Kimsiniz? Saat üç buçuk! ...Fötr şapka mı o?,Who are you? It's half past three! ...Is that a fedora?,oyun
D3_H_19,3,SPK_HIKMET,,0,Zaman Bürosu. Tabii. Ben de Zaman Bakanı'yım.,The Time Bureau. Of course. And I'm the Minister of Time.,oyun
D3_H_21,3,SPK_HIKMET,,0,"...Gerçekmiş. Evlat, yani Bey, bir şey yapmadım. Genel olarak.","...It's real. Son, I mean sir, I haven't done anything. Broadly speaking.",oyun
D3_H_22,3,SPK_HIKMET,,0,Bir dakika. Çay koyayım. Çaysız sorgu olmaz.,One moment. I'll put the kettle on. You can't have an interrogation without tea.,oyun
D3_H_24,3,SPK_HIKMET,,0,Buyurun. Çay. Şimdi soracaksınız herhalde.,Here you go. Tea. I suppose now you'll ask your questions.,oyun
D3_H_7C,3,SPK_HIKMET,,0,Yani çocuğun tek dönüş bileti benim koli bantlı makinem.,So the boy's only ticket home is my duct-taped machine.,oyun
D3_H_CONFESS_1,3,SPK_HIKMET,[shouting],0,Peki. Peki! Makineyi ben yaptım. Tolga 1453'te. Ama geri gelecek! Kumandası var.,Fine. Fine! I built the machine. Tolga's in 1453. But he'll come back! He's got a remote.,oyun
D3_H_CONFESS_2,3,SPK_HIKMET,,0,Kırmızı düğme. İlk on dakika iade garantili. ...On dakika geçti galiba.,The red button. Ten-minute money-back guarantee. ...I think the ten minutes are up.,oyun
D3_H_DOUBLE_DOWN,3,SPK_HIKMET,,0,"Bıyığım her zaman titrer. Bakın, isterseniz pijama kurutayım. Kurutayım mı?","My moustache always trembles. Look, shall I dry some pyjamas for you? Shall I?",kod
D3_H_EAVES,3,SPK_HIKMET,,0,(Kendi kendine) Dayan Tolga... Fötr şapkalı gitti galiba. Gelirse kurutma makinesi derim. Yutar.,"(To himself) Hang in there, Tolga... I think the fedora's gone. If he comes back I'll say it's a tumble dryer. He'll swallow it.",kod
D3_H_END_31,3,SPK_HIKMET,[shouting],0,Çocuk ne olacak?! Siz az önce 'bu makineyle döner' dediniz!,What about the boy?! You just said he can only come back in this machine!,oyun
D3_H_END_32,3,SPK_HIKMET,,0,Mühür mü? ...Benim koli bandım var.,A seal? ...I've got duct tape.,oyun
D3_H_END_33,3,SPK_HIKMET,,0,Kartta telefon numarası yok.,There's no phone number on the card.,oyun
D3_H_END_34,3,SPK_HIKMET,,0,İyi geceler! Şapkanız çok şık. 1920'ler gibi.,Good night! Lovely hat. Very 1920s.,oyun
D3_H_END_34B,3,SPK_HIKMET,[whispers],0,"(Telsize, fısıltıyla) Tolga? Evlat? Fötr şapkalı bir memur geldi. Kurutma makinesi dedim. Yuttu.","(Into the radio, whispering) Tolga? Son? A civil servant in a fedora came by. I said it was a dryer. He bought it.",oyun
D3_H_END_35,3,SPK_HIKMET,,0,Resmî olarak bir bardak daha koyayım mı?,"Officially, shall I pour you another?",oyun
D3_H_KIND,3,SPK_HIKMET,,0,Etkileyici mi? Kırk yıldır kimse bunu dememişti. Patent dairesi 'bekleyin' dedi. Kırk yıl.,Impressive? Nobody's said that in forty years. The patent office said 'please wait'. Forty years.,oyun
D3_H_LIE_KIND,3,SPK_HIKMET,,0,"Ama Tolga'yı soracaksanız, Tolga tatile gitti. Antalya'ya. Her şey dahil.","But if you're going to ask about Tolga, Tolga's gone on holiday. Antalya. All-inclusive.",oyun
D3_H_LIE_RULE,3,SPK_HIKMET,,0,"O makine mi? Kurutma makinesi. Pijamaları kurutuyorum. Halkalar dönüyor, pijama kuruyor.","That machine? It's a tumble dryer. For my pyjamas. The rings go round, the pyjamas dry.",oyun
D3_H_RADIO_2,3,SPK_HIKMET,[shouting],0,(Telsize atılır) Radyo tiyatrosu! Pazar gecesi... 'Kılıçlı Adamlar'. Arkası yarın!,(Leaping at the radio) A radio play! Sunday nights... 'Men with Swords'. To be continued!,kod
D3_H_RADIO_4,3,SPK_HIKMET,,0,...Tamam. Radyo tiyatrosu değildi.,...Fine. It wasn't a radio play.,kod
D3_H_RESIST,3,SPK_HIKMET,,0,O tavuk bizim değil! ...O ok da bizim değil. Ben hiçbir şeyi tanımıyorum.,That chicken isn't ours! ...Neither is the arrow. I don't recognise anything.,kod
D3_H_RULE,3,SPK_HIKMET,,0,Yükümlüymüşüm. Ben 1974'ten beri kimseye yükümlü değilim. Emekliyim.,"Obliged, am I. I haven't been obliged to anyone since 1974. I'm retired.",oyun
D3_H_SAW_FLY,3,SPK_HIKMET,[shouting],0,"Uçuyorsunuz! Benim makine koli bantlı, sizinki formlu. Haksızlık bu!",You're flying! My machine's held together with duct tape and yours runs on forms. That's not fair!,kod
D3_H_SAW_FLY_2,3,SPK_HIKMET,,0,"Önce siz uçmayı anlatın, sonra ben makineyi anlatırım. ...Neyse, sorun.","You tell me how you fly first, then I'll tell you about the machine. ...Oh, go on, ask.",kod
D3_H_SWEEP_1,3,SPK_HIKMET,,0,Aman ne dağınıklık! Bir süpüreyim şurayı...,"Goodness, what a mess! Let me just sweep this up...",ad
D3_H_SWEEP_2,3,SPK_HIKMET,,0,Çay demlenirken biraz toz alayım. Alışkanlık.,While the tea brews I'll do a bit of dusting. Force of habit.,ad
D3_H_SWEEP_3,3,SPK_HIKMET,,0,"Şu kırıntılar... Misafir var, ayıp olur.","These crumbs... We've got a guest, it's embarrassing.",ad
D3_H_SWEEP_CAUGHT,3,SPK_HIKMET,,0,Ben mi? Süpürmüyordum. Toz alıyordum. Aynı şey değil.,Me? I wasn't sweeping. I was dusting. It's not the same thing.,kod
D3_H_SWEPT,3,SPK_HIKMET,,0,"Oh, tertemiz oldu.",There. Spotless.,kod
D3_H_TEA_1,3,SPK_HIKMET,,0,"Değil mi? Tavşan kanı. Evlat... bak, sana her şeyi anlatayım. Adı Tolga. Komşumun oğlu.","Isn't it? Proper strength. Son... look, I'll tell you everything. His name's Tolga. My neighbour's boy.",oyun
D3_H_TEA_2,3,SPK_HIKMET,,0,1453'e gitti. Padişah'la tanışacaktı. Yirmi belgesel izlemiş. Ben de ona bir kumanda verdim.,He's gone to 1453. He was going to meet the Sultan. He's watched twenty documentaries. And I gave him a remote.,oyun
D3_H_TEA_3,3,SPK_HIKMET,,0,"Pazartesi 07:30'da servise yetişmesi lazım. Yetişemezse... işe geç kalır. Yani tarih değişir, bir de o.","He's got to catch the work bus at 07:30 on Monday. If he doesn't... he'll be late. So history changes, and that too.",oyun
D3_H_VANISH,3,SPK_HIKMET,,0,(Çaydanlığı bırakır) Denetçi Bey? ...Nereye gitti bu adam? Kapıdan çıkmadı ki. Garajım hayaletli oldu.,(Puts down the teapot) Inspector? ...Where's the man gone? He didn't go out the door. Now my garage is haunted.,kod
D3_M_05,3,SPK_MUFIDE,,0,"Nihat Bey. Fesli bir anomali. İstanbul, 1453. Yine.","Mr Nihat. An anomaly in a fez. Istanbul, 1453. Again.",oyun
D3_M_07,3,SPK_MUFIDE,,0,Bu sefer araç koli bandıyla yapılmış. Sahibi emekli bir elektrikçi. Patent başvurusu da beklemedeymiş.,"This time the vehicle's made of duct tape. The owner's a retired electrician. His patent application is pending, apparently.",oyun
D3_M_08,3,SPK_MUFIDE,,0,"Garaja inin. Paradoks İzi'ni çıkarın, sahibini sorgulayın. Kostüm deposuna uğrayın. Üç nüsha, ıslak imza.","Go down to the garage. Run a Paradox Trace, question the owner. Stop by the costume store. Three copies, wet signature.",oyun
D3_M_09A,3,SPK_MUFIDE,,0,İşte Büro'nun en sabırlı denetçisi. Bu cümleyi dosyanıza yazıyorum.,There's the Bureau's most patient inspector. I'm putting that sentence in your file.,oyun
D3_M_09B,3,SPK_MUFIDE,,0,"İyi niyet Form Z-0'da yok, Nihat Bey. Form Z-0 da yok zaten. Onu düşünün.","Good intentions aren't on Form Z-0, Mr Nihat. There is no Form Z-0. Think about that.",kod
D3_M_10,3,SPK_MUFIDE,,0,"Onaylandı. Sıradaki! ...Sıra numarası hep 1453'te kalıyor, onu da bir yazdırın.","Approved. Next! ...The queue number's stuck on 1453 again, somebody file a form about that.",oyun
D3_M_ALARM,3,SPK_MUFIDE,,0,"(Hoparlörden) Tüm denetçilerin dikkatine: 1453 kapısı sızdırıyor. Nihat Bey, iki buçuk dakikanız var. Formlar dahil.","(Over the tannoy) Attention all inspectors: the 1453 door is leaking. Mr Nihat, you have two and a half minutes. Forms included.",ad
D3_M_IDLE,3,SPK_MUFIDE,,0,Hâlâ burada mısınız? Zaman dışındayız ama zamanım yok.,"Still here? We're outside of time, but I don't have time.",kod
D3_M_LATE,3,SPK_MUFIDE,,0,"(Hoparlörden) Nihat Bey, geç kaldınız. Sızıntı artık kantine ulaştı. Tavuk da. Dosyanıza işliyorum.","(Over the tannoy) Mr Nihat, you're late. The leak has reached the canteen. So has the chicken. I'm noting it in your file.",ad
D3_N_01,3,SPK_NIHAT,,0,"Zaman Bürosu. Zamanın dışında. Mesai bitmiyor, çünkü mesai diye bir şey yok.","The Time Bureau. Outside of time. The working day never ends, because there's no such thing as a day.",oyun
D3_N_02,3,SPK_NIHAT,,0,Pnömatik tüp. Yeni vaka. Tüp yine 'fwump' dedi. 'Fwump' iyiye işaret değildir.,The pneumatic tube. A new case. It went 'fwump' again. 'Fwump' is never good news.,oyun
D3_N_03,3,SPK_NIHAT,,0,Vaka 1453-T. 'Fesli anomali.' Fes 1829'da gelecek. Anomali daha kostümünde başlamış.,Case 1453-T. 'The anomaly in the fez.' The fez won't arrive until 1829. The anomaly started with the costume.,oyun
D3_N_04,3,SPK_NIHAT,,0,"Kaynak: 2026, bir garaj. Araç: koli bandıyla yapılmış bir zaman makinesi. ...Koli bandıyla.","Origin: 2026, a garage. Vehicle: a time machine made with duct tape. ...Duct tape.",oyun
D3_N_06,3,SPK_NIHAT,,0,Yine mi? Geçen ay da biri Fatih'e dürbün satmaya çalışmıştı.,Again? Last month someone tried to sell Mehmed a pair of binoculars.,oyun
D3_N_12,3,SPK_NIHAT,,0,"Rıza Bey, bunlar 1920'lerin.","Mr Rıza, these are from the 1920s.",oyun
D3_N_14,3,SPK_NIHAT,,0,...Makul.,...Reasonable.,oyun
D3_N_16,3,SPK_NIHAT,,0,"Hedef: 2026. Pazar gecesi, 03:31. Asansör müziği yine Mehter.","Destination: 2026. Sunday night, 03:31. The lift music is a janissary band again.",oyun
D3_N_18,3,SPK_NIHAT,,0,Denetçi Nihat Zamanoğlu. Zaman Bürosu. Rutin bir denetim.,Inspector Nihat Zamanoğlu. The Time Bureau. A routine inspection.,oyun
D3_N_20,3,SPK_NIHAT,,0,Kimliğim. Arkasında Form Z-2 var. İsterseniz fotokopisini de bırakırım.,My identification. Form Z-2 is on the back. I can leave you a photocopy.,oyun
D3_N_23,3,SPK_NIHAT,,0,Çay demlenene kadar Paradoks İzi. Parlayan halkalar ipucu.,Paradox Trace while the tea brews. The glowing rings mark the clues.,oyun
D3_N_7C_1,3,SPK_NIHAT,,0,"Yönetmelik 7/c. Anomali, geldiği araçla iade edilir.",Regulation 7/c. An anomaly is returned by the vehicle it arrived in.,oyun
D3_N_7C_2,3,SPK_NIHAT,,0,Büro araçları yalnızca kadrolu personel taşır. Yani Bay Tolga'yı ben getiremem. Sizin... şeyinizle dönmesi gerekir.,Bureau vehicles carry permanent staff only. So I can't bring Mr Tolga back. He has to return in your... thing.,oyun
D3_N_7C_3,3,SPK_NIHAT,,0,Yönetmelik öyle diyor. Ben yazmadım. Yazanı da bilmiyoruz. İmza: 'T.',That's what the regulations say. I didn't write them. We don't know who did. It's signed 'T.',oyun
D3_N_ALARM,3,SPK_NIHAT,,0,Kırmızı alarm. Paradoks sızıntısı. Koridorda... 1453'ten bir tavuk. Acele etmem lazım.,Red alert. A paradox leak. There's... a chicken from 1453 in the corridor. I need to hurry.,kod
D3_N_CALL,3,SPK_NIHAT,,0,Yalan söylüyorsunuz. Kanıtım yok ama... bıyığınız titriyor.,"You're lying. I have no evidence, but... your moustache is trembling.",kod
D3_N_CHICKEN,3,SPK_NIHAT,,0,Sen buraya ait değilsin. Ben de değilim ama benim formum var.,"You don't belong here. Neither do I, but I have a form.",kod
D3_N_CLUE_LOST,3,SPK_NIHAT,,0,Delil karartıldı. Kanıt eksik kalacak. Madde 12: delil karartana... not düşülür.,The evidence has been tampered with. The proof will be incomplete. Article 12: the tamperer... receives a note.,kod
D3_N_DOOR,3,SPK_NIHAT,,0,Her kapı bir yıl. Hepsinin arkasında bir vaka. Hepsi 'acil'.,"Every door, a year. Behind every one, a case. Every one 'urgent'.",kod
D3_N_DOOR_1453,3,SPK_NIHAT,,0,1453 kapısı. Yine. Bu koridorda üç tane 1453 kapısı var. Hiçbiri kapanmıyor.,The 1453 door. Again. There are three 1453 doors in this corridor. None of them will stay shut.,ad
D3_N_DOOR_1923,3,SPK_NIHAT,,0,1923. Buranın kapısı hep gıcırdar. Kimse yağlamaya cesaret edemez.,1923. This door always creaks. Nobody dares oil it.,ad
D3_N_DOOR_2026,3,SPK_NIHAT,,0,2026. Oradan hep 'belgesel izledim' diyenler çıkar.,2026. That's where all the 'I've seen a documentary' people come from.,ad
D3_N_EAVES,3,SPK_NIHAT,,0,Kurutma makinesi. Not ettim.,A tumble dryer. Noted.,kod
D3_N_EAVES_CALL,3,SPK_NIHAT,,0,Kurutma makinesi diyeceğinizi biliyordum. Az önce kendi kendinize söylediniz. Ben oradaydım. Görünmez olarak.,I knew you'd say tumble dryer. You said it to yourself a moment ago. I was there. Invisibly.,kod
D3_N_EAVES_HINT,3,SPK_NIHAT,,0,"Arkasını döndü. Zaman Perdesi'nin tam sırası: Q ile görünmez olur, yanına sokulurum. İnsan yalnız sandığında kendi kendine doğruyu söyler.","He's turned his back. Just the moment for the Time Veil: Q, invisible, and I creep up beside him. People tell themselves the truth when they think they're alone.",kod
D3_N_END_31,3,SPK_NIHAT,,0,Makineye el koyuyorum. Büro deposunda iade gününü bekleyecek.,I'm confiscating the machine. It will await its return date in Bureau storage.,oyun
D3_N_END_31B,3,SPK_NIHAT,,0,Form Z-7 ile itiraz edebilirsiniz. İtiraz süresi... 400 yıl.,You may appeal with Form Z-7. The appeal period is... four hundred years.,oyun
D3_N_END_32,3,SPK_NIHAT,,0,Makineyi mühürlüyorum. Mühre dokunmak yasaktır.,I'm sealing the machine. Tampering with the seal is prohibited.,oyun
D3_N_END_33,3,SPK_NIHAT,,0,Makineyi size bırakıyorum. Kartvizitim. Bir şey olursa arayın.,"I'm leaving the machine with you. My card. If anything happens, call me.",oyun
D3_N_END_33B,3,SPK_NIHAT,,0,Aradığınızda bulursunuz. Zaman dışıyız. ...Bu çok kural dışı bir cümleydi. Unutun.,You'll find me when you call. We're outside of time. ...That was a very irregular thing to say. Forget it.,oyun
D3_N_END_34,3,SPK_NIHAT,,0,...Kurutma makinesi. Anlaşıldı. Rahatsız ettiğim için özür dilerim. İyi geceler.,...A tumble dryer. Understood. I apologise for the disturbance. Good night.,oyun
D3_N_END_35,3,SPK_NIHAT,,0,Makineyi size bırakıyorum. Resmî olarak burada hiç çay içmedim.,"I'm leaving the machine with you. Officially, I never had any tea here.",oyun
D3_N_EVIDENCE_HIKMET,3,SPK_NIHAT,,0,Kurutma makinesi mi? Paradoks İzi başka söylüyor: kalkış anında panele pijamalı biri tekme atmış. Pijama kurutan biri tekme atmaz.,A tumble dryer? The Paradox Trace says otherwise: someone in pyjamas kicked the panel at departure. People drying pyjamas don't kick.,oyun
D3_N_EVIDENCE_TOLGA,3,SPK_NIHAT,,0,"Paradoks İzi başka söylüyor: kalkış anında fesli biri panele tekme atmış ve 'Ay, ayağım' demiş. Antalya'da kimse fes takmaz.","The Paradox Trace says otherwise: someone in a fez kicked the panel at departure and said 'Ow, my foot.' Nobody wears a fez in Antalya.",ad
D3_N_EVIDENCE_TOLGA_BARE,3,SPK_NIHAT,,0,"Paradoks İzi başka söylüyor: kalkış anında redingotlu biri panele tekme atmış ve 'Ay, ayağım' demiş. Antalya'da kimse redingot giymez.","The Paradox Trace says otherwise: someone in a frock coat kicked the panel at departure and said 'Ow, my foot.' Nobody wears a frock coat in Antalya.",ad
D3_N_FEZ,3,SPK_NIHAT,,0,Siyah bir püskül ipi. Fes püskülü. Anomali 1453'e 1829'dan bir şapkayla gitmiş. 376 yıl erken.,A black tassel thread. A fez tassel. The anomaly went to 1453 wearing a hat from 1829. Three hundred and seventy-six years early.,oyun
D3_N_FREEZE,3,SPK_NIHAT,,0,...Madde 14/b. Kararsız kaldığımda hep yönetmeliğe dönerim.,"...Article 14/b. When I can't decide, I always fall back on the regulations.",kod
D3_N_HOLO_HIKMET,3,SPK_NIHAT,,0,Kalkış anında panele tekme atılmış. Tekmeyi atan... pijamalı biri.,At the moment of departure the panel was kicked. The kicker... wore pyjamas.,oyun
D3_N_HOLO_TOLGA,3,SPK_NIHAT,,0,"Kalkış anında panele tekme. Atan anomalinin kendisi. Sonra 'Ay, ayağım' demiş. İz öyle diyor.","A kick to the panel at departure. By the anomaly himself. He then said 'Ow, my foot.' The trace says so.",kod
D3_N_KIND,3,SPK_NIHAT,,0,Bu makineyi siz mi yaptınız? Etkileyici.,Did you build this machine? Impressive.,oyun
D3_N_KIT_2,3,SPK_NIHAT,,0,Uçmak. Yönetmeliğe uygun olduğu sürece.,Flying. As long as it's within the regulations.,kod
D3_N_KIT_TRY,3,SPK_NIHAT,,0,Deneyelim. Koridorda. Kimse bakmıyorken.,Let's try it. In the corridor. While nobody's looking.,kod
D3_N_LIE_KIND_SLIP,3,SPK_NIHAT,,0,Tolga'yı sormamıştım.,I didn't ask about Tolga.,oyun
D3_N_LIFT_EARLY,3,SPK_NIHAT,,0,Önce evrak. Asansör evraksız kimseyi taşımaz. Ben de taşımam.,Paperwork first. The lift carries no one without paperwork. Neither do I.,kod
D3_N_LOOK_CLOCK,3,SPK_NIHAT,,0,"Akrep yok, yelkovan yok. Burada zaman yok. Öğle arası da yok.","No hour hand, no minute hand. There is no time here. No lunch break either.",ad
D3_N_LOOK_FEZSHELF,3,SPK_NIHAT,,0,Fes. 1829 rafında olması gerekirken 1453 rafında. Depoda da anomali var.,"A fez. It should be on the 1829 shelf, but it's on 1453. Even the storeroom has anomalies.",ad
D3_N_LOOK_FORMZ1,3,SPK_NIHAT,,0,Form Z-1. Büromuzun kuruluş belgesi. İmza: 'T.' Kurucumuz. Kimse kim olduğunu bilmiyor. Her sabah ona günaydın derim.,Form Z-1. The founding charter of our Bureau. Signed 'T.' Our founder. Nobody knows who it was. I say good morning to it every day.,kod
D3_N_LOOK_PLANT,3,SPK_NIHAT,,0,Zaman dışında bitkiler büyümez. Ölmez de. Bu saksı dokuz yüz yıldır aynı kıvamda.,"Outside of time, plants don't grow. They don't die either. This one's looked exactly like this for nine hundred years.",ad
D3_N_LOOK_WINDOW,3,SPK_NIHAT,,0,Pencereden hep aynı şey görünür: hiçlik. Manzara ödeneği 1987'de kesildi.,The window always shows the same thing: nothingness. The view allowance was cut in 1987.,ad
D3_N_ONTIME,3,SPK_NIHAT,,0,Zamanında. Zamanın dışında zamanında olmak... bir başarıdır.,On time. Being on time outside of time is... an achievement.,kod
D3_N_RADIO_GRAB,3,SPK_NIHAT,,0,(Telsizi alır) Bay Tolga? Zaman Bürosu. Sakin olun. Kılıçlılara form doldurtmayın.,(Taking the radio) Mr Tolga? The Time Bureau. Stay calm. Don't make the men with swords fill in any forms.,kod
D3_N_RADIO_IGNORE,3,SPK_NIHAT,,0,...Radyo tiyatrosu. Tabii. Ben de dinlerim.,...A radio play. Of course. I listen to them too.,kod
D3_N_RESIST,3,SPK_NIHAT,[shouting],0,Makine direniyor! Tavuk! Bir ok! ...Mühür basılı tutulur. Yönetmelik öyle.,The machine is resisting! A chicken! An arrow! ...The stamp must be held down. Regulations.,kod
D3_N_RULE,3,SPK_NIHAT,,0,Madde 14/b uyarınca sorularımı cevaplamakla yükümlüsünüz.,"Under Article 14/b, you are obliged to answer my questions.",oyun
D3_N_SHELLS,3,SPK_NIHAT,,0,Leblebi kabukları. Taze. Anomali stres altında atıştırmış. Kalanını da yanına almış.,Roasted chickpea shells. Fresh. The anomaly snacked under stress. Then took the rest with him.,oyun
D3_N_SHELLS_NO,3,SPK_NIHAT,,0,Leblebi kabukları. Ama leblebi paketi rafta duruyor. Anomali almamış. Biri yemiş. Pijamalı biri.,Chickpea shells. But the bag is still on the shelf. The anomaly didn't take it. Someone ate them. Someone in pyjamas.,ad
D3_N_SWEEP_WARN,3,SPK_NIHAT,,0,Delile gidiyor. Ondan önce taramam lazım.,He's going for the evidence. I have to scan it first.,kod
D3_N_TAPE,3,SPK_NIHAT,,0,Koli bandı parçaları. Panelin dibinde. Darbe izi. Kalkış anını yeniden kuruyorum...,Bits of duct tape. At the foot of the panel. An impact mark. Reconstructing the moment of departure...,oyun
D3_N_TEA,3,SPK_NIHAT,,0,Çayınızı alırım. Şekersiz. ...Bu çay güzelmiş.,I'll take that tea. No sugar. ...This is good tea.,oyun
D3_N_TRACE_BONUS,3,SPK_NIHAT,,0,Kanıt cebimde. Yalan söylerse anlarım.,"The evidence is in my pocket. If he lies, I'll know.",oyun
D3_N_TRACE_DONE,3,SPK_NIHAT,,0,Paradoks İzi tamamlandı. Elimde kanıt var. Şimdi çay.,"Paradox Trace complete. I have evidence. Now, tea.",oyun
D3_N_TRACE_PARTIAL,3,SPK_NIHAT,,0,İz eksik ama yeterince gördüm. Şimdi sorgu.,"The trace is incomplete, but I've seen enough. Now, the questioning.",kod
D3_R_11,3,SPK_RIZA,,0,"1453 mü? Bakayım... Fötr şapka, yelek, daktilo. Paket bu.","1453? Let's see... Fedora, waistcoat, typewriter. That's the package.",oyun
D3_R_13,3,SPK_RIZA,,0,Yönetmelik 500 yıl tolerans tanıyor. Yuvarlıyoruz.,Regulations allow five hundred years' tolerance. We round it off.,oyun
D3_R_14B,3,SPK_RIZA,,0,O fes yanlış rafta. 1829 rafında olacaktı. Depoda da anomali var ama onu kimse denetlemiyor.,"That fez is on the wrong shelf. It belongs on 1829. There's an anomaly in the storeroom too, but nobody inspects the storeroom.",kod
D3_R_15,3,SPK_RIZA,,0,Şapka size yakıştı. 1453'te kimse fark etmez. Ya da herkes sizi başka biri sanar. Her ikisi de olur.,The hat suits you. Nobody in 1453 will notice. Or everyone will think you're someone else. Either one.,oyun
D3_R_IDLE,3,SPK_RIZA,,0,İade yok. Değişim yok. Zaman da yok.,"No refunds. No exchanges. No time, either.",kod
D3_R_KIT_1,3,SPK_RIZA,,0,"Bir de yeni yönetmelik paketi var: Kaldırma Formu Z-9 ve Zaman Perdesi. F ile uçulur, Q ile görünmez olunur.","There's also the new regulations package: Lift Form Z-9 and the Time Veil. F to fly, Q to turn invisible.",kod
D3_R_KIT_3,3,SPK_RIZA,,0,"Görünürken uçmayın. İnsanlar görür, efsane olur. Efsane de iş çıkarır. Ben bilirim, depoda üç tane var.","Don't fly where people can see you. They talk, it becomes a legend. Legends mean paperwork. I'd know, I've got three in storage.",kod
D3_T_RADIO_1,3,SPK_TOLGA,[excited],0,"(Telsizden, cızırtıyla) Hikmet Amca? Alo? Burada herkesin kılıcı var ve hepsi bana bakıyor!","(Over the radio, crackling) Uncle Hikmet? Hello? Everyone here has a sword and they're all looking at me!",kod
D3_T_RADIO_1_CHAIN,3,SPK_TOLGA,[excited],0,"(Telsizden, cızırtıyla) Hikmet Amca? Alo? Haliç'in ortasında bir zincire tutunuyorum. Surlarda herkesin kılıcı var ve hepsi bana bakıyor!","(Over the radio, crackling) Uncle Hikmet? Hello? I'm hanging on to a chain in the middle of the Golden Horn. Everyone on the walls has a sword and they're all looking at me!",kod
D3_T_RADIO_1_HIDE,3,SPK_TOLGA,[whispers],0,"(Telsizden, fısıltıyla) Hikmet Amca? Alo? Bir pazar tezgâhının altındayım. Herkesin kılıcı var. Neyse ki kimse bana bakmıyor.","(Over the radio, whispering) Uncle Hikmet? Hello? I'm under a market stall. Everyone here has a sword. Luckily nobody's looking at me.",kod
D3_T_RADIO_3,3,SPK_TOLGA,[shouting],0,"(Cızırtı) Büro mu?! Hikmet Amca, sigortam bunu kapsıyor mu?! Alo? ...Alo?","(Crackle) The Bureau?! Uncle Hikmet, does my insurance cover this?! Hello? ...Hello?",kod
D4A_HA_ARGUE_1,4,SPK_HASAN,[shouting],0,Hasan! Uyuma!,Hasan! Stay awake!,oyun
D4A_HA_ARGUE_3,4,SPK_HASAN,,0,Ben Hüseyin'im! Annem öyle dedi.,I'm Hüseyin! My mother said so.,kod
D4A_HA_ARGUE_5,4,SPK_HASAN,[excited],0,"Yoklamada 'Hasan' dediler, sen 'burada' dedin!",At roll call they said 'Hasan' and YOU said 'here'!,kod
D4A_HA_BLUFF,4,SPK_HASAN,,0,Elçiler kapıdan girer. Çitin arkasından değil.,Envoys come through the gate. Not from behind the fence.,oyun
D4A_HA_END,4,SPK_HASAN,[excited],0,Sen Hasan'sın!,You're Hasan!,oyun
D4A_HA_FEZ_2,4,SPK_HASAN,,0,Sen Hüseyin olursun. Kesin. Ömür boyu.,You'd be Hüseyin. For certain. For life.,kod
D4A_HA_STOP,4,SPK_HASAN,,0,Dur! Nereye fesli?,"Halt! Where d'you think you're going, fez?",oyun
D4A_HA_STOP_NOFEZ,4,SPK_HASAN,,0,Dur! Nereye deli?,"Halt! Where d'you think you're going, madman?",kod
D4A_HA_WET,4,SPK_HASAN,,0,"Islak casus olmaz, Hüseyin. Casus kuru olur. Bu kesin balıkçı.","Spies don't get wet, Hüseyin. Spies stay dry. This one's a fisherman for sure.",kod
D4A_HU_ARGUE_2,4,SPK_HUSEYIN,,0,Hasan sensin.,You're Hasan.,kod
D4A_HU_ARGUE_4,4,SPK_HUSEYIN,,0,Annen ikimize de 'oğlum' diyor.,Your mother calls both of us 'son'.,kod
D4A_HU_ARGUE_6,4,SPK_HUSEYIN,,0,"Çünkü sen uyuyordun, Hasan.","Because you were asleep, Hasan.",kod
D4A_HU_CAUGHT,4,SPK_HUSEYIN,,0,Çadırına geri. Sabah paşa bakacak sana.,Back in your tent. The pasha will see to you in the morning.,oyun
D4A_HU_END,4,SPK_HUSEYIN,[excited],0,Asıl sen Hasan'sın!,"No, YOU'RE Hasan!",oyun
D4A_HU_FEZ_1,4,SPK_HUSEYIN,[shouting],0,"Kırmızı külah! Hasan, bunu ben takarsam... kimse bizi bir daha karıştırmaz!","A red cap! Hasan, if I wear this... nobody will ever mix us up again!",kod
D4A_HU_FEZ_3,4,SPK_HUSEYIN,,0,"(Fesi takar) Ben Hüseyin'im. Fesli olan. Geç, fesli dostum. Biz seni görmedik. Fesli Hüseyin de görmedi.","(Puts on the fez) I'm Hüseyin. The one in the fez. Go on, my fezzed friend. We didn't see you. Fez Hüseyin didn't either.",kod
D4A_HU_GO_BACK,4,SPK_HUSEYIN,,0,Git yat casus. Güzel kokuyorsun ama yine de casussun. Yarın konuşuruz.,"Go to bed, spy. You smell nice, but you're still a spy. We'll talk tomorrow.",kod
D4A_HU_GO_BACK_PEAS,4,SPK_HUSEYIN,,0,Git yat casus. Ağzımda hâlâ o çıtır tat var ama yine de casussun. Yarın konuşuruz.,"Go to bed, spy. I can still taste that crunchy stuff, but you're still a spy. We'll talk tomorrow.",kod
D4A_HU_STOP,4,SPK_HUSEYIN,,0,Casussa cebinde bir şey vardır. Göster bakalım.,If he's a spy he's got something in his pockets. Let's see it.,oyun
D4A_HU_WET,4,SPK_HUSEYIN,,0,"Bu neden ıslak, Hasan? Zincirden mi düştü bu?","Why's he wet, Hasan? Did he fall off the chain?",kod
D4A_H_02,4,SPK_HIKMET,,0,"(Telsiz) Evlat? Garanti bitti. Kırmızı düğme artık sadece cızırdar. Ben bir şey yapacağım, bekle.",(Radio) Son? The warranty's run out. The red button just crackles now. I'll sort something out. Hang on.,oyun
D4A_ITEM_BOOK_1,4,SPK_HASAN,,0,Resimli kitap! Bizi de çizmişler mi?,A picture book! Did they draw us?,kod
D4A_ITEM_BOOK_2,4,SPK_HUSEYIN,,0,"Bak, yeniçeri. Hangisi sensin?","Look, Janissaries. Which one's you?",kod
D4A_ITEM_BOOK_3,4,SPK_HASAN,,0,Soldaki.,Left.,kod
D4A_ITEM_BOOK_4,4,SPK_HUSEYIN,,0,Soldaki benim.,Left is me.,kod
D4A_ITEM_CHICKPEAS_1,4,SPK_HASAN,,0,(Yer) Nohut ama kuru. Ama güzel.,"(Munching) Chickpeas, but dry. But good.",kod
D4A_ITEM_CHICKPEAS_2,4,SPK_HUSEYIN,,0,Bana da uzat. ...Casus böyle güzel şey getirmez.,Pass them over. ...Spies don't bring snacks this nice.,kod
D4A_ITEM_COLOGNE_1,4,SPK_HASAN,,0,Limon mu? Limondan su mu olur?,Lemon? You can make water out of lemons?,kod
D4A_ITEM_COLOGNE_2,4,SPK_HUSEYIN,,0,(Ellerini uzatır) Bir daha.,(Holding out his hands) Again.,kod
D4A_ITEM_CUBE_1,4,SPK_HASAN,,0,Sen çevir.,You turn it.,kod
D4A_ITEM_CUBE_2,4,SPK_HUSEYIN,,0,"Hayır, sen.","No, you.",kod
D4A_ITEM_CUBE_3,4,SPK_HASAN,,0,"...Daha kötü oldu. Ver bana. Hayır, bana.","...It's worse now. Give it here. No, here.",kod
D4A_ITEM_LIGHTER_1,4,SPK_HASAN,[excited],0,Büyücü!,Sorcerer!,kod
D4A_ITEM_LIGHTER_2,4,SPK_HUSEYIN,,0,"Büyücü değil, çakmaktaşı bu. Sadece küçük ve hızlı.","It's flint, you dolt. Just small and quick.",kod
D4A_ITEM_PHONE_1,4,SPK_HASAN,[excited],0,İçinde minik adam var!,There's a tiny man inside!,kod
D4A_ITEM_PHONE_2,4,SPK_HUSEYIN,,0,Minik adam değil. Minik Hasan.,Not a tiny man. A tiny Hasan.,kod
D4A_ITEM_PHONE_3,4,SPK_HASAN,[excited],0,Hasan benim!,*I'm* Hasan!,kod
D4A_ITEM_POWERBANK_1,4,SPK_HASAN,[excited],0,Bu taş sıcak!,This stone is warm!,kod
D4A_ITEM_POWERBANK_2,4,SPK_HUSEYIN,,0,Kutsal olabilir. Dokunma.,Could be holy. Don't touch it.,kod
D4A_ITEM_POWERBANK_3,4,SPK_HASAN,,0,Dokundum.,Touched it.,kod
D4A_ITEM_SELFIE_1,4,SPK_HASAN,,0,Ruhumu mu aldın?,Did you steal my soul?,kod
D4A_ITEM_SELFIE_2,4,SPK_HUSEYIN,,0,Senin ruhun yok ki Hasan.,"You haven't got one, Hasan.",kod
D4A_ITEM_SELFIE_3,4,SPK_HASAN,[excited],0,Ben Hüseyin'im!,I'm Hüseyin!,kod
D4A_ITEM_TAPE_1,4,SPK_HUSEYIN,,0,Bununla ne bağlanır?,What does it tie?,oyun
D4A_ITEM_TAPE_2,4,SPK_TOLGA,,0,Her şey.,Everything.,oyun
D4A_ITEM_TAPE_3,4,SPK_HASAN,,0,Beni bağlama.,Don't tie me.,oyun
D4A_ITEM_THERMOS_1,4,SPK_HASAN,,0,"Bu ne, otlu sıcak su mu? (Bir yudum. Uzun bir sessizlik.)","What's this, hot leaf water? (A sip. A long silence.)",kod
D4A_ITEM_THERMOS_2,4,SPK_GUARDS,,0,...Beş dakika mola.,...Five minute break.,kod
D4A_K_DISHES,4,SPK_KADRI,,0,Casus mu? Casuslar da yemek yer. Önce bulaşık.,A spy? Spies eat too. Washing-up first.,oyun
D4A_K_DISHES2,4,SPK_KADRI,,0,Belgesel ne? ...Yenir mi? Tencereye girer mi?,What's a documentary? ...Can you eat it? Does it fit in a pot?,oyun
D4A_T_01,4,SPK_TOLGA,,0,Bir çadırdayım. Kapısında 'Frenk casusu' yazıyor. Ben sigortacıyım.,I'm in a tent. The sign on it says 'Frankish spy'. I sell insurance.,oyun
D4A_T_01M,4,SPK_TOLGA,,0,Bir pazar tezgâhının altındayım. Burada saklandım. Hâlâ saklanıyorum.,I'm under a market stall. I hid here. I'm still hiding.,oyun
D4A_T_01_WET,4,SPK_TOLGA,,0,Bir çadırdayım. Kapısında 'Frenk casusu' yazıyor. Paçalarımdan hâlâ Haliç damlıyor. Ben sigortacıyım.,I'm in a tent. The sign on it says 'Frankish spy'. The Golden Horn is still dripping off my trousers. I sell insurance.,kod
D4A_T_03,4,SPK_TOLGA,,0,Mahsur kaldım. 1453'te. Pazartesi 09:00'da bütçe toplantım var.,I'm stranded. In 1453. I have a budget meeting at nine on Monday.,oyun
D4A_T_04,4,SPK_TOLGA,,0,Tek çıkış orası. İki nöbetçi. Birbirlerine bir şey soruyorlar...,That's the only way out. Two guards. They keep asking each other something...,oyun
D4A_T_AGAIN,4,SPK_TOLGA,,0,Tamam. Bir daha. Bu sefer daha... casusça.,Right. Again. This time more... spy-like.,oyun
D4A_T_BLUFF,4,SPK_TOLGA,[shouting],0,Ben... Frenk elçisiyim! Diplomatik dokunulmazlığım var!,I am... a Frankish envoy! I have diplomatic immunity!,oyun
D4A_T_DISHES,4,SPK_TOLGA,,0,Yirmi belgesel izledim. Hiçbirinde bulaşık yoktu.,I watched twenty documentaries. Not one of them had washing-up in it.,oyun
D4A_T_END1,4,SPK_TOLGA,,0,İkisi de Hasan olabilir. Tarih bunu yazmıyor.,They could both be Hasan. History doesn't say.,oyun
D4A_T_FEZ,4,SPK_TOLGA,,0,"(Cebinden ıslak, kırmızı bir fes çıkarır) Haliç'ten bir hediye. Yedeğim.",(Pulls a damp red fez from his pocket) A gift from the Golden Horn. My spare.,kod
D4A_T_OTAG,4,SPK_TOLGA,,0,'Otağ.' Padişah'ın çadırı. Oraya bir fesle gidilir mi? Gidilir. Gidiyoruz.,'Imperial tent.' The Sultan's tent. Do you turn up there in a fez? You do. We're going.,oyun
D4A_T_OTAG_NOFEZ,4,SPK_TOLGA,,0,'Otağ.' Padişah'ın çadırı. Oraya redingotla gidilir mi? Gidilir. Gidiyoruz.,'Imperial tent.' The Sultan's tent. Do you turn up there in a frock coat? You do. We're going.,varyant
D4A_T_WIN_CUBE,4,SPK_TOLGA,,0,Küpü 1974'ten beri kimse çözemedi. Bu gece de çözülmeyecek.,Nobody's solved that cube since 1974. It won't be solved tonight either.,ad
D4A_T_WIN_FEZ,4,SPK_TOLGA,,0,Yirmi beş yıllık bir kimlik bunalımını tek bir fesle çözdüm. Sigortacılıkta buna risk transferi deriz.,I solved twenty-five years of identity crisis with a single fez. In insurance we call that risk transfer.,ad
D4A_T_WIN_TAPE,4,SPK_TOLGA,,0,Sırt sırta. Koli bandı. Hikmet Amca gurur duyardı.,Back to back. Duct tape. Uncle Hikmet would be proud.,oyun
D4A_T_WIN_THERMOS,4,SPK_TOLGA,,0,Termos. Pazar sabahları babamdan kalma bir strateji.,The thermos. A Sunday-morning strategy handed down from my father.,ad
D4B_H_02,4,SPK_HIKMET,,0,"(Telsiz) Evlat? Garanti bitti. Kırmızı düğme artık sadece cızırdar. Ama sen dengede dur, gerisini ben düşünürüm.","(Radio) Son? The warranty's up. The red button only crackles now. You keep your balance, I'll do the thinking.",oyun
D4B_NIKO_BOOK,4,SPK_NIKO,,0,"Harfler çok düz. Bunu kim yazdı, cetvel mi?","The letters are so straight. Who wrote this, a ruler?",ad
D4B_NIKO_CHICKPEAS,4,SPK_NIKO,[shouting],0,Nohut! Kavrulmuş! Kırk gündür kuru ekmek yiyorum. Sen... sen iyi casussun.,Chickpeas! Roasted! Forty days I've eaten dry bread. You... you're a good spy.,ad
D4B_NIKO_COLOGNE,4,SPK_NIKO,,0,"Limon! Venedikliler gibi kokuyorsun. Venedikliler iyidir, gemileri var. Sen gemisizsin.","Lemon! You smell like a Venetian. Venetians are good, they have ships. You have no ship.",ad
D4B_NIKO_CUBE,4,SPK_NIKO,,0,"Renkli kutu, dönüyor. Ver oynayayım. ...Kırıldı. Zaten kırıktı senin kutun.",Colourful box that twists. Give it here. ...It broke. Your box was already broken.,ad
D4B_NIKO_LIGHTER,4,SPK_NIKO,[shouting],0,Deniz ateşi mi bu?! Cebinde mi taşıyorsun? Casus! Büyük casus!,Is that sea fire?! In your POCKET? Spy! Big spy!,ad
D4B_NIKO_PHONE,4,SPK_NIKO,[shouting],0,Küçük ayna ama içinde adam var! Hey adam! Annen de mi ayna?,"Tiny mirror with a man inside! Oi, man! Was your mother a mirror too?",ad
D4B_NIKO_POWERBANK,4,SPK_NIKO,,0,Fırlatmak için güzel taş. Surdan atayım mı?,Nice throwing stone. Shall I chuck it off the wall?,ad
D4B_NIKO_SELFIE,4,SPK_NIKO,,0,(Poz verir) Tavuğu da çek. Tavuk Bizanslı.,(Striking a pose) Get the chicken in. The chicken is Byzantine.,ad
D4B_NIKO_TAPE,4,SPK_NIKO,,0,Surun çatlaklarını bununla kapatalım. ...Kapatmaz mı? O zaman geleceklilerin nesi var?,Let's patch the wall cracks with it. ...It won't? Then what good are you future people?,ad
D4B_NIKO_THERMOS,4,SPK_NIKO,,0,"Sıcak ama tencere değil! Sihirli testi! İmparatora götür, madalya verir. Bana da iki madalya.","Hot, but not a pot! Magic jug! Take it to the Emperor, he'll give you a medal. Get me two.",ad
D4B_N_01,4,SPK_NIKO,[shouting],0,"Hey sen, fesli! Annen bir Ceneviz kayığıydı!","Oi, you in the fez! Your mother was a Genoese rowing boat!",oyun
D4B_N_01_NOFEZ,4,SPK_NIKO,[shouting],0,"Hey sen, şapkasız! Annen bir Ceneviz kayığıydı!","Oi, you with no hat! Your mother was a Genoese rowing boat!",kod
D4B_N_02,4,SPK_NIKO,[shouting],0,Baban da kötü zeytinyağı kokardı! Buradan kokusu geliyor!,And your father smelt of bad olive oil! I can smell it from here!,oyun
D4B_N_03,4,SPK_NIKO,,0,"Gel bakalım, fesli. Surun dibi benim. Tavuğum da benim.","Come on then, fez. The foot of this wall is mine. So is my chicken.",oyun
D4B_N_03_NOFEZ,4,SPK_NIKO,,0,"Gel bakalım, yabancı. Surun dibi benim. Tavuğum da benim.","Come on then, stranger. The foot of this wall is mine. So is my chicken.",kod
D4B_N_CELL,4,SPK_NIKO,,0,"Zindan formu: adın, baban, fesinin rengi. Sabah konuşuruz.","Dungeon form: your name, your father, the colour of your fez. We'll talk in the morning.",oyun
D4B_N_CELL2,4,SPK_NIKO,,0,"Bu arada iyi yüzüyorsun. Casus için. İyi geceler, casus.","You swim well, by the way. For a spy. Good night, spy.",oyun
D4B_N_CELL_NOFEZ,4,SPK_NIKO,,0,"Zindan formu: adın, baban, şapkanın rengi. Şapkan yok; 'yok' yazıyorum. Sabah konuşuruz.","Dungeon form: your name, your father, the colour of your hat. You've no hat; I'm putting 'none'. We'll talk in the morning.",varyant
D4B_N_CHICKEN,4,SPK_NIKO,,0,Tavuğum! ...Seni seçmiş. Tavuk hep yanlış adamı seçer.,My chicken! ...It's picked you. Chickens always pick the wrong man.,kod
D4B_N_ECLIPSE_1,4,SPK_NIKO,,0,"Bak! Yukarı bak! Ay kararıyor! Eski kehaneti bilmez misin? Şehir, ay büyürken düşmez derler. Ama ay kararırsa...",Look! Look up! The moon is going dark! Don't you know the old prophecy? They say the city won't fall while the moon waxes. But if the moon goes dark...,kod
D4B_N_ECLIPSE_2,4,SPK_NIKO,[shouting],0,"Kırmızı ay! Kanlı ay! Bu gece kimse Hodegetria ikonunu taşımasın, elinden düşürür!","A red moon! A blood moon! Nobody carry the Hodegetria icon tonight, they'll drop it!",kod
D4B_N_ECLIPSE_3,4,SPK_NIKO,[shouting],0,IŞIK! Elinde ışık var! Tıpkı kubbenin üstündeki ışık gibi! İkinci alamet bu!,A LIGHT! There's light in your hand! Just like the light over the dome! That's the second omen!,kod
D4B_N_GATE,4,SPK_NIKO,,0,Dur! Kimsin sen? Ne getirdin? Casuslar hep bir şey getirir.,Halt! Who are you? What've you brought? Spies always bring something.,oyun
D4B_N_HAT,4,SPK_NIKO,,0,Şimdi söyle. O kafandaki ne?,Now tell me. What's that on your head?,oyun
D4B_N_MERCHANT,4,SPK_NIKO,,0,"Şapkasız... Frenk tüccarı! Kaybolmuşsun. Gir gir, dışarısı Türk dolu.","No hat... a Frankish merchant! You're lost. In you come, it's all Turks out there.",oyun
D4B_N_MERCHANT2,4,SPK_NIKO,,0,"Sigorta ne? ...Neyse, İmparator yeni şeylere bayılır. Gel.","What's insurance? ...Never mind, the Emperor loves new things. Come on.",oyun
D4B_N_SPY,4,SPK_NIKO,[shouting],0,Fes! Türk casusu! Yakaladım! Madalya alırım!,A fez! A Turkish spy! Caught you! I'll get a medal!,oyun
D4B_N_SPY2,4,SPK_NIKO,,0,Gel. Sana şehri gezdireyim. Sonra teslim ederim. Önce gezdiririm.,Come. I'll show you the city. Then I'll hand you in. Tour first.,oyun
D4B_N_THROW_CHICKEN_1,4,SPK_NIKO,[excited],0,Tavuk geliyor!,Chicken incoming!,kod
D4B_N_THROW_CHICKEN_2,4,SPK_NIKO,[shouting],0,Yine tavuk! Aynı tavuk!,Chicken again! Same chicken!,ad
D4B_N_THROW_CHICKEN_3,4,SPK_NIKO,[shouting],0,Tavuk geri gel! ...Geldi. Al bakalım!,"Chicken, come back! ...It came. Here you go!",ad
D4B_N_THROW_CHICKEN_4,4,SPK_NIKO,,0,Son tavuk! ...Tavuk? Tavuk nereye gidiyorsun?,"Last chicken! ...Chicken? Where are you going, chicken?",ad
D4B_N_THROW_SACK,4,SPK_NIKO,[shouting],0,İncir! Kuşatmada bile incirimiz var!,"Figs! We've still got figs, even under siege!",ad
D4B_N_THROW_SHIELD,4,SPK_NIKO,[shouting],0,"Kalkan! Bu benim değil, Hektor'un. Umurumda değil!","Shield! Not mine, it's Hektor's. Don't care!",ad
D4B_T_01,4,SPK_TOLGA,,0,Zincirin ucundayım. Yüzen kütükler. Karanlık. Islak. Belgeselde bu kadar ıslak görünmüyordu.,I'm at the end of the chain. Floating logs. Dark. Wet. It didn't look this wet in the documentary.,oyun
D4B_T_CELL,4,SPK_TOLGA,,0,"Islak, soğuk ve bir Bizans zindanındayım. Pazartesi toplantısı hiç bu kadar uzak olmamıştı.","Wet, cold and in a Byzantine dungeon. Monday's meeting has never felt so far away.",oyun
D4B_T_ECLIPSE_1,4,SPK_TOLGA,,0,Ay tutulması. Bu 22 Mayıs'ta olacaktı. Bugün 22 Nisan. Ya takvim kaydı ya da ben tarihi bir ay ileri sardım.,"A lunar eclipse. This was supposed to happen on the 22nd of May. Today is the 22nd of April. Either the calendar slipped, or I fast-forwarded history by a month.",kod
D4B_T_ECLIPSE_2,4,SPK_TOLGA,,0,"Sakin ol. Karanlıkta bir şey göremiyorum, fenerimi açıyorum.","Calm down. I can't see a thing, I'm turning on my torch.",kod
D4B_T_ECLIPSE_2_LIGHTER,4,SPK_TOLGA,,0,"Sakin ol. Karanlıkta bir şey göremiyorum, çakmağımı yakıyorum.","Calm down. I can't see a thing, I'm lighting my lighter.",ad
D4B_T_ECLIPSE_2_REMOTE,4,SPK_TOLGA,,0,"Sakin ol. Karanlıkta bir şey göremiyorum, kumandanın ışığını yakıyorum.","Calm down. I can't see a thing, I'm switching on the remote's light.",ad
D4B_T_ECLIPSE_3,4,SPK_TOLGA,,0,"Alamet değil, telefon. Şarj yüzde dört. Asıl alamet o.","It's not an omen, it's a phone. Four percent battery. That's the real omen.",kod
D4B_T_ECLIPSE_3_LIGHTER,4,SPK_TOLGA,,0,"Alamet değil, çakmak. Gazı az. Asıl alamet o.","It's not an omen, it's a lighter. Low on gas. That's the real omen.",ad
D4B_T_ECLIPSE_3_REMOTE,4,SPK_TOLGA,,0,"Alamet değil, kumanda. Televizyonu açma tuşu. 1453'te televizyon yok. Asıl alamet o.","It's not an omen, it's a remote. The TV button. There's no TV in 1453. That's the real omen.",ad
D4B_T_HIT_1,4,SPK_TOLGA,[excited],0,Ay!,Ow!,ad
D4B_T_HIT_2,4,SPK_TOLGA,[excited],0,İnciri de mi? İnciri de mi!,Figs too? FIGS too!,ad
D4B_T_HIT_3,4,SPK_TOLGA,[shouting],0,Yeter! Yere... suya... AAAA!,Enough! Down... in... AAAH!,ad
D4B_T_MERCHANT,4,SPK_TOLGA,,0,Evet. Tüccarım. Sigorta satarım. Deniz sigortası. Kuşatma sigortası.,Yes. A merchant. I sell insurance. Marine insurance. Siege insurance.,oyun
D4B_T_SELFIE,4,SPK_TOLGA,,0,Selfie çubuğu! Denge çubuğu oldu. Hayatımda ilk kez işe yaradı.,The selfie stick! It's a balancing pole now. First time it's ever been useful.,kod
D4B_T_SINERJI,4,SPK_TOLGA,,0,Bu tavuk beni seviyor. Geri dönmüyor. Adını Sinerji koyuyorum.,This chicken likes me. It won't go back. I'm naming it Synergy.,kod
D4B_T_SPY,4,SPK_TOLGA,,0,Fes 1829'da gelecek. Yani teknik olarak ben gelecekten gelen bir casusum.,The fez won't exist until 1829. So technically I'm a spy from the future.,oyun
D4_H_RED,4,SPK_HIKMET,,0,(Cızırtı) Evlat? Düğmeye mi bastın? Garanti bitti ama... sinyalini aldım. Bekle.,"(Static) Son? Did you press the button? The warranty's up, but... I got your signal. Hang on.",kod
D4_H_RED_AGAIN,4,SPK_HIKMET,,0,(Cızırtı) Bastıkça daha hızlı gelmiyorum evlat.,"(Static) Pressing it more won't make me come faster, son.",kod
D5_B_INTERCEPT,5,SPK_BUREAU_RADIO,,0,(Cızırtı) Burası Zaman Bürosu. Bu frekans Form Z-40 gerektirir. İyi geceler. Dans etmeliydiniz.,(Static) This is the Time Bureau. This frequency requires Form Z-40. Good night. You should have danced.,oyun
D5_H_01,5,SPK_HIKMET,,0,Saat dört. Kapıda gri bir minibüs. Üstünde 'Zaman Bürosu' yazıyor. Gizli servis bu kadar mı belli olur?,Four o'clock. A grey van at my door. It says 'Time Bureau' on the side. Is a secret service supposed to be this obvious?,oyun
D5_H_02,5,SPK_HIKMET,[shouting],0,Tavanda projektör. Bir de periskop. Periskop! Karada!,A searchlight on the roof. And a periscope. A periscope! On dry land!,oyun
D5_H_03,5,SPK_HIKMET,,0,Leb mi dedi? Çocuk orada bir şey yapıyor. Dünya kıpırdıyor. Önce makine.,Did it say chick? The boy's up to something back there. The world's wobbling. Machine first.,oyun
D5_H_03_NOLEB,5,SPK_HIKMET,,0,Sigortalı mı dedi? Çocuk orada bir şey yapıyor. Dünya kıpırdıyor. Önce makine.,Did it say insured? The boy's up to something back there. The world's wobbling. Machine first.,ad
D5_H_AFTER,5,SPK_HIKMET,,0,"...Duydun mu beni? Hiçbir şey duymadın, değil mi? İyi. Tavuğa selam söyle.","...Did you hear me? You didn't hear anything, did you? Good. Say hello to the chicken.",oyun
D5_H_AFTER_CAMP,5,SPK_HIKMET,,0,"...Duydun mu beni? Hiçbir şey duymadın, değil mi? İyi. Padişah'a selam söyle.","...Did you hear me? You didn't hear anything, did you? Good. Say hello to the Sultan.",ad
D5_H_AFTER_CELL,5,SPK_HIKMET,,0,"...Duydun mu beni? Hiçbir şey duymadın, değil mi? İyi. Gardiyana selam söyle.","...Did you hear me? You didn't hear anything, did you? Good. Say hello to the jailer.",ad
D5_H_AFTER_CITY,5,SPK_HIKMET,,0,"...Duydun mu beni? Hiçbir şey duymadın, değil mi? İyi. Nöbetçiye selam söyle.","...Did you hear me? You didn't hear anything, did you? Good. Say hello to the guard.",ad
D5_H_AFTER_DISHES,5,SPK_HIKMET,,0,"...Duydun mu beni? Hiçbir şey duymadın, değil mi? İyi. Bulaşıklara selam söyle.","...Did you hear me? You didn't hear anything, did you? Good. Say hello to the dishes.",ad
D5_H_AFTER_NO,5,SPK_HIKMET,,0,...Büro dinliyormuş. Dans etmeliydim. Onu da biliyorum.,...The Bureau was listening. I should have danced. I know that too.,oyun
D5_H_CALL_1,5,SPK_HIKMET,,0,"(Telefonu kaldırır, rastgele çevirir) Alo? ...Alo?","(Picks up the phone, dials at random) Hello? ...Hello?",oyun
D5_H_CALL_3,5,SPK_HIKMET,,0,"Bilmiyorum. Rastgele çevirdim. Evlat, her şeyi anlatacağım. Makine, Tolga, 1453, kapıdaki minibüsünüz.","No idea. I dialled at random. Son, I'll tell you everything. The machine, Tolga, 1453, your van outside.",oyun
D5_H_CALL_5,5,SPK_HIKMET,,0,Sağ ol evlat. Bir şey daha: dans etmeyi bilir misin?,"Thanks, son. One more thing: do you know how to dance?",oyun
D5_H_CARD,5,SPK_HIKMET,,0,Bir de o memurun kartı var. Kartta numara yok. 'Aradığınızda bulursunuz' dedi.,"And there's that civil servant's card. No number on it. 'You'll find me when you call,' he said.",oyun
D5_H_CONF_0,5,SPK_HIKMET,,0,Tolga? Evlat? ...Sinyal var ama cevap yok. Belki uyuyordur. 1453'te uyunur mu?,Tolga? Son? ...There's a signal but no answer. Maybe he's asleep. Can you sleep in 1453?,oyun
D5_H_CONF_0_NO,5,SPK_HIKMET,,0,Cızırtı. Sadece cızırtı. Olsun. Ben yine de konuşayım.,Static. Just static. Never mind. I'll talk anyway.,oyun
D5_H_CONF_1,5,SPK_HIKMET,,0,Sana bir şey söyleyeceğim evlat. Makineyi senin için yapmadım. Kendim için yaptım.,"I'll tell you something, son. I didn't build the machine for you. I built it for me.",oyun
D5_H_CONF_2,5,SPK_HIKMET,,0,"1977. Mahallede bir düğün vardı. Herkes kalktı, oynadı. Bir kız bana baktı. Ben kalkmadım.",1977. There was a wedding in the neighbourhood. Everyone got up to dance. A girl looked at me. I didn't get up.,oyun
D5_H_CONF_3,5,SPK_HIKMET,,0,Kırk yıl o geceye dönmek için çalıştım. Makineyi bitirdim... sonra binemedim.,I worked forty years to get back to that night. I finished the machine... and then I couldn't get on.,oyun
D5_H_CONF_4,5,SPK_HIKMET,,0,Seni gönderdim. Benim korkumu sen taşıyorsun şimdi. Kusura bakma evlat.,"So I sent you. You're carrying my fear now. I'm sorry, son.",oyun
D5_H_CONF_RED,5,SPK_HIKMET,,0,Kırmızı düğmeye basmışsın. Sinyalin geldi. Eve dönmek istiyorsun. Biliyorum.,You pressed the red button. Your signal came through. You want to come home. I know.,kod
D5_H_DISMANTLE,5,SPK_HIKMET,,0,"Makineyi sökmem lazım. Kırk yıl yaptım, yarım saatte sökeceğim. Hayat böyle.","I've got to take her apart. Forty years to build, half an hour to strip. That's life.",oyun
D5_H_DISMANTLE2,5,SPK_HIKMET,,0,"Üç parça: halka, panel, anten. Kilimin altındaki bodruma. Işığa dikkat.","Three pieces: the ring, the panel, the antenna. Into the cellar under the rug. Mind the light.",oyun
D5_H_DROPPED,5,SPK_HIKMET,,0,Işık! Parçayı bıraktım. Kırk yıllık refleks. Yeniden alacağım.,The light! I dropped the part. Forty years of reflexes. I'll pick it up again.,kod
D5_H_END,5,SPK_HIKMET,,0,Saat dördü yirmi geçiyor. Minibüs gitmedi. Ben de gitmiyorum.,It's twenty past four. The van hasn't gone. Neither have I.,oyun
D5_H_FOUND,5,SPK_HIKMET,,0,Hep son baktığın yerde olur. Çünkü bulunca bakmayı bırakırsın. Büro makineyi aldı ama kumandanın yedeğini almadı.,"It's always in the last place you look. Because once you find it, you stop looking. The Bureau took the machine but not the spare remote.",oyun
D5_H_FOUND_CALENDAR,5,SPK_HIKMET,[shouting],0,"Takvimin arkasında, davetiyenin içinde! Yedek Telsiz-Kumanda!","Behind the calendar, inside the invitation! The spare Radio-Remote!",ad
D5_H_FOUND_SLIPPER,5,SPK_HIKMET,[shouting],0,Terliğin içinde! Terlik bu sefer sadece terlik değilmiş!,Inside the slipper! This time the slipper wasn't just a slipper!,ad
D5_H_FOUND_TIN,5,SPK_HIKMET,[shouting],0,Kurabiye kutusu... dur. Dikiş setinin altında! Yedek Telsiz-Kumanda!,The biscuit tin... wait. Under the sewing kit! The spare Radio-Remote!,ad
D5_H_FOUND_TV,5,SPK_HIKMET,[shouting],0,"Televizyonun içinde, Dünya Kupası'nın arkasında! Yedek Telsiz-Kumanda!","Inside the telly, behind the World Cup! The spare Radio-Remote!",oyun
D5_H_HANDS_FULL,5,SPK_HIKMET,,0,Tek seferde bir parça. İki elim var ama belim bir tane.,One piece at a time. I've got two hands but only one back.,kod
D5_H_HATCH_EMPTY,5,SPK_HIKMET,,0,Bodrum boş bir şey istemez. Önce bir parça getir.,The cellar doesn't want nothing. Bring a piece first.,kod
D5_H_HIDDEN,5,SPK_HIKMET,,0,Tamam. Kilim yerinde. Garajda makine yok. Garajda sadece bir yaşlı adam var. O da yorgun.,There. Rug's back. No machine in this garage. Just an old man. A tired one.,oyun
D5_H_KNOCK,5,SPK_HIKMET,[whispers],0,"(Sırtını kapıya dayar, fısıltıyla) Kimse yok! ...Yani ben varım ama uyuyorum. Horluyorum. Hrr.","(Leans his back against the door, whispering) Nobody's home! ...Well, I am, but I'm asleep. Snoring. Hrrr.",kod
D5_H_NO_CALL,5,SPK_HIKMET,,0,Memur memurdur. Kendi işimi kendim görürüm.,A civil servant's a civil servant. I'll sort this myself.,oyun
D5_H_PICK_ANTENNA,5,SPK_HIKMET,,0,"Anten hunisi. Hunisiz olmaz. Neden olmaz, bilmiyorum. Olmaz.",The antenna funnel. It won't work without it. I don't know why. It just won't.,oyun
D5_H_PICK_PANEL,5,SPK_HIKMET,,0,Panel. Hâlâ '14:53' yazıyor. Hâlâ yanlış.,The panel. Still says '14:53'. Still wrong.,oyun
D5_H_PICK_RING,5,SPK_HIKMET,,0,Zaman halkası. Aslında eski bir çamaşır makinesi tamburu. Kimse bilmesin.,The time ring. Actually an old washing-machine drum. Don't tell anyone.,oyun
D5_H_SEAL,5,SPK_HIKMET,,0,Mühür. 'Dokunmak yasaktır.' Dokunmayacağım. Üstüne bant yapıştıracağım.,A seal. 'Tampering prohibited.' I won't tamper with it. I'll put tape over it.,oyun
D5_H_SEAL2,5,SPK_HIKMET,,0,Mühür sağlam. Sadece... askıya alındı. Koli bandıyla.,The seal's intact. It's just been... suspended. With duct tape.,oyun
D5_H_SPOT_CALENDAR,5,SPK_HIKMET,,0,1977 takviminin arkası. Burada sadece bir düğün davetiyesi var. ...Burada durmayalım.,Behind the 1977 calendar. Just a wedding invitation. ...Let's not linger here.,oyun
D5_H_SPOT_SLIPPER,5,SPK_HIKMET,,0,Terlik. Sadece terlik. Terlik her zaman sadece terliktir.,A slipper. Just a slipper. A slipper is always just a slipper.,ad
D5_H_SPOT_TIN,5,SPK_HIKMET,,0,"Kurabiye kutusu. İçinde kurabiye yok, dikiş seti var. Kumanda yok. Klasik.","The biscuit tin. No biscuits, just a sewing kit. No remote. Classic.",oyun
D5_H_SPOT_TV,5,SPK_HIKMET,,0,"Televizyonun içi. Toz, bir örümcek, bir de 1986 Dünya Kupası.","Inside the telly. Dust, a spider, and the 1986 World Cup.",ad
D5_H_TUNE,5,SPK_HIKMET,,0,"Tamam evlat. Frekansını bulayım. Çabuk olmalıyım, minibüs de dinliyordur.","Right, son. Let me find your frequency. Got to be quick, the van's listening too.",oyun
D5_N_CALL_2,5,SPK_NIHAT,,0,"Zaman Bürosu, Denetçi Nihat. ...Hikmet Bey? Nasıl aradınız? Kartta numara yok.","Time Bureau, Inspector Nihat. ...Mr Hikmet? How did you call? There's no number on the card.",oyun
D5_N_CALL_4,5,SPK_NIHAT,,0,Minibüs bizim değil. ...Bizim. Ama ben göndermedim. Kural gereği göndermem gerekirdi. Göndermedim.,The van's not ours. ...It is ours. But I didn't send it. The rules say I should have. I didn't.,oyun
D5_N_CALL_6,5,SPK_NIHAT,,0,"...Bu soru hiçbir formda yok. İyi geceler, Hikmet Bey.","...That question isn't on any form. Good night, Mr Hikmet.",oyun
D5_RADIO_01,5,SPK_RADIO,[hesitant],0,"(Radyo) ...Leb... İstanbul'da bugün hava parçalı leblebi... pardon, parçalı bulutlu.","(Radio) ...Chick... In Istanbul today, partly chickpea... sorry, partly cloudy.",oyun
D5_RADIO_01_NOLEB,5,SPK_RADIO,[hesitant],0,"(Radyo) ...Sig... İstanbul'da bugün hava parçalı sigortalı... pardon, parçalı bulutlu.","(Radio) ...Insur... In Istanbul today, partly insured... sorry, partly cloudy.",varyant
D5_RADIO_02,5,SPK_RADIO,,0,"(Radyo) Günün sözü: 'Az leblebi, çok düşün.' ...Bu söz daha önce böyle miydi?","(Radio) Today's proverb: 'Few chickpeas, much thought.' ...Was it always like that?",kod
D5_RADIO_02_NOLEB,5,SPK_RADIO,,0,"(Radyo) Günün sözü: 'Az poliçe, çok düşün.' ...Bu söz daha önce böyle miydi?","(Radio) Today's proverb: 'Few policies, much thought.' ...Was it always like that?",kod
D5_T_ACCIDENT_CAMP,5,SPK_TOLGA,,0,(Telsiz) Hikmet Amca? Yanlışlıkla bastım. Otağa gidiyorum. Fes hâlâ başımda.,(Radio) Uncle Hikmet? I pressed it by accident. I'm heading to the imperial tent. Still wearing the fez.,oyun
D5_T_ACCIDENT_CAMP_NOFEZ,5,SPK_TOLGA,,0,"(Telsiz) Hikmet Amca? Yanlışlıkla bastım. Otağa gidiyorum. Fes cebimde; başım açık, kimse bir şey demiyor.","(Radio) Uncle Hikmet? I pressed it by accident. I'm heading to the imperial tent. The fez is in my pocket; bare head, and nobody says a thing.",varyant
D5_T_ACCIDENT_CELL,5,SPK_TOLGA,,0,(Telsiz) Hikmet Amca? Yanlışlıkla bastım. Bir hücredeyim. Islağım. Bir de form doldurdum.,(Radio) Uncle Hikmet? I pressed it by accident. I'm in a cell. I'm wet. And I've filled in a form.,ad
D5_T_ACCIDENT_CHICKEN,5,SPK_TOLGA,,0,(Telsiz) Hikmet Amca? Yanlışlıkla bastım. Burada bir tavuk var. Beni takip ediyor.,(Radio) Uncle Hikmet? I pressed it by accident. There's a chicken here. It's following me.,ad
D5_T_ACCIDENT_CITY,5,SPK_TOLGA,,0,(Telsiz) Hikmet Amca? Yanlışlıkla bastım. Surların içindeyim. Bir nöbetçi kapıyı bana açtı. Neden açtığını hâlâ düşünüyorum.,(Radio) Uncle Hikmet? I pressed it by accident. I'm inside the walls. A guard opened the gate for me. I'm still wondering why.,ad
D5_T_ACCIDENT_DISHES,5,SPK_TOLGA,,0,(Telsiz) Hikmet Amca? Yanlışlıkla bastım. Burada biri bana bulaşık yıkatıyor.,(Radio) Uncle Hikmet? I pressed it by accident. Someone here is making me do the washing-up.,ad
D5_V_1,5,SPK_VAN,,0,Dikkat! Garajda zaman dışı hareket tespit edildi.,Attention! Out-of-time movement detected in the garage.,kod
D5_V_2,5,SPK_VAN,,0,...Pijamalı bir hareket.,...Movement in pyjamas.,ad
D5_V_3,5,SPK_VAN,,0,Lütfen ışıkta durmayın. Form Z-11: Işıkta durma yasağı.,Please do not stand in the light. Form Z-11: prohibition of standing in the light.,ad
D5_V_4,5,SPK_VAN,,0,Kapıyı çalacağız. Çalıyoruz. Çaldık.,We are going to knock. We are knocking. We have knocked.,ad
D5_V_KNOCK,5,SPK_VAN,,0,"(Kapı vurulur) Zaman Bürosu, rutin kontrol! ...Pardon. Yanlış garaj. İyi geceler.","(A knock at the door) Time Bureau, routine inspection! ...Sorry. Wrong garage. Good night.",kod
D5_V_KNOCK_REAL,5,SPK_VAN,[shouting],0,"(Kapı sertçe vurulur) Zaman Bürosu! Açın, rutin kontrol!","(A hard knock at the door) Time Bureau! Open up, routine inspection!",kod
D6A_C_01,6,SPK_CANDARLI,,0,Psst. Fesli. Buraya. Ben kimseyim. Kimse gönderdi.,Psst. Fez. Over here. I am nobody. Nobody sent me.,oyun
D6A_C_01_NOFEZ,6,SPK_CANDARLI,,0,Psst. Redingotlu. Buraya. Ben kimseyim. Kimse gönderdi.,Psst. Frock coat. Over here. I am nobody. Nobody sent me.,varyant
D6A_C_03,6,SPK_CANDARLI,,0,Çandarlı Paşa. ...Kimse yani. Kuşatmaya karşıyız. Bu mektubu otağda doğru kişiye ver. Barış demek.,"Çandarlı Pasha. ...Nobody, I mean. We're against the siege. Give this letter to the right person in the imperial tent. It means peace.",oyun
D6A_C_REFUSED,6,SPK_CANDARLI,,0,Akıllısın. Ya da korkak. İkisi de uzun yaşar.,You're clever. Or a coward. Both live long.,kod
D6A_C_TAKEN,6,SPK_CANDARLI,,0,Kimse bu mektubu vermedi. Sen de almadın. Güle güle.,Nobody gave you this letter. And you didn't take it. Goodbye.,oyun
D6A_KADRI_KITCHEN,6,SPK_KADRI,,0,"Bulaşık bitti mi? Bitti. Aferin. Şimdi ne yapacağız seninle, casus?","Washing-up done? Done. Good lad. Now what are we going to do with you, spy?",kod
D6A_S_LETTER,6,SPK_SOLDIER,,0,"Sen yazı biliyor musun? Anneme mektup yazacağım ama ben bilmiyorum. Söyle, sen yaz.","Can you write? I want to write to my mother but I can't. You tell me what to say, you write it.",oyun
D6A_S_LETTER_R1,6,SPK_SOLDIER,,0,Top çok gürültülü. Doğru. Annem bilsin.,The cannon's very loud. True. Mum should know.,oyun
D6A_S_LETTER_R2,6,SPK_SOLDIER,,0,'Geri dönüşünüzü rica ederim'... Annem bunu duyunca ağlar. Güzel ağlar ama.,"'Grateful for your feedback'... Mum'll cry when she hears that. Nice crying, though.",ad
D6A_S_LETTER_R3,6,SPK_SOLDIER,,0,Sigorta ne? ...Annem her şeyi sigortalar zaten. Keçiyi bile.,What's insurance? ...Mum insures everything already. Even the goat.,ad
D6A_T_01,6,SPK_TOLGA,,0,"Sabah oldu. Otağ tepede. Oraya nasıl gidilir? Mutfak, tercüman, topçu... bir de pazar.","Morning. The imperial tent's up on the hill. How do you get there? Kitchen, interpreter, artillery... and the market.",oyun
D6A_T_CANNON,6,SPK_TOLGA,,0,Büyük top. Belgeselde çatlıyordu. Çatlak burada. Belgesel haklıymış.,The great cannon. In the documentary it cracked. There's the crack. The documentary was right.,kod
D6A_T_C_02,6,SPK_TOLGA,,0,...Kimse kim?,...Who's nobody?,oyun
D6A_T_C_TAKEN,6,SPK_TOLGA,,0,Cebimde gizli bir mektup var. Belgesellerde bu kısım hep sonradan kötü biter.,"I've a secret letter in my pocket. In documentaries, this is always the bit that goes wrong later.",oyun
D6A_T_GOAT,6,SPK_TOLGA,,0,Yakaladım! Keçi beni ısırdı. Isırmadı. Isırdı.,Got it! The goat bit me. It didn't. It did.,oyun
D6A_T_GOAT_MISS,6,SPK_TOLGA,,0,Keçi benden hızlı. Köşeye sıkıştırmam lazım.,The goat's faster than me. I need to corner it.,kod
D6A_T_KAFTAN,6,SPK_TOLGA,,0,"Keçi, yüzük, mektup. Tüccar teşekkür için bir kaftan verdi. Redingotun üstüne giydim. Çok komik görünüyorum. Ama otağ yolunda kimse durdurmuyor.","The goat, the ring, the letter. The merchant gave me a kaftan to say thanks. I've put it on over my frock coat. I look ridiculous. But nobody stops me on the road to the imperial tent.",oyun
D6A_T_RING,6,SPK_TOLGA,,0,Mühür yüzüğü! Tozun içinde parlıyordu. Sahibi çok sevinecek. Ya da beni hırsız sanacak.,A signet ring! Glinting in the dust. Its owner will be delighted. Or think I stole it.,oyun
D6A_T_ROAD_A,6,SPK_TOLGA,,0,Otağ yolundayım. Elimde leblebi tepsisi. Başım açık. Arkamda Kadri: 'Düşürme!',On the road to the tent. A tray of leblebi in my hands. Bareheaded. Kadri behind me: 'Don't drop it!',oyun
D6A_T_ROAD_B,6,SPK_TOLGA,,0,Otağ yolundayım. Yanımda Lütfi. 'Frenk elçisi' diye tanıtıyor. Frenkçe bilmiyorum. Lütfi de bilmiyor.,"On the road to the tent. Lütfi's with me, introducing me as a 'Frankish envoy'. I don't speak Frankish. Neither does Lütfi.",oyun
D6A_T_ROAD_C,6,SPK_TOLGA,,0,Otağ yolundayım. Urban'ın çırağıyım. Kulaklarımda pamuk. Top denemesine Padişah gelecek.,On the road to the tent. Urban's apprentice. Cotton wool in my ears. The Sultan's coming to the test firing.,oyun
D6A_T_ROAD_Y,6,SPK_TOLGA,,0,"Otağ yolundayım. Kaftan, redingot, fes. Üç yüzyılı üst üste giymiş gibiyim.","On the road to the tent. Kaftan, frock coat, fez. It's like wearing three centuries at once.",oyun
D6A_T_ROAD_Y_NOFEZ,6,SPK_TOLGA,,0,"Otağ yolundayım. Kaftan, redingot, başım açık. İki yüzyılı üst üste giymiş gibiyim.","On the road to the tent. Kaftan, frock coat, bare head. It's like wearing two centuries at once.",varyant
D6B_C_ALREADY,6,SPK_CLERK,,0,Mühürlendi. Aynı mührü iki kez vurmak Form Ζ-2 gerektirir.,Already sealed. Sealing twice requires Form Ζ-2.,ad
D6B_C_ANY,6,SPK_CLERK,,0,[Yunanca] Bu da ne? Formu yok. Olmayan şeyi göremem.,[Greek] What is this? It has no form. I cannot see what does not exist.,ad
D6B_C_BOOK,6,SPK_CLERK,,0,[Yunanca] Kaç nüsha? Bir mi? Yedi olmalı.,[Greek] How many copies? One? There should be seven.,ad
D6B_C_CHICKPEAS,6,SPK_CLERK,,0,[Yunanca] Yiyecekler gümrük odasına. Üçüncü kat. Salı günleri.,[Greek] Foodstuffs go to the customs office. Third floor. Tuesdays.,ad
D6B_C_COLOGNE,6,SPK_CLERK,,0,[Yunanca] Hoş bir koku. Memurlara hediye vermek yasaktır. (Şişeyi cebine koyar),[Greek] A pleasant scent. Gifts to officials are forbidden. (Pockets the bottle),ad
D6B_C_FEAST,6,SPK_CLERK,,0,"[Yunanca] Bugün yortu. Mühür tek, o da Theodoros'ta. Ben bugün sadece sayıyorum.","[Greek] It's a feast day. One seal only, and Theodoros has it. Today I only count.",kod
D6B_C_LIGHTER,6,SPK_CLERK,,0,[Yunanca] Arşivimde ateş mi? Dışarı. Sonra tekrar sıraya girin.,[Greek] Fire? In my archive? Out. Then rejoin the queue.,ad
D6B_C_NEED,6,SPK_CLERK,,0,[Yunanca] Olmaz. Önce %s odasının mührü lazım. Sıraya girin.,[Greek] Impossible. First you need the seal from room %s. Rejoin the queue.,ad
D6B_C_OK_1,6,SPK_CLERK,,0,[Yunanca] Mühürlendi. Sıradaki.,[Greek] Sealed. Next.,oyun
D6B_C_OK_2,6,SPK_CLERK,,0,"[Yunanca] Mühürlendi. Yavaş yürüyün, koridor mermer.","[Greek] Sealed. Walk slowly, the corridor is marble.",oyun
D6B_C_OK_3,6,SPK_CLERK,,0,[Yunanca] Mühürlendi. Mürekkep kurumadan katlamayın.,[Greek] Sealed. Do not fold before the ink dries.,oyun
D6B_C_OK_4,6,SPK_CLERK,,0,[Yunanca] Mühürlendi. Bu mühür 1204'ten beri kullanılıyor.,[Greek] Sealed. This seal has been in use since 1204.,oyun
D6B_C_PHONE,6,SPK_CLERK,,0,[Yunanca] Bu belgenin mührü yok. Mühürsüz belge yoktur.,[Greek] This document is unsealed. An unsealed document does not exist.,ad
D6B_C_POWERBANK,6,SPK_CLERK,[formal],0,"[Yunanca] Kâğıt ağırlığı olarak kabul edilmiştir. Teşekkürler. (Masasına koyar, bir mühür vurur)",[Greek] Accepted as a paperweight. Thank you. (Places it on his desk and applies a seal),ad
D6B_C_SELFIE,6,SPK_CLERK,,0,[Yunanca] Kendi portrenizi mi yapıyorsunuz? Portre izni ikinci odada.,[Greek] You are making your own portrait? Portrait permits are in the second room.,ad
D6B_C_TAPE,6,SPK_CLERK,,0,[Yunanca] Mühürleri bununla birleştirmek sahteciliktir. Bütün mühürler iptal. Baştan.,[Greek] Joining seals with this constitutes forgery. All seals cancelled. From the beginning.,ad
D6B_C_THERMOS,6,SPK_CLERK,[hesitant],0,[Yunanca] Sıcak içecek... (bir yudum) ...Bu belgeyi bugün işleme alırım. (Sıradaki mührü vurur),[Greek] A hot drink... (a sip) ...I shall process this document today. (Applies the next seal),ad
D6B_E_01,6,SPK_EMPEROR,,0,"[Yunanca] Osmanlı'nın elçisi misin? Yoksa yolunu mu kaybettin, yabancı?","[Greek] Are you the Ottoman envoy? Or have you lost your way, stranger?",oyun
D6B_E_03,6,SPK_EMPEROR,,0,[Yunanca] Sultana bir mektubum var. Onu götürür müsün?,[Greek] I have a letter for the Sultan. Will you carry it?,oyun
D6B_E_04,6,SPK_EMPEROR,,0,"[Yunanca] Tanrı seninle olsun, yabancı. Bu şehir seni hatırlayacak.","[Greek] God be with you, stranger. This city will remember you.",oyun
D6B_GUARD_FAIL,6,SPK_CITY_GUARD,[excited],0,[Yunanca] İzin? İzniniz yok. Martı mı aldı? Hepsi öyle diyor. Zindana!,[Greek] Permit? You have no permit. A gull took it? That's what they all say. To the dungeon!,kod
D6B_G_BOOK_BACK,6,SPK_GIUST,,0,"Al kitabını. Cenovalı geleceğini okumaz, yazar.",Take your book. A Genoese doesn't read his future; he writes it.,kod
D6B_G_BOOK_KEEP,6,SPK_GIUST,,0,Bırak. Gece okurum. Adım geçiyorsa ne yazdığını bilmek isterim. ...Bilmek istemesem de.,"Leave it. I'll read it tonight. If my name is in it, I want to know what it says. ...Even if I'd rather not.",kod
D6B_G_GULL,6,SPK_GIUST,,0,O martı bu hafta üç ferman çaldı. Sizinki dördüncü. Geri alan ilk kişisiniz.,That gull has stolen three decrees this week. Yours is the fourth. You're the first to get one back.,kod
D6B_G_INSURANCE,6,SPK_GIUST,,0,Kuşatma?,Siege?,oyun
D6B_G_INSURANCE2,6,SPK_GIUST,,0,Kuşatmanın ortasında kuşatma hariç poliçe. Cenova'da seni ortak yaparlardı.,"A policy that excludes sieges, sold in the middle of a siege. In Genoa they'd make you a partner.",oyun
D6B_G_SILENT,6,SPK_GIUST,,0,"Dikkatli olmak benim mesleğim. Ücretini de alırım. Güle güle, sigortacı.","Being careful is my trade. I charge for it, too. Farewell, insurance man.",oyun
D6B_G_WARN,6,SPK_GIUST,,0,Yaralanmak mı? Sözleşmemde yaralanma yok. ...Bu bilgiyi kaç dukaya aldın? Sana iki katını veririm.,Wounded? There's nothing about wounds in my contract. ...How many ducats did you pay for that information? I'll give you double.,oyun
D6B_NIHAT_ALARM,6,SPK_NIHAT,,0,"(Uzaktan, daktilo sesi) ...Paradoks eşiği aşıldı. Form Z-1453. Üç nüsha.","(From somewhere, the clack of a typewriter) ...Paradox threshold exceeded. Form Z-1453. Three copies.",oyun
D6B_NIHAT_CAMEO,6,SPK_NIHAT,[hesitant],0,"(Fötr şapkalı bir adam, kançılaryanın koridorunda) Yortuda tek mühür... Olağanüstü bir sadeleştirme. Ben bu adamlardan çok şey öğrenirim. ...Siz kimsiniz? Hiç kimse. Ben de hiç kimseyim.","(A man in a fedora, in the chancery corridor) One seal on feast days... A remarkable simplification. I could learn so much from these people. ...Who are you? Nobody. I'm nobody too.",kod
D6B_NIHAT_PLAZA,6,SPK_NIHAT,[hesitant],0,"(Koridordan, fötr şapkalı bir adam) Akış şeması... Yedi mühür... Ben bu insanlardan çok şey öğrenirim.","(From the corridor, a man in a fedora) A flowchart... Seven seals... I could learn so much from these people.",oyun
D6B_NK_ROOF,6,SPK_NIKO,[shouting],0,(Aşağıdan bağırır) Casus! O çatının tapusu sende mi? İzinsiz çatı gezisi için form var. ...Ben yazdım.,(Shouting from below) Spy! Do you hold the deed to that roof? There's a form for unauthorised roof tours. ...I wrote it.,kod
D6B_N_BYE,6,SPK_NIKO,[shouting],0,"Git, casus! Annene selam söyle! Annen hâlâ bir Ceneviz kayığı mı?","Off you go, spy! Say hello to your mother! Is your mother still a Genoese rowing boat?",oyun
D6B_N_CALL,6,SPK_NIKO,[shouting],0,Casus! Buraya! Kançılaryaya! İzin olmadan şehirde tavuk bile gezemez.,"Spy! Over here! To the chancery! Without a permit, not even a chicken can walk this city.",oyun
D6B_N_CELL_MORNING,6,SPK_NIKO,,0,"Sabah oldu, casus. Kalk. Zindan formunu ben doldurdum. Fesinin rengine 'kırmızımsı' yazdım.","Morning, spy. Up you get. I filled in your dungeon form. For the colour of your fez I put 'reddish'.",kod
D6B_N_CELL_MORNING_NOFEZ,6,SPK_NIKO,,0,"Sabah oldu, casus. Kalk. Zindan formunu ben doldurdum. Şapka rengine 'yok' yazdım. Yok da bir renktir.","Morning, spy. Up you get. I filled in your dungeon form. For hat colour I put 'none'. None is a colour too.",varyant
D6B_N_DUNGEON,6,SPK_NIKO,,0,Casus! Yine mi? Zindan formunu ezbere biliyorum artık. 'Fes: kırmızımsı.',Spy! Again? I know the dungeon form by heart now. 'Fez: reddish.',oyun
D6B_N_DUNGEON_FIRST,6,SPK_NIKO,,0,"Casus! Zindana hoş geldin. Form şöyle: adın, baban, fesinin rengi. 'Kırmızımsı' yazıyorum.","Spy! Welcome to the dungeon. The form goes: your name, your father, the colour of your fez. I'm putting 'reddish'.",kod
D6B_N_DUNGEON_FIRST_NOFEZ,6,SPK_NIKO,,0,"Casus! Zindana hoş geldin. Form şöyle: adın, baban, şapkanın rengi. Şapka: yok. Yazdım.","Spy! Welcome to the dungeon. The form goes: your name, your father, the colour of your hat. Hat: none. Written.",varyant
D6B_N_DUNGEON_NOFEZ,6,SPK_NIKO,,0,Casus! Yine mi? Zindan formunu ezbere biliyorum artık. 'Şapka: yok.',Spy! Again? I know the dungeon form by heart now. 'Hat: none.',varyant
D6B_N_E_01,6,SPK_NIKO,,0,"İmparator diyor: bu adam kim, niye tavuk kokuyor?","The Emperor says: who is this man, and why does he smell of chicken?",oyun
D6B_N_E_03,6,SPK_NIKO,,0,"İmparator diyor: kâğıt al, git, bir daha gelme.","The Emperor says: take paper, go, don't come back.",oyun
D6B_N_E_04,6,SPK_NIKO,,0,...Diyor ki: kapı şu tarafta. (Sessizce) Aslında güzel bir şey dedi. Ben söylemeyeyim.,...He says: the gate's that way. (Quietly) Actually he said something nice. I won't say it.,oyun
D6B_N_FRIEND,6,SPK_NIKO,,0,Dost casus! Nohudunu unutmadım. İmparator'a seni iyi anlattım. Yarısı yalandı ama iyiydi.,"Friend spy! I haven't forgotten your chickpeas. I spoke well of you to the Emperor. Half of it was lies, but good lies.",kod
D6B_N_GULL,6,SPK_NIKO,[shouting],0,"Casus, koş! İzinsiz yakalanırsan zindan! O martı geçen hafta bir fermanı yedi!","Run, spy! Get caught without a permit and it's the dungeon! That gull ate a decree last week!",kod
D6B_N_HINT,6,SPK_NIKO,,0,"En sondaki oda, Eta. Eta bizde 'bekle' demek. ...Yalan. Ama oda gerçekten Eta.","The last room, Eta. Eta means 'wait' here. ...That's a lie. But it really is Eta.",kod
D6B_N_MISS,6,SPK_NIKO,[shouting],0,"Casus, yavaşsın! Martı sıkılıyor!","Spy, you're too slow! The gull's getting bored!",ad
D6B_N_NOT_YET,6,SPK_NIKO,,0,"İmparator'a şimdi olmaz. Önce izin, sonra surlar, sonra İmparator. Sıra var.","Not the Emperor yet. Permit first, then the walls, then the Emperor. There's an order.",kod
D6B_N_PERMIT,6,SPK_NIKO,,0,"Şehirde kalmak için Misafir İzni lazım. Logothetes Theodoros verir, en sondaki oda. Öbür altı odayla uğraşma, orada sadece mühür sayarlar.","To stay in the city you need a Visitor's Permit. Theodoros the Logothete issues them, the last room. Don't bother with the other six, they only count seals in there.",oyun
D6B_N_PLAZA,6,SPK_NIKO,,0,"...Akış şeması? Memurlar bunu duyunca ağladı. Sevinçten. Al, sıra bu. Kimseye söyleme.",...A flowchart? The clerks wept when they heard that. With joy. Here's the order. Don't tell anyone.,oyun
D6B_N_ROOF,6,SPK_NIKO,,0,"Tolga, o çatının tapusu sende mi? Bizans'ta izinsiz çatı gezisi için form var mı, bir bakayım.","Tolga, do you hold the deed to that roof? Let me check whether Byzantium has a form for unauthorised roof tours.",ad
D6B_THEO_DONE,6,SPK_THEODOROS,,0,"[Yunanca] Logothetes Theodoros. Yedi mühür, yedi nüsha. Misafir İzni onaylandı. Şehrimize hoş geldiniz. Çıkış Delta'dan değil, kapıdan.","[Greek] Theodoros, Logothete. Seven seals, seven copies. Visitor's Permit approved. Welcome to our city. The exit is through the door, not through Delta.",oyun
D6B_THEO_FAIL,6,SPK_THEODOROS,[excited],0,"[Yunanca] Dört hata. Dört! Bu kişi bir casus değil, daha kötüsü: sırasız bir başvuru. Muhafızlar!",[Greek] Four mistakes. FOUR! This is no spy. It's worse: an application out of order. Guards!,oyun
D6B_THEO_GRANT,6,SPK_THEODOROS,,0,"[Yunanca] Misafir İzni. Normalde yedi nüsha, yedi mühür. Ama bugün Aziz Yorgi yortusu. Yortuda tek mühür. (Mühürler) Kapıda rüzgâra dikkat.","[Greek] A Visitor's Permit. Normally seven copies, seven seals. But today is the feast of Saint George. On a feast day, one seal. (Stamps) Mind the wind at the door.",kod
D6B_T_01,6,SPK_TOLGA,,0,Konstantinopolis. İçerideyim. Belgesellerde hep dışarıdan gösteriyorlardı.,Constantinople. I'm inside. The documentaries always showed it from outside.,oyun
D6B_T_AFTER_LETTER,6,SPK_TOLGA,,0,...(Mektubu katlıyorum. Mühür kırık.) Bunu Padişah'a nasıl açıklayacağım?,...(I fold the letter. The seal is broken.) How am I going to explain this to the Sultan?,oyun
D6B_T_BOOK,6,SPK_TOLGA,,0,(Kitapta 29 Mayıs sayfası. Giustiniani'nin adı orada.),(The book is open at the 29th of May. Giustiniani's name is on the page.),kod
D6B_T_BOOK_KEEP,6,SPK_TOLGA,,0,Lise tarih kitabımı Giustiniani'ye bıraktım. Öğretmenim duysa gururlanırdı. Ya da kalp krizi geçirirdi.,I left my high-school history book with Giustiniani. My teacher would be proud. Or have a heart attack.,kod
D6B_T_CAUGHT,6,SPK_TOLGA,,0,Yakaladım! ...Kâğıt biraz ıslak. Mühür sağlam.,Got it! ...The paper's a bit damp. The seal's intact.,kod
D6B_T_CHASE_1,6,SPK_TOLGA,[shouting],0,Gel buraya! Sigortan yok senin!,Come here! You're not insured!,kod
D6B_T_CHASE_2,6,SPK_TOLGA,,0,"Martı değil bu, kanatlı memur. Belgeyi alıyor, başka masaya götürüyor.","That's no gull, it's a clerk with wings. Takes your paperwork to another desk.",ad
D6B_T_CHASE_3,6,SPK_TOLGA,,0,Çamaşır ipi mi? Ciddi misin?,The washing line? Seriously?,kod
D6B_T_CHASE_4,6,SPK_TOLGA,[shouting],0,Surlara gidiyor! Surlara gitme!,It's heading for the walls! Not the walls!,ad
D6B_T_DUNGEON,6,SPK_TOLGA,,0,İkinci zindanım. 1453'te bir sigortacı için fazla.,My second dungeon. A lot for one insurance man in 1453.,oyun
D6B_T_DUNGEON_FIRST,6,SPK_TOLGA,,0,İlk zindanım. 1453'te bir sigortacı için bir tanesi bile fazla.,My first dungeon. Even one is a lot for an insurance man in 1453.,ad
D6B_T_E_02,6,SPK_TOLGA,,0,Ben... elçiyim. Bir tür. Sigorta elçisi.,I'm... an envoy. Of a sort. An insurance envoy.,oyun
D6B_T_GOT_PERMIT,6,SPK_TOLGA,,0,Tek mühür. Bizans'ta bürokrasi bile bayram yapıyor.,One seal. In Byzantium even the bureaucracy gets a holiday.,kod
D6B_T_GULL,6,SPK_TOLGA,[shouting],0,Hey! O benim iznim! ...Martı. 1453'te de martı. Bazı şeyler hiç değişmiyor.,Hey! That's my permit! ...A gull. Gulls in 1453 too. Some things never change.,kod
D6B_T_INSURANCE,6,SPK_TOLGA,,0,"Size bir savaş sigortası poliçesi önermek istiyorum. Yangın, sel, deprem...","I'd like to offer you a war insurance policy. Fire, flood, earthquake...",oyun
D6B_T_INSURANCE2,6,SPK_TOLGA,,0,...Kuşatma hariç. Kuşatma ek teminat.,...Siege excluded. Siege is an optional extra.,oyun
D6B_T_KNOW,6,SPK_TOLGA,,0,(Onun ne olacağını biliyorum. 29 Mayıs. Belgeselde bu kısımda müzik değişiyordu.),"(I know what happens to him. The 29th of May. In the documentary, the music changed at this point.)",oyun
D6B_T_LETTER,6,SPK_TOLGA,,0,Cebimde bir imparatorun mektubu. Mühürlü. Kırmızı. Ağır.,An emperor's letter in my pocket. Sealed. Red. Heavy.,oyun
D6B_T_LOST,6,SPK_TOLGA,,0,Gitti. İznim surların üstünden uçtu. Osmanlı ordugâhına. Belki orada birinin işine yarar.,Gone. My permit just flew over the walls. Into the Ottoman camp. Maybe someone over there can use it.,kod
D6B_T_LURE,6,SPK_TOLGA,,0,"Leblebi! Martılar leblebiye bayılır. Bunu 2026'dan biliyorum, Karaköy'den.",Chickpeas! Gulls go mad for roasted chickpeas. I know that from 2026. Karaköy.,kod
D6B_T_MISS,6,SPK_TOLGA,,0,Kaçırdım! Nerede? ...Orada. Pis pis bakıyor.,Lost it! Where's it gone? ...There. Giving me a filthy look.,ad
D6B_T_PECK,6,SPK_TOLGA,[shouting],0,"...(Sinerji mektubu gagalamaya çalışıyor.) Hayır. Hayır! Bu bir imparatorun mektubu, Sinerji!","...(Synergy is trying to peck the letter.) No. NO! That's an emperor's letter, Synergy!",kod
D6B_T_PERMIT,6,SPK_TOLGA,,0,Misafir İzni. Yedi mühür. Hayatımda aldığım en zor belge. Ehliyetten bile zor.,A Visitor's Permit. Seven seals. The hardest document I've ever got. Harder than a driving licence.,oyun
D6B_T_PLAZA,6,SPK_TOLGA,,0,Bir dakika. Bu süreci bir akış şemasına dökelim. Girdi: yabancı. Çıktı: izin. Paydaşlar: yedi memur.,Hang on. Let's map this process out in a flowchart. Input: foreigner. Output: permit. Stakeholders: seven clerks.,oyun
D6B_T_SEALED,6,SPK_TOLGA,,0,Mühre dokunmadım. Bazı şeyleri okumamak lazım. Bunu da belgeselden öğrenmedim.,I didn't touch the seal. Some things you shouldn't read. I didn't learn that from a documentary.,oyun
D6B_T_SILENT,6,SPK_TOLGA,,0,Sadece... dikkatli olun.,Just... be careful.,oyun
D6B_T_VISTA_1,6,SPK_TOLGA,,0,Haliç... Zincirin ucundaki kuleyi buradan görebiliyorum. Benim evden Haliç ancak trafik haberinde görünür.,The Golden Horn... I can see the tower at the end of the chain from here. From my flat you only see the Horn on the traffic news.,ad
D6B_T_VISTA_2,6,SPK_TOLGA,,0,Ayasofya. Minaresiz. Kimseye söylemeyin ama bu hâli de çok yakışıklı.,"Hagia Sophia. No minarets. Don't tell anyone, but it looks handsome like this too.",ad
D6B_T_VISTA_3,6,SPK_TOLGA,,0,"Kara surları. Bir ay sonra burada top sesinden başka bir şey duyulmayacak. Şimdi martı var, bir de bir teyze bağırıyor.","The land walls. In a month you won't hear anything here but cannons. Right now there are gulls, and an auntie shouting.",ad
D6B_T_WARN,6,SPK_TOLGA,,0,29 Mayıs'ta yaralanacaksınız. Surları bırakmayın. Ne olursa olsun.,On the 29th of May you'll be wounded. Don't leave the walls. Whatever happens.,oyun
D6_EMP_BOOK,6,SPK_EMPEROR,,0,"(Sayfaları çevirir, durur) ...Sonunu okumayacağım. Bazı kitapların sonu okuyana değil, yazana aittir.","(Turns the pages, stops) ...I won't read the ending. Some books' endings belong to the writer, not the reader.",ad
D6_EMP_CHICKPEAS,6,SPK_EMPEROR,,0,Kavrulmuş nohut. Çocukken sarayın mutfağından çalardım. Kimse bilmez. Sen de bilme.,Roasted chickpeas. I used to steal them from the palace kitchen as a boy. No one knows. Neither do you.,ad
D6_EMP_COLOGNE,6,SPK_EMPEROR,,0,Limon çiçeği. Annemin bahçesi böyle kokardı. Teşekkür ederim.,Lemon blossom. My mother's garden smelled like this. Thank you.,ad
D6_EMP_CUBE,6,SPK_EMPEROR,,0,"Her yüzü başka renk, hepsi karışık. Yine de bir bütün. ...Bu şehir gibi.","Every face a different colour, all jumbled. Still one whole. ...Like this city.",ad
D6_EMP_LIGHTER,6,SPK_EMPEROR,,0,"Bir kıvılcım. Bu şehir bin yıl bir kıvılcımla yandı, bir kıvılcımla dirildi.","A spark. This city has burned on a spark for a thousand years, and risen on one.",ad
D6_EMP_PHONE,6,SPK_EMPEROR,,0,"(Ekrana bakar) İçinde küçük bir dünya var. Bizimki de böyle küçüldü, evlât.","(Looks at the screen) There's a small world inside. Ours has grown that small too, son.",ad
D6_EMP_POWERBANK,6,SPK_EMPEROR,,0,Ağır ve sıcak. Kalbi var gibi. Bu şehrin de kalbi hâlâ sıcak.,Heavy and warm. As if it had a heart. This city's heart is still warm too.,ad
D6_EMP_SELFIE,6,SPK_EMPEROR,,0,"Bir ikona gibi. Ama ressam yok, altın yok. Yalnız yorgun bir adam. ...Doğru bir ikona.","Like an icon. But no painter, no gold. Just a tired man. ...An honest icon.",ad
D6_EMP_TAPE,6,SPK_EMPEROR,,0,Yapıştırıcı şerit. Keşke Roma'yı da bununla bir arada tutabilseydik.,Sticky ribbon. If only we could have held Rome together with it.,ad
D6_EMP_THERMOS,6,SPK_EMPEROR,,0,"(Bir yudum alır, gözlerini kapar) Sıcak. Tatlı. ...Kuşatmanın kırkıncı gününde bir imparatora çay. Tanrı seni korusun, yabancı.","(Takes a sip, closes his eyes) Hot. Sweet. ...Tea for an emperor on the fortieth day of the siege. God keep you, stranger.",ad
D6_GIUST_BOOK,6,SPK_GIUST,,0,Adım yazıyor mu? ...Yazıyor mu?,Is my name in there? ...Is it?,kod
D6_GIUST_CHICKPEAS,6,SPK_GIUST,,0,Kavrulmuş nohut. Surda nöbetçi uyumasın diye iyidir. Hesaba yazıyorum.,Roasted chickpeas. Good for keeping sentries awake. I'm putting it on the account.,ad
D6_GIUST_COLOGNE,6,SPK_GIUST,,0,Limon mu bu? Kokuyla sur savunulmaz. ...Ama bir damla daha dök.,Lemon? You can't defend a wall with a scent. ...But pour one more drop.,ad
D6_GIUST_CUBE,6,SPK_GIUST,,0,"Renkli bir zar. Altı yüzü var, hepsi karışık. Tıpkı bu şehrin meclisi.","A coloured die. Six faces, all jumbled. Just like this city's council.",ad
D6_GIUST_HELLO,6,SPK_GIUST,,0,"Giovanni Giustiniani, Cenova. Surların komutanı. Kısa konuş, surlar bekler, faiz işler.","Giovanni Giustiniani, of Genoa. Commander of the walls. Keep it short; the walls are waiting and the interest is accruing.",oyun
D6_GIUST_LIGHTER,6,SPK_GIUST,,0,Tek parmakla ateş. Topçularım buna bir haftalık maaş verir. Ben vermem. Ama alırım.,Fire with one finger. My gunners would pay a week's wages for it. I wouldn't. But I'll take it.,ad
D6_GIUST_NO_PERMIT,6,SPK_GIUST,,0,İzinsiz yabancıyla konuşmam. Önce kançılarya. Sonra sözleşme.,I don't talk to foreigners without a permit. The chancery first. Then the contract.,kod
D6_GIUST_PHONE,6,SPK_GIUST,,0,Işıklı tablet... Cenova'da bunu kim yapar? Kaça? Kaç tane? Sözleşmeye yaz.,A glowing tablet... Who makes these in Genoa? How much? How many? Put it in the contract.,ad
D6_GIUST_POWERBANK,6,SPK_GIUST,,0,"Ağır, sıcak, işe yaramaz görünüyor. Tıpkı Venediklilerin sözleri gibi.","Heavy, warm, looks useless. Just like a Venetian's promise.",ad
D6_GIUST_SELFIE,6,SPK_GIUST,,0,Bu ben miyim? Zırh iyi duruyor. Yüz yorgun. Yüzü sözleşmeden çıkar.,Is that me? The armour looks good. The face looks tired. Strike the face from the contract.,ad
D6_GIUST_TAPE,6,SPK_GIUST,,0,"Yapışkan şerit! Gedikleri bununla mı kapatacağız? ...Dene bakalım, kimse görmeden.","Sticky ribbon! Is this how we'll patch the breaches? ...Try it, before anyone sees.",ad
D6_GIUST_THERMOS,6,SPK_GIUST,,0,(Bir yudum) Sıcak. Surda üç gecedir sıcak bir şey içmedim. ...Bunu kimseye söyleme.,(A sip) Hot. Three nights on the walls without anything hot. ...Don't tell anyone.,ad
D6_H_ANSWER,6,SPK_HIKMET,,0,Aferin. Burada gece. Kapıda minibüs var ama sen dert etme. Padişah'a selam.,Good. It's night here. There's a van at the door but don't you worry. Give the Sultan my best.,oyun
D6_H_CALL,6,SPK_HIKMET,,0,(Telsiz) Evlat? Beni duyuyor musun? Sabah oldu mu orada?,(Radio) Son? Can you hear me? Is it morning there?,oyun
D6_H_NO_ANSWER,6,SPK_HIKMET,,0,(Telsiz) ...Cevap yok. Meşguldür. 1453'te herkes meşgul.,(Radio) ...No answer. He's busy. Everyone's busy in 1453.,kod
D6_KADRI_ASK,6,SPK_KADRI,,0,Sultan'ın sofrasına yeni bir lezzet lazım. Getirirsen yamağım olursun. Yamaklar otağa girer.,The Sultan's table needs a new flavour. Bring me one and you're my kitchen boy. Kitchen boys go into the imperial tent.,ad
D6_KADRI_BOOK,6,SPK_KADRI,,0,İçinde yemek tarifi yok mu? Tarifsiz tarih eksik yazılmış tarihtir.,No recipes? History without recipes is history half-written.,ad
D6_KADRI_CHICKPEAS,6,SPK_KADRI,[hesitant],0,Nohut... ama kavrulmuş... ama kuru... ama çıtır! Bu bir devrim. Adı ne?,Chickpeas... roasted... dry... crunchy! This is a revolution. What do you call it?,oyun
D6_KADRI_CHICKPEAS_2,6,SPK_KADRI,[excited],0,Leb-le-bi. Sultan'ın sofrasına!,Leb-le-bi. To the Sultan's table!,oyun
D6_KADRI_CHICKPEAS_T,6,SPK_TOLGA,,0,Leblebi.,Leblebi.,oyun
D6_KADRI_COLOGNE,6,SPK_KADRI,,0,Mutfağıma limon kokusu mu? ...Aslında hoş oldu.,"Lemon in MY kitchen? ...Actually, that's rather nice.",ad
D6_KADRI_CUBE,6,SPK_KADRI,,0,Renkleri ayırıyorsun değil mi? Ben de bütün gün pilavla bulguru ayırıyorum. Aynı iş.,"Sorting colours, is it? I sort rice from bulgur all day. Same job.",ad
D6_KADRI_DONE,6,SPK_KADRI,,0,"Önlüğü giy, tepsiyi al. Leblebiyi Sultan'ın sofrasına sen taşıyacaksın. Düşürürsen seni tencereye koyarım.","Apron on, tray up. You'll carry the leblebi to the Sultan's table. Drop it and you go in the pot.",oyun
D6_KADRI_DONE_FIRE,6,SPK_KADRI,,0,"Önlüğü giy, tepsiyi al. Ocağı tek hamlede yakan sensin; tabağı da Sultan'ın sofrasına sen taşıyacaksın. Düşürürsen seni tencereye koyarım.","Put the apron on, take the tray. You're the one who lit the hearth in one go; you'll carry the dish to the Sultan's table too. Drop it and I'll put you in the pot.",kod
D6_KADRI_FEZ_OFF,6,SPK_KADRI,,0,Yamak fesli olmaz. Kafandaki o kırmızı tencereyi çıkar. (H),A kitchen boy doesn't wear a fez. Take that red pot off your head. (H),oyun
D6_KADRI_HELLO,6,SPK_KADRI,,0,Mutfağıma kim girdi? Tencereye girer mi? Girmez. O zaman konuşabiliriz.,Who's in my kitchen? Does he fit in a pot? He doesn't. Then we can talk.,oyun
D6_KADRI_LIGHTER,6,SPK_KADRI,,0,"Ocağı tek hamlede mi yakıyor? ...Evlâdım, sen bu mutfakta kalıyorsun.","Lights the stove in one go? ...Son, you're staying in this kitchen.",ad
D6_KADRI_PHONE,6,SPK_KADRI,,0,Tencereye sığar mı? Sığmıyor mu? O zaman beni ilgilendirmez.,Does it fit in a pot? No? Then it's none of my business.,ad
D6_KADRI_POWERBANK,6,SPK_KADRI,,0,Sıcak taş mı? Hamur bunun üstünde güzel mayalanır.,A warm stone? Dough would rise lovely on that.,ad
D6_KADRI_SELFIE,6,SPK_KADRI,,0,Kepçenin sapı uzun olmuş ama kepçesi yok. Kötü kepçe.,The ladle's all handle and no ladle. Terrible ladle.,ad
D6_KADRI_TAPE,6,SPK_KADRI,,0,Siz gelecekte dolmayı bununla mı sarıyorsunuz? Kötü bir yermiş gelecek.,"Is this how you wrap dolma in the future? Grim place, the future.",ad
D6_KADRI_THERMOS,6,SPK_KADRI,,0,Sıcağı saklayan testi mi? Çorba için isterim. Takas edelim: sana bir kaftan.,A jug that keeps things hot? I need that for soup. Let's trade: one kaftan.,ad
D6_LUTFI_ASK,6,SPK_LUTFI,,0,"Beni etkile. Bir kelime, bir kitap, bir koku. Etkilenirsem seni elçi diye tercüme ederim.","Impress me. A word, a book, a scent. If I'm impressed, I'll translate you as an envoy.",ad
D6_LUTFI_BOOK,6,SPK_LUTFI,[excited],0,Türkçe ama tuhaf. 'Fatih Sultan Mehmet İstanbul'u 1453'te fethetti.' Fethetti mi? Geçmiş zaman mı? Şu an 1453! Bu bir kehanet kitabı!,"It's Turkish, but odd. 'Mehmed conquered Constantinople in 1453.' Conquered? Past tense? It IS 1453! This is a book of prophecy!",ad
D6_LUTFI_CHICKPEAS,6,SPK_LUTFI,,0,Bunun adını her dilde bilirim. Söylemeyeceğim. Ama biliyorum.,I know the word for this in every language. I shan't say it. But I know it.,ad
D6_LUTFI_COLOGNE,6,SPK_LUTFI,,0,Frenkler bunu sever. Demek ki sen gerçekten Frenk elçisisin.,The Franks love this sort of thing. So you really ARE a Frankish envoy.,oyun
D6_LUTFI_CUBE,6,SPK_LUTFI,,0,"Macar icadı mı? Urban'a gösterme, yine top yapar.","A Hungarian invention? Don't show Urban, he'll turn it into a cannon.",ad
D6_LUTFI_DONE,6,SPK_LUTFI,,0,"Gel, Frenk elçisi! Seni Padişah'a ben tercüme edeceğim. Sen ne dersen de, ben güzelini söylerim.","Come, Frankish envoy! I'll translate you to the Sultan. Whatever you say, I'll say the nice version.",oyun
D6_LUTFI_FEZ_ON,6,SPK_LUTFI,,0,Elçi dediğin fesli olur. ...Frenk elçisi fesli olmaz aslında. Ama bizim elçi fesli. Tak şunu. (H),"An envoy wears a fez. ...A Frankish envoy doesn't, actually. But OUR envoy does. Put it on. (H)",kod
D6_LUTFI_HELLO,6,SPK_LUTFI,[shouting],0,"Hoş geldin, yabancı! Yedi dil bilirim. Senin dilin sekizinci olur. Konuş!","Welcome, stranger! I know seven languages. Yours can be the eighth. Speak!",oyun
D6_LUTFI_LIGHTER,6,SPK_LUTFI,,0,(Etrafa tercüme eder) Diyor ki: 'Ateşi cebimde taşırım.' Yani... tehlikeli bir adam.,"(Translating to the crowd) He says, 'I carry fire in my pocket.' So... a dangerous man.",ad
D6_LUTFI_PHONE,6,SPK_LUTFI,,0,Bu kutu hangi dilde konuşuyor? ...Bilmediğim dil yoktur. Demek ki bu dil yok.,Which language does this box speak? ...I know every language. So this one doesn't exist.,ad
D6_LUTFI_POWERBANK,6,SPK_LUTFI,,0,(Etiketi okur) 'Hıtay'da yapılmıştır.' Hıtay'dan geldiysen yol uzun.,"(Reading the label) 'Made in Cathay.' You've come a long way, friend.",ad
D6_LUTFI_SELFIE,6,SPK_LUTFI,[hesitant],0,'Selfie' diyorsun. Yani kendi... resmini... kendin... Neden?,"'Selfie,' you say. So you paint... yourself... by yourself... Why?",ad
D6_LUTFI_TAPE,6,SPK_LUTFI,,0,'Koli bandı.' Bunu çevirmeyeceğim. İsmi zaten mükemmel.,'Duct tape.' I refuse to translate it. It's perfect as it is.,ad
D6_LUTFI_THERMOS,6,SPK_LUTFI,[shouting],0,'Termos'... Rumca 'sıcak' demek! Sonunda bildiğim bir kelime!,"'Thermos'... that's Greek for 'hot'! Finally, a word I actually know!",ad
D6_T_ANSWER,6,SPK_TOLGA,[shouting],0,Hikmet Amca! Buradayım! Sabah oldu. Otağa gidiyorum.,Uncle Hikmet! I'm here! It's morning. I'm heading for the imperial tent.,oyun
D6_T_RADIO_DEAD,6,SPK_TOLGA,,0,Telsiz sessiz. Hikmet Amca'dan ses yok. Olsun. Kendi başımayım.,The radio's silent. Nothing from Uncle Hikmet. Fine. I'm on my own.,kod
D6_URBAN_ASK,6,SPK_URBAN,,0,Padişah top denemesine gelecek. Çırağım olursan yanında durursun. Beni etkileyecek bir şey göster.,The Sultan's coming to watch the test firing. Be my apprentice and you'll stand beside him. Show me something that impresses me.,ad
D6_URBAN_BOOK,6,SPK_URBAN,,0,Ne yazıyor? 'Büyük top çatladı' mı? Kitabı yazan topçu mu? Değil. O zaman sussun.,What does it say? 'The great cannon cracked'? Was the author a gunner? No? Then he can keep quiet.,ad
D6_URBAN_CHICKPEAS,6,SPK_URBAN,,0,Gülle mi bunlar? Çok küçük. Her şey çok küçük.,Cannonballs? Too small. Everything is too small.,ad
D6_URBAN_COLOGNE,6,SPK_URBAN,,0,(Koklar) Topçu barut kokar. Sen bana limon mu sürüyorsun?,(Sniffs) A gunner smells of powder. You're putting LEMON on me?,ad
D6_URBAN_CUBE,6,SPK_URBAN,[sad],0,Bu Macar mı? ...Macar. Hissediyorum. Vatanım. (Gözleri dolar),Is this Hungarian? ...It is. I can feel it. My homeland. (Welling up),ad
D6_URBAN_DONE,6,SPK_URBAN,,0,Sen artık Urban'ın çırağısın! Padişah top denemesine geldiğinde yanımda duracaksın. Kulaklarını tıka.,"You're Urban's apprentice now! When the Sultan comes to the test firing, you'll stand beside me. Block your ears.",oyun
D6_URBAN_HELLO,6,SPK_URBAN,,0,Usta Urban. Macar. Topçu. Bu top benim. Çatlak da benim. Ne istiyorsun?,Master Urban. Hungarian. Gunner. This cannon's mine. So's the crack. What do you want?,oyun
D6_URBAN_LIGHTER,6,SPK_URBAN,[excited],0,Fitili tek seferde mi yakıyor? Yağmurda da mı? Bu adamı topçu yapın!,Lights a fuse first time? Even in rain? Make this man a gunner!,ad
D6_URBAN_LIGHTER_2,6,SPK_URBAN,,0,"(Çakmağı cebine atar) Bu bende kalsın, çırak. Fitil kutusu. Karşılığında adını dökümhaneye yazdırırım.","(Pockets the lighter) I'll keep this, apprentice. A fuse box. In return I'll have your name put down at the foundry.",ad
D6_URBAN_PHONE,6,SPK_URBAN,,0,Bu kutu hesap yapıyor! İçinde cin var. Cini satın alırım. Kaç duka?,This box does sums! There's a djinn inside. I'll buy the djinn. How many ducats?,oyun
D6_URBAN_POWERBANK,6,SPK_URBAN,,0,"Ağır, sıcak, güçlü. Bunu topun içine koysak ne olur?","Heavy, warm, powerful. What if we put it in the cannon?",ad
D6_URBAN_POWERBANK_T,6,SPK_URBAN,,0,Lütfen koymayalım.,Let's please not.,ad
D6_URBAN_SELFIE,6,SPK_URBAN,,0,"Uzun, ince, boş. Namlu için fazla ince. Değersiz.","Long, thin, hollow. Too thin for a barrel. Worthless.",ad
D6_URBAN_TAPE,6,SPK_URBAN,,0,Çatlağı yapışkan bezle mi kapatacağım? ...Deneyelim.,Patch my crack with sticky cloth? ...Let's try it.,ad
D6_URBAN_THERMOS,6,SPK_URBAN,,0,Sıcağı saklayan kap mı? Bronz dökerken işime yarar.,A vessel that keeps heat? Useful when casting bronze.,ad
D7_AWE_EMPEROR,7,SPK_EMPEROR,,0,"Bir haberci mi, bir alamet mi? İkisi de bu kuşatmada eksik değil.","A messenger, or an omen? We are short of neither in this siege.",tablo
D7_AWE_GIUSTINIANI,7,SPK_GIUST,,0,"Cenova'da uçan adam görmedim. Siz Cenovalı değilsiniz, değil mi?","I've never seen a flying man in Genoa. You're not Genoese, are you?",tablo
D7_AWE_GUARDS,7,SPK_HASAN,,0,Hasan... bu o. Gökteki adam.,Hasan... it's him. The man in the sky.,tablo
D7_AWE_KADRI,7,SPK_KADRI,,0,"Efendim... siz gökten indiniz. Buyrun, bir tas çorba. Sonra sorun.",Sir... you came down from the sky. Have a bowl of soup. Then ask away.,tablo
D7_AWE_LUTFI,7,SPK_LUTFI,,0,Gökten inen bir elçi. Bunu nasıl tercüme edeyim bilemedim.,An envoy from the sky. I don't know how I'd even translate that.,tablo
D7_AWE_NIKO,7,SPK_NIKO,,0,(Haç çıkarır) Panagia... Siz gökten mi geldiniz?,(Crossing himself) Panagia... Did you come down from heaven?,tablo
D7_AWE_THEODOROS,7,SPK_THEODOROS,,0,Uçan bir memur. Arşivde bunun formu yok. Olmalı.,A flying clerk. There's no form for that in the archive. There should be.,tablo
D7_AWE_URBAN,7,SPK_URBAN,,0,Uçuyordunuz! Barut mu? Hangi oran? ...Söylemezsiniz. Siz de bir mühendissiniz.,You were flying! Is it powder? What ratio? ...You won't tell me. You're an engineer too.,tablo
D7_CLERK_QUEUE,7,SPK_CLERK,,0,[Yunanca] Sıra var. Önce Form Ζ-9.,[Greek] There's a queue. Form Ζ-9 first.,kod
D7_C_NOBODY,7,SPK_CANDARLI,,0,Kimseyim. Kimseyle konuşmuyorum. Sen de kimsesin.,I am nobody. I'm not talking to anybody. You are nobody too.,kod
D7_EAVES_GUARDS,7,SPK_HASAN,[whispers],0,(Fısıltıyla) Fesli dostu soracaklar. Söylemeyelim.,(Whispering) They'll ask about our friend in the fez. Let's not tell.,kod
D7_EAVES_GUARDS_2_ARTILLERY,7,SPK_HUSEYIN,[whispers],0,"(Fısıltıyla) Tamam. Ama o topçu alanında, Urban'ın yanında. Unutma, biz bilmiyoruz.","(Whispering) Fine. But he's at the artillery, with Urban. Remember, we don't know.",tablo
D7_EAVES_GUARDS_2_KITCHEN,7,SPK_HUSEYIN,[whispers],0,"(Fısıltıyla) Tamam. Ama o mutfakta, Kadri'nin kazanının başında. Unutma, biz bilmiyoruz.","(Whispering) Fine. But he's in the kitchen, by Kadri's cauldron. Remember, we don't know.",tablo
D7_EAVES_GUARDS_2_MARKET,7,SPK_HUSEYIN,[whispers],0,"(Fısıltıyla) Tamam. Ama o pazarda, keçinin peşinde. Unutma, biz bilmiyoruz.","(Whispering) Fine. But he's at the market, chasing the goat. Remember, we don't know.",tablo
D7_EAVES_GUARDS_2_TENT,7,SPK_HUSEYIN,[whispers],0,"(Fısıltıyla) Tamam. Ama o tercüman çadırında. Unutma, biz bilmiyoruz.","(Whispering) Fine. But he's in the interpreter's tent. Remember, we don't know.",tablo
D7_EAVES_GUARDS_NOFEZ,7,SPK_HASAN,[whispers],0,(Fısıltıyla) Redingotlu dostu soracaklar. Söylemeyelim.,(Whispering) They'll ask about our friend in the frock coat. Let's not tell.,varyant
D7_EAVES_NIKO_CELL,7,SPK_NIKO,,0,"(Kendi kendine) Zavallı Tolga, zindanda... Denetçi sorarsa sarayda derim.","(To himself) Poor Tolga, stuck in the dungeon... If the inspector asks, I'll say the palace.",tablo
D7_EAVES_NIKO_CELL_CASUS,7,SPK_NIKO,,0,"(Kendi kendine) Zavallı casus, zindanda... Denetçi sorarsa sarayda derim.","(To himself) Poor spy, stuck in the dungeon... If the inspector asks, I'll say the palace.",tablo
D7_EAVES_NIKO_OUTSIDE,7,SPK_NIKO,,0,(Kendi kendine) Tolga surların dışına çıktı... Denetçi sorarsa sarayda derim.,"(To himself) Tolga's gone outside the walls... If the inspector asks, I'll say the palace.",tablo
D7_EAVES_NIKO_OUTSIDE_CASUS,7,SPK_NIKO,,0,(Kendi kendine) Casus surların dışına çıktı... Denetçi sorarsa sarayda derim.,"(To himself) The spy's gone outside the walls... If the inspector asks, I'll say the palace.",tablo
D7_EAVES_OTHER_1,7,SPK_SOLDIER,,0,(Kendi kendine) Bu kuşatma bitince bir çay bahçesi açacağım.,(To himself) When this siege is over I'm opening a tea garden.,tablo
D7_EAVES_OTHER_2,7,SPK_SOLDIER,,0,(Kendi kendine) Fesli adam dün yine bir şey sordu. Ne sorduğunu anlamadım ama güzel sordu.,"(To himself) The man in the fez asked something again yesterday. I didn't understand the question, but he asked it nicely.",tablo
D7_EAVES_OTHER_3,7,SPK_SOLDIER,,0,(Kendi kendine) Kimse beni dinlemiyor. İyi ki.,(To himself) Nobody's listening to me. Good.,tablo
D7_EMPEROR_AGAIN,7,SPK_EMPEROR,,0,"[Yunanca] Yeterince konuştuk, yabancı.","[Greek] We have spoken enough, stranger.",ad
D7_EMP_FORM,7,SPK_EMPEROR,,0,[Yunanca] (Formu nazikçe geri verir) İmparatorlar form doldurmaz. Formlar imparatorları doldurur.,[Greek] (Gently hands the form back) Emperors do not fill in forms. Forms fill in emperors.,kod
D7_EMP_HELLO,7,SPK_EMPEROR,,0,[Yunanca] Bir yabancı daha. Bu şehir yabancılarla doldu. Sen kimsin?,[Greek] Another stranger. This city is full of strangers. Who are you?,kod
D7_GIUSTINIANI_AGAIN,7,SPK_GIUST,,0,"Duka konuşacaksan kal, konuşmayacaksan surlar bekler.","If you'll talk ducats, stay; if not, the walls are waiting.",ad
D7_GIUST_HELLO,7,SPK_GIUST,,0,"Yeni bir yabancı. Bu da mı sigorta satıyor? Söyle, kuşatma dahil mi?","Another foreigner. Is this one selling insurance as well? Tell me, does it cover sieges?",kod
D7_GIUST_NO,7,SPK_GIUST,,0,Fesli mi? Görmedim. Surlara izinsiz kimse gelemez. İzin almak da... zordur.,A fez? Haven't seen one. No one gets to the walls without a permit. And permits are... difficult.,kod
D7_GIUST_TRUTH,7,SPK_GIUST,,0,Sigortacı! Kuşatma hariç poliçe. Beyaz bayrakla kapıdan çıktı. Bana bir poliçe borcu var.,The insurance man! A policy with sieges excluded. He left through the gate under a white flag. He owes me a policy.,kod
D7_GIUST_WARNED,7,SPK_GIUST,,0,Bir şey daha. 29 Mayıs'ı söyledi. Sen de biliyor musun? Söyle. Kaç duka istersin?,One more thing. He mentioned the 29th of May. Do you know about it too? Tell me. How many ducats do you want?,kod
D7_GUARDS_AGAIN,7,SPK_HASAN,,0,"Çay bitti. Kim kim, hâlâ tartışıyoruz.",The tea's finished. We're still arguing about who's who.,ad
D7_HASAN_FAN,7,SPK_HASAN,[hesitant],0,(Birbirlerine bakarlar) Fesli... redingotlu... Hayır. Hiç görmedik. O bize termos vermedi.,(They exchange looks) Fez... frock coat... No. Never seen him. He never gave us a thermos.,oyun
D7_HASAN_FAN_CUBE,7,SPK_HASAN,[hesitant],0,(Birbirlerine bakarlar) Fesli... redingotlu... Hayır. Hiç görmedik. O bize küp vermedi.,(They exchange looks) Fez... frock coat... No. Never seen him. He never gave us a cube.,ad
D7_HASAN_FAN_HUFEZ,7,SPK_HASAN,[hesitant],0,(Birbirlerine bakarlar; Hüseyin fesini hemen çıkarıp arkasına saklar) Fesli... redingotlu... Hayır. Hiç görmedik.,(They exchange looks; Hüseyin whips off his fez and hides it behind his back) Fez... frock coat... No. Never seen him.,varyant
D7_HASAN_FAN_TAPE,7,SPK_HASAN,[hesitant],0,(Birbirlerine bakarlar) Fesli... redingotlu... Hayır. Hiç görmedik. O bizi bantlamadı.,(They exchange looks) Fez... frock coat... No. Never seen him. He never taped us up.,ad
D7_HASAN_HELLO,7,SPK_HASAN,,0,"Dur! Kimsin? Hüseyin, sor şuna kim.","Halt! Who are you? Hüseyin, ask him who he is.",oyun
D7_HASAN_LIE,7,SPK_HASAN,,0,Fesli mi? Şey... %s tarafına gitti. Evet. Kesin.,The fez fellow? Er... went towards %s. Yes. Definitely.,kod
D7_HASAN_TEA,7,SPK_HASAN,,0,Çay içen yalan söylemez. Bizim köyde kural bu. Ben Hüseyin'im bu arada. Değilim.,"A man drinking tea doesn't lie. That's the rule in our village. I'm Hüseyin, by the way. I'm not.",oyun
D7_HASAN_TRUTH_A,7,SPK_HASAN,,0,Mutfakta! Kadri'nin yanında. Hüseyin söyledi. Ya da ben söyledim.,In the kitchen! With Kadri. Hüseyin said so. Or I did.,ad
D7_HASAN_TRUTH_B,7,SPK_HASAN,,0,Tercümanın çadırında. Lütfi ona 'ortak' diyor. Ortak ne demek?,In the interpreter's tent. Lütfi calls him 'partner'. What does 'partner' mean?,ad
D7_HASAN_TRUTH_C,7,SPK_HASAN,,0,Topçuların yanında. Kulakları pamuklu. Bizim gibi.,With the gunners. Cotton in his ears. Like us.,ad
D7_HASAN_TRUTH_Y,7,SPK_HASAN,,0,Pazarda. Kaftanlı. Bizi de sigortaladı. Neye karşı bilmiyoruz.,"At the market. In a kaftan. He insured us too. Against what, we don't know.",ad
D7_HUSEYIN_AWE_TRUTH,7,SPK_HUSEYIN,,0,Gökten inen birine yalan söylenmez. Annem öyle derdi.,You don't lie to someone who came down from the sky. My mother always said so.,kod
D7_HUSEYIN_FAN,7,SPK_HUSEYIN,,0,Termos da ne? Bilmiyoruz. (Arkasında bir termos parlıyor.),"What's a thermos? No idea. (Behind him, a thermos gleams.)",oyun
D7_HUSEYIN_FAN_CUBE,7,SPK_HUSEYIN,,0,Küp de ne? Bilmiyoruz. (Arkasında renkli bir küp parlıyor. Bir yüzü tamam.),"What's a cube? No idea. (Behind him, a coloured cube gleams. One face solved.)",ad
D7_HUSEYIN_FAN_HUFEZ,7,SPK_HUSEYIN,,0,(Fesi iki eliyle arkasında tutar) Fes de ne? Bilmiyoruz. Hiç görmedik.,(Holding the fez behind his back with both hands) What's a fez? No idea. Never seen one.,varyant
D7_HUSEYIN_FAN_TAPE,7,SPK_HUSEYIN,,0,Bant da ne? Bilmiyoruz. (Kalkanı gri bantla tamir edilmiş.),What's tape? No idea. (His shield has been mended with grey tape.),ad
D7_HUSEYIN_HELLO,7,SPK_HUSEYIN,,0,"Ben Hasan'ım. O Hüseyin. Yani... kim kim, sonra konuşuruz. Sen kimsin?",I'm Hasan. He's Hüseyin. I mean... we'll sort out who's who later. Who are you?,oyun
D7_HUSEYIN_HELLO_HUFEZ,7,SPK_HUSEYIN,,0,"Ben Hüseyin'im. Fesli olan. Bak, fes. Sen kimsin?",I'm Hüseyin. The one in the fez. Look: fez. Who are you?,varyant
D7_HUSEYIN_LIE,7,SPK_HUSEYIN,,0,(Hasan'ı dürter) Evet. Oraya. Kesin. Biz asla yalan söylemeyiz. Çay içmezken.,(Nudges Hasan) Yes. That way. Definitely. We never lie. When we're not drinking tea.,oyun
D7_HUSEYIN_TEA,7,SPK_HUSEYIN,,0,Çay molası. Otur. Görevdeysen de otur. Görev oturarak da yapılır.,"Tea break. Sit. Even if you're on duty, sit. Duty can be done sitting down.",oyun
D7_HUSEYIN_TRUTH_A,7,SPK_HUSEYIN,,0,Fesli mi? Mutfakta. Kadri'nin yanında. Bize de leblebi getirdi.,The fez fellow? In the kitchen. With Kadri. He brought us leblebi too.,oyun
D7_HUSEYIN_TRUTH_B,7,SPK_HUSEYIN,,0,Fesli mi? Tercüman Lütfi'nin çadırında. 'Frenk elçisi' olmuş. Frenkçe bilmiyor.,The fez fellow? In Lütfi the interpreter's tent. He's a 'Frankish envoy' now. Doesn't speak Frankish.,ad
D7_HUSEYIN_TRUTH_C,7,SPK_HUSEYIN,,0,Fesli mi? Topun yanında. Urban'ın çırağı. Sabahtan beri bir şey duymuyor.,The fez fellow? By the cannon. Urban's apprentice. Hasn't heard a thing since this morning.,ad
D7_HUSEYIN_TRUTH_Y,7,SPK_HUSEYIN,,0,Fesli mi? Pazarda. Kaftan giymiş. Keçiye sigorta yaptı. Keçi imzaladı.,The fez fellow? At the market. Wearing a kaftan. He insured a goat. The goat signed.,ad
D7_HUSEYIN_WHO,7,SPK_HUSEYIN,,0,Hangimiz söyledi? Önemli değil. İkimiz de aynı şeyi biliyoruz. Sanırım.,Which of us said it? Doesn't matter. We both know the same thing. I think.,kod
D7_HUSEYIN_WHO_HUCUBE,7,SPK_HUSEYIN,,0,Hangimiz söyledi? Önemli değil. (Elindeki renkli küpü çeviriyor) Bir yüz daha. Az kaldı.,Which of us said it? Doesn't matter. (He's turning the coloured cube in his hands) One more side. Nearly there.,varyant
D7_HUSEYIN_WHO_HUFEZ,7,SPK_HUSEYIN,,0,Hangimiz söyledi? Ben söyledim. Fesli olan. Artık bunu biliyoruz.,Which of us said it? I did. The one in the fez. We know that now.,varyant
D7_KADRI_AGAIN,7,SPK_KADRI,,0,Konuştuk ya. Tencereye girmiyorsan git.,"We've talked. If you don't fit in a pot, off you go.",ad
D7_KADRI_HELLO,7,SPK_KADRI,,0,Fötr şapkalı bir Frenk daha! Bugün ikinci. Tencereye girer misin?,Another Frank in a hat! That's two today. Do you fit in a pot?,oyun
D7_KADRI_NO,7,SPK_KADRI,,0,Fesli sigortacı mı? Buraya gelmedi. Gelse leblebi yapardı. Leblebi nedir bilmiyorum ama yapardı.,"A fezzed insurance man? Didn't come here. If he had, he'd have made leblebi. I don't know what leblebi is, but he'd have made it.",kod
D7_KADRI_NO_PLAIN,7,SPK_KADRI,,0,Fesli sigortacı mı? Buraya gelmedi. Gelse bilirdim; mutfağa giren herkes bir şey yakar.,The insurance man in the fez? He didn't come here. I'd know; everyone who comes into my kitchen burns something.,kod
D7_KADRI_PROTECT,7,SPK_KADRI,,0,"Yamak mı? Benim yamağım yok. Hiç olmadı. (Arkasında, bir kancada, bir fes asılı.)","A kitchen boy? I have no kitchen boy. Never had one. (Behind him, hanging on a hook: a fez.)",oyun
D7_LUTFI_AGAIN,7,SPK_LUTFI,,0,Kâğıdın hâlâ bende. Çerçevesini arıyorum.,I still have your document. I'm looking for a frame.,ad
D7_LUTFI_FEE,7,SPK_LUTFI,,0,Bilgi mi? Bilgi tercüme ister. Tercüme ücret ister. Ücret... bir kâğıt olabilir. Bana güzel bir kâğıt ver.,Information? Information needs translating. Translating needs a fee. The fee... could be a document. Give me a nice document.,oyun
D7_LUTFI_FORM,7,SPK_LUTFI,,0,"(Formu yedi dile çevirir, yedisini de doldurur, sekizincisini kendisi icat eder) Bitti. Çok güzel bir kâğıt. Çerçeveleteceğim.","(Translates the form into seven languages, fills in all seven, then invents an eighth) Done. A very beautiful document. I'll have it framed.",oyun
D7_LUTFI_HELLO,7,SPK_LUTFI,,0,Bir Frenk elçisi daha! Bugün iki oldu. Dün de bir tane vardı. Frenkler çoğalıyor.,Another Frankish envoy! That's two today. There was one yesterday too. The Franks are multiplying.,oyun
D7_LUTFI_TRUTH_A,7,SPK_LUTFI,,0,Senin elçin mi? Mutfakta. Kadri'nin yamağı oldu. Aşçıya 'şef' diyor. Kadri bunu çok sevdi.,Your envoy? In the kitchen. He's Kadri's kitchen boy now. Calls the cook 'chef'. Kadri loves it.,ad
D7_LUTFI_TRUTH_B,7,SPK_LUTFI,,0,Elçi mi? Benim ortağım! Çadırımda. Şu an uyuyor. Frenkçe horluyor.,The envoy? My partner! In my tent. Asleep right now. Snoring in Frankish.,oyun
D7_LUTFI_TRUTH_C,7,SPK_LUTFI,,0,"Topçuların yanında. Urban'ın çırağı olmuş. Kulakları pamuklu, sen bağırsan da duymaz.",With the gunners. He's Urban's apprentice now. Cotton in his ears; he won't hear you even if you shout.,ad
D7_LUTFI_TRUTH_Y,7,SPK_LUTFI,,0,Pazarda. Kaftanlı. Herkese 'poliçe' diye bir şey satıyor. Ben bile aldım. Ne olduğunu bilmiyorum.,At the market. In a kaftan. Selling everyone something called a 'policy'. Even I bought one. I don't know what it is.,ad
D7_M_BRIEF,7,SPK_MUFIDE,,0,"(Büro telsizi) Nihat Bey, tarayıcınız çalışıyor mu? Şüphelinin izleri her yerde parlıyor. Konumunu bulun, daktiloya yazın, gün batmadan gönderin.","(Bureau radio) Mr Nihat, is your scanner working? The suspect's traces are glowing everywhere. Find his location, type it up, send it before sunset.",oyun
D7_M_BUDGET,7,SPK_MUFIDE,,0,Kapının mesaisi 17:00'de bitiyor. Fazla mesai bütçesi yok. Taksi de yok. Yürüyeceksiniz.,The door's shift ends at 17:00. There's no overtime budget. No taxis either. You'll walk.,oyun
D7_M_LEGEND,7,SPK_MUFIDE,,0,"(Telsizden) Nihat Bey. Üç ayrı kaynak. 'Uçan fötr şapkalı cin.' Kroniklere girdiniz. Tebrik mi etsem, soruşturma mı açsam?",(Over the radio) Mr Nihat. Three separate sources. 'The flying djinn in a fedora.' You've made it into the chronicles. Should I congratulate you or open an inquiry?,kod
D7_M_LOST,7,SPK_MUFIDE,,0,"(Büro telsizi) Nihat Bey, raporunuzda 'şüpheli keçiye dönüşmüş olabilir' yazıyor. Emin misiniz?","(Bureau radio) Mr Nihat, your report says 'the suspect may have turned into a goat'. Are you sure?",oyun
D7_M_LOST_HEN,7,SPK_MUFIDE,,0,"(Büro telsizi) Nihat Bey, raporunuzda 'şüpheli tavuğa dönüşmüş olabilir' yazıyor. Emin misiniz?","(Bureau radio) Mr Nihat, your report says 'the suspect may have turned into a chicken'. Are you sure?",kod
D7_M_SEEN,7,SPK_MUFIDE,,0,"(Telsizden) Nihat Bey, bir Osmanlı vakanüvisi 'gökte fötr şapkalı bir adam' diye not düşmüş. Umarım siz değilsinizdir.","(Over the radio) Mr Nihat, an Ottoman chronicler has noted down 'a man in a fedora in the sky'. I do hope that wasn't you.",kod
D7_M_WALL_TORN,7,SPK_MUFIDE,,0,(Büro telsizi) Nihat Bey? Raporunuz gelmedi. Sistemde bir... yırtık görünüyor?,(Bureau radio) Mr Nihat? Your report hasn't arrived. The system shows a... tear?,oyun
D7_NIKO_AGAIN,7,SPK_NIKO,,0,"Başka casus yok. Bir tane vardı, o da gitti. Ya da gitmedi. Bilmiyorum.","There are no other spies. There was one, and he left. Or didn't. I don't know.",ad
D7_NIKO_AWE_TRUTH,7,SPK_NIKO,,0,Arkadaşımı korurdum ama... size yalan söyleyemem. Gökten indiniz.,I'd have covered for my friend but... I can't lie to you. You came down from the sky.,kod
D7_NIKO_CELL,7,SPK_NIKO,,0,Casus mu? Zindanda. Formunu ben doldurdum. Yine. Fes rengine yine 'kırmızımsı' yazdım.,The spy? In the dungeon. I filled in his form. Again. I put 'reddish' for the fez again.,ad
D7_NIKO_CELL_FIRST,7,SPK_NIKO,,0,Casus mu? Zindanda. Formunu ben doldurdum. Fes rengine 'kırmızımsı' yazdım.,The spy? In the dungeon. I filled in his form. For the fez I put 'reddish'.,ad
D7_NIKO_CELL_FIRST_NOFEZ,7,SPK_NIKO,,0,Casus mu? Zindanda. Formunu ben doldurdum. Şapka rengine 'yok' yazdım.,The spy? In the dungeon. I filled in his form. For the hat I put 'none'.,ad
D7_NIKO_CELL_NOFEZ,7,SPK_NIKO,,0,Casus mu? Zindanda. Formunu ben doldurdum. Yine. Şapka rengine yine 'yok' yazdım.,The spy? In the dungeon. I filled in his form. Again. I put 'none' for the hat again.,ad
D7_NIKO_HELLO,7,SPK_NIKO,,0,Yeni casus! Şapkan fes değil. İlerleme. Kimsin?,A new spy! Your hat isn't a fez. Progress. Who are you?,oyun
D7_NIKO_LIE,7,SPK_NIKO,,0,Casus mu? Hangi casus? ...Saraya gitti. İmparator'la çay içiyorlar. Her gün. Saatlerce. Git bak.,Spy? What spy? ...He went to the palace. He and the Emperor drink tea together. Every day. For hours. Go and look.,oyun
D7_NIKO_OUTSIDE,7,SPK_NIKO,,0,"Casus mu? Gitti. Beyaz bayrakla kapıdan çıktı, Osmanlı'ya. Bayrak bir havluydu. Benim havlum.","The spy? Gone. Out through the gate with a white flag, to the Ottomans. The flag was a towel. My towel.",kod
D7_N_ARRIVE,7,SPK_NIHAT,,0,"Saha kapısı. Büro'nun tek şubesi. Kapı var, bina yok. Bütçe.",The field door. The Bureau's only branch office. There's a door but no building. Budget.,oyun
D7_N_AWE_TRUTH,7,SPK_NIHAT,,0,"Gökten inmek, sorgu tekniği olarak yönetmelikte yok. Ama işe yarıyor.",Descending from the sky isn't in the regulations as an interrogation technique. But it works.,kod
D7_N_BRIEF,7,SPK_NIHAT,,0,"Anlaşıldı, Müfide Hanım. Soru: neden gün batmadan?","Understood, Mrs Müfide. Question: why before sunset?",oyun
D7_N_BUDGET,7,SPK_NIHAT,,0,Büro'nun da bütçesi yok. Haritayı elle çizdim.,The Bureau hasn't got a budget either. I drew the map by hand.,oyun
D7_N_CANNON,7,SPK_NIHAT,,0,Çatlak. Koli bandıyla sarılmış. 1453'te koli bandı. Rapora ek sayfa açıyorum.,A crack. Wrapped in duct tape. Duct tape in 1453. I'm opening an extra page in the report.,kod
D7_N_CANNON_PLAIN,7,SPK_NIHAT,,0,Çatlak. Kimse sarmamış. Belgeselde de çatlıyordu. Burada bir sapma yok; not ediyorum ki bir sayfa boş kalmasın.,A crack. Nobody has wrapped it. It cracked in the documentary too. No deviation here; I'm noting it so a page doesn't go blank.,kod
D7_N_COLD,7,SPK_NIHAT,,0,İz soğuk. Burada kimse yok. Sadece bir tavuk tüyü. Tavuk tüyünü rapora yazmayacağım.,The trace is cold. Nobody here. Just a chicken feather. I shan't put the chicken feather in the report.,kod
D7_N_DELAYED,7,SPK_NIHAT,,0,Yönetmelik 12/b: rapor 24 saat içinde gönderilir. 23 saat 59 dakika sonra göndereceğim. Bu bir kural. Bir tür.,Regulation 12/b: a report must be sent within 24 hours. I'll send it in 23 hours and 59 minutes. That's a rule. Of a sort.,kod
D7_N_EAVES,7,SPK_NIHAT,,0,Görünmezken dinlemek. Yönetmelik bunu yasaklamıyor. Çünkü kimse düşünmemiş.,Listening while invisible. The regulations don't forbid it. Because no one thought of it.,kod
D7_N_EMP,7,SPK_NIHAT,,0,"(İmparator'un önünde. Eğiliyor. Doğru yöne.) Majesteleri, sadece bir form...","(Before the Emperor. Bowing. In the right direction.) Your Majesty, just a form...",kod
D7_N_FORM_GIVE,7,SPK_NIHAT,,0,Form Z-1453. Üç nüsha. Lütfen büyük harflerle.,"Form Z-1453. In triplicate. Block capitals, please.",oyun
D7_N_FOUND,7,SPK_NIHAT,,0,Şüpheli tespit edildi. Uzaktan. Fark etmedi. Fes: kırmızımsı.,Suspect located. From a distance. He hasn't noticed. Fez: reddish.,oyun
D7_N_FOUND2,7,SPK_NIHAT,,0,Kendi hâlinde. Mutlu bile görünüyor. ...Bunu rapora yazmayacağım. 'Mutlu' diye bir kutucuk yok.,Minding his own business. He even looks happy. ...I shan't put that in the report. There's no box for 'happy'.,oyun
D7_N_FOUND_CELL,7,SPK_NIHAT,,0,Zindan. Parmaklıklar. İçeride biri mırıldanıyor.,The dungeon. Bars. Someone is murmuring inside.,oyun
D7_N_FOUND_CELL2,7,SPK_NIHAT,,0,Şüpheli tespit edildi. Yerinde. Çok yerinde. Kaçamaz. Formu doldurulmuş.,Suspect located. On the premises. Very much on the premises. He can't escape. His form has been filled in.,oyun
D7_N_FOUND_NOFEZ,7,SPK_NIHAT,,0,Şüpheli tespit edildi. Uzaktan. Fark etmedi. Fes: yok. Başı açık. Not ediyorum.,Suspect located. From a distance. He hasn't noticed. Fez: none. Bare-headed. Noting it.,varyant
D7_N_FOUND_OUT,7,SPK_NIHAT,,0,"İzler kapıdan çıkıyor, Osmanlı hatlarına doğru. Şüpheli şehri terk etmiş.","The traces lead out through the gate, towards the Ottoman lines. The suspect has left the city.",oyun
D7_N_GATE,7,SPK_NIHAT,,0,Kapı. Formsuz çıkılmaz. Ben de çıkmıyorum.,The gate. No leaving without a form. So I'm not leaving.,kod
D7_N_GIUST_ASK,7,SPK_NIHAT,,0,Zaman Bürosu. Size sigorta satmaya çalışan fesli bir şahıs arıyorum.,Time Bureau. I'm looking for a man in a fez who tried to sell you insurance.,kod
D7_N_GIUST_WARNED,7,SPK_NIHAT,,0,"(Tarayıcı çığlık atıyor) ...Bilgi gizlidir. Form Z-1453, madde 29. Hayır, bunun bir anlamı yok.","(The scanner is screaming) ...That information is classified. Form Z-1453, article 29. No, that means nothing.",kod
D7_N_GOAT,7,SPK_NIHAT,,0,Keçi. Formu yok. Sigortası var. Tuhaf.,A goat. No form. Has insurance. Odd.,kod
D7_N_GOAT_PLAIN,7,SPK_NIHAT,,0,Keçi. Formu yok. Bana bakıyor. Tuhaf.,A goat. No form. It's staring at me. Odd.,kod
D7_N_GUARDS_ASK,7,SPK_NIHAT,,0,"Zaman Bürosu. Fesli, redingotlu bir şahıs. Bu tarafa geldi mi?",Time Bureau. A person with a fez and a frock coat. Has he come this way?,oyun
D7_N_HOLO_ARTILLERY,7,SPK_NIHAT,,0,(Hologram) Şüpheli... topun çatlağını koli bandıyla sarıyor. Macar usta ağlıyor.,(Hologram) The suspect... is wrapping the cannon's crack in duct tape. The Hungarian master is weeping.,ad
D7_N_HOLO_ARTILLERY_CUBE,7,SPK_NIHAT,,0,(Hologram) Şüpheli... renkli bir küpü çeviriyor. Macar usta ağlıyor.,(Hologram) The suspect... turns a coloured cube. The Hungarian master weeps.,ad
D7_N_HOLO_ARTILLERY_LIGHTER,7,SPK_NIHAT,,0,(Hologram) Şüpheli... fitili bir çakmakla yakıyor. Macar usta ağlıyor.,(Hologram) The suspect... lights the fuse with a lighter. The Hungarian master weeps.,ad
D7_N_HOLO_ARTILLERY_PHONE,7,SPK_NIHAT,,0,(Hologram) Şüpheli... topa ışıklı bir levha tutuyor. Hesap yapıyor. Macar usta ağlıyor.,(Hologram) The suspect... holds a glowing tablet up to the cannon. Doing sums. The Hungarian master weeps.,ad
D7_N_HOLO_CELL,7,SPK_NIHAT,,0,(Hologram) Şüpheli... parmaklıkların arkasında. Bir forma bakıyor. 'Kırmızımsı' yazıyor.,(Hologram) The suspect... behind the bars. Looking at a form. It says 'reddish'.,oyun
D7_N_HOLO_CHANCERY,7,SPK_NIHAT,,0,(Hologram) Şüpheli... bir martıyı kovalıyor. Martı önde. Belgeler hep bir adım önde olur.,(Hologram) The suspect... chasing a gull. The gull is ahead. Paperwork is always one step ahead.,ad
D7_N_HOLO_KITCHEN,7,SPK_NIHAT,,0,(Hologram) Şüpheli... tencereye leblebi döküyor. Aşçıya el sallıyor. Önlük takmış.,(Hologram) The suspect... is pouring leblebi into a pot. Waving at the cook. Wearing an apron.,oyun
D7_N_HOLO_KITCHEN_FIRE,7,SPK_NIHAT,,0,(Hologram) Şüpheli... ocağı tek hamlede yakıyor. Aşçı ona sarılıyor. Önlük takmış.,(Hologram) The suspect... lights the hearth in one go. The cook hugs him. Wearing an apron.,ad
D7_N_HOLO_MARKET,7,SPK_NIHAT,,0,(Hologram) Şüpheli... kaftanlı. Bir tüccara poliçe gösteriyor. Keçiyi de sigortalıyor.,(Hologram) The suspect... in a kaftan. Showing a merchant a policy. Insuring the goat as well.,ad
D7_N_HOLO_OTAG,7,SPK_NIHAT,,0,(Hologram) Şüpheli... otağın önünde. Eğiliyor. Yanlış yöne.,(Hologram) The suspect... in front of the imperial tent. Bowing. In the wrong direction.,ad
D7_N_HOLO_OUTSIDE,7,SPK_NIHAT,,0,"(Hologram) Şüpheli... beyaz bayrak sallayarak kapıdan çıkıyor. Bayrak, bir havlu.",(Hologram) The suspect... leaving through the gate waving a white flag. The flag is a towel.,oyun
D7_N_HOLO_PALACE,7,SPK_NIHAT,,0,(Hologram) Şüpheli... İmparator'un önünde. Bir mektup alıyor. Eğiliyor. Doğru yöne.,(Hologram) The suspect... before the Emperor. Receiving a letter. Bowing. In the right direction.,ad
D7_N_HOLO_TENT,7,SPK_NIHAT,,0,(Hologram) Şüpheli... bir kitabı sallıyor. Tercüman alkışlıyor. Bu rapora sığmaz.,(Hologram) The suspect... is waving a book. The interpreter is applauding. This won't fit in the report.,oyun
D7_N_HOLO_TENT_COLOGNE,7,SPK_NIHAT,,0,(Hologram) Şüpheli... tercümanın ellerine kolonya döküyor. Tercüman alkışlıyor.,(Hologram) The suspect... splashes cologne on the interpreter's hands. The interpreter applauds.,ad
D7_N_HOLO_TENT_THERMOS,7,SPK_NIHAT,,0,(Hologram) Şüpheli... tercümana termostan çay dolduruyor. Tercüman alkışlıyor.,(Hologram) The suspect... pours the interpreter tea from a thermos. The interpreter applauds.,ad
D7_N_HOLO_WALLS,7,SPK_NIHAT,,0,(Hologram) Şüpheli... Cenevizliye bir şey söylüyor. Ciddi bir yüzle. Tarayıcı ötüyor.,(Hologram) The suspect... telling the Genoese something. With a serious face. The scanner beeps.,ad
D7_N_HOLO_WALLS_SILENT,7,SPK_NIHAT,,0,(Hologram) Şüpheli... Cenevizliye sigorta anlatıyor. Cenevizli dinlemiyor. Faiz hesaplıyor.,(Hologram) The suspect... pitching insurance to the Genoese. The Genoese isn't listening. He's calculating interest.,ad
D7_N_HOT,7,SPK_NIHAT,,0,İz sıcak. Tarayıcı kırmızı. Şüpheli buraya bağlı. Hâlâ burada ya da çok yakında.,"The trace is hot. The scanner's red. The suspect is tied to this place. Still here, or very near.",oyun
D7_N_KADRI_ASK,7,SPK_NIHAT,,0,"Zaman Bürosu. Fesli, redingotlu, sigortacı bir şahıs arıyorum.","Time Bureau. I'm looking for a person with a fez, a frock coat, and an insurance policy.",oyun
D7_N_KADRI_FEZ,7,SPK_NIHAT,,0,...Kancadaki fes. Kırmızımsı. Not ediyorum.,...The fez on the hook. Reddish. Noted.,oyun
D7_N_LEGEND,7,SPK_NIHAT,,0,"Soruşturma, Müfide Hanım. Tebrik yönetmelikte yok.","An inquiry, Mrs Müfide. Congratulations aren't in the regulations.",kod
D7_N_LOST_END,7,SPK_NIHAT,,0,Hayır. Ama formda 'emin değilim' kutucuğu yok. İz kaybedildi.,No. But there's no box on the form for 'not sure'. The trail is lost.,oyun
D7_N_LOST_GOAT,7,SPK_NIHAT,,0,Tarayıcı ötüyor. Şüpheli... bir keçi. Keçi beni süzüyor. Tarayıcı keçiyi seviyor.,The scanner's beeping. The suspect... is a goat. The goat is eyeing me. The scanner likes the goat.,oyun
D7_N_LOST_HEN,7,SPK_NIHAT,,0,Tarayıcı ötüyor. Şüpheli... bir tavuk. Fesi yok. Formu da yok.,The scanner's beeping. The suspect... is a chicken. No fez. No form either.,oyun
D7_N_LUTFI_ASK,7,SPK_NIHAT,,0,Frenk değilim. Zaman Bürosu'ndanım. Dünkü 'elçi'yi arıyorum.,I'm not a Frank. I'm from the Time Bureau. I'm looking for yesterday's 'envoy'.,oyun
D7_N_LUTFI_LEAVE,7,SPK_NIHAT,,0,Bilgiyi başka yerden bulurum.,I'll find the information elsewhere.,kod
D7_N_LUTFI_THANKS,7,SPK_NIHAT,,0,"Teşekkür ederim. Bir tarihi kişi, bir Büro formu doldurdu. Tarihte bir ilk. Tarihte olmaması gereken bir ilk.",Thank you. A historical figure has filled in a Bureau form. A first in history. A first that shouldn't be in history.,oyun
D7_N_NIKO_ASK,7,SPK_NIHAT,,0,Zaman Bürosu. Fesli bir şahıs. Siz ona 'casus' diyordunuz sanırım.,Time Bureau. A person in a fez. I believe you called him a 'spy'.,oyun
D7_N_NO_TEA,7,SPK_NIHAT,,0,"Görevdeyim. Çay, görev dışıdır.",I'm on duty. Tea is off-duty.,oyun
D7_N_REPORT,7,SPK_NIHAT,,0,Daktilo. Saha raporu. Şüphelinin konumu:,The typewriter. Field report. The suspect's location:,oyun
D7_N_SCANNER,7,SPK_NIHAT,,0,Tarayıcı ekranı yeşil. İze yaklaştıkça kırmızıya döner. Her tarama bir saat. Her sohbet yarım saat. Zaman... zamandır.,The scanner's screen is green. It turns red as I get closer to a trace. Each scan takes an hour. Each conversation half an hour. Time is... time.,oyun
D7_N_SEND_Q,7,SPK_NIHAT,,0,Rapor hazır. Gönderirsem Büro yarın sabah gelir. Şüpheli... mutlu görünüyordu.,"The report is ready. If I send it, the Bureau comes tomorrow morning. The suspect... looked happy.",oyun
D7_N_SENT,7,SPK_NIHAT,,0,Gönderildi. Üç nüsha. Doğrusu bu. ...Doğrusu bu.,Sent. In triplicate. It's the right thing. ...It's the right thing.,oyun
D7_N_SUNSET,7,SPK_NIHAT,,0,"Güneş batıyor. Kapının mesaisi bitmek üzere. Raporu şimdi yazmam lazım, ne biliyorsam onu.","The sun is setting. The door's shift is nearly over. I must write the report now, with whatever I know.",kod
D7_N_TEA,7,SPK_NIHAT,,0,(Oturur) ...Yönetmelikte 'çay' geçmiyor. Yasak değil demek.,(Sits) ...The regulations don't mention 'tea'. So it isn't forbidden.,oyun
D7_N_TEA_DONE,7,SPK_NIHAT,,0,Güzel çaymış. Bunu rapora yazmayacağım. Ama aklıma yazacağım.,That was good tea. I shan't put it in the report. But I'll put it in my memory.,oyun
D7_N_THEO_ASK,7,SPK_NIHAT,,0,"Başvuru değil. Soruşturma. Zaman Bürosu, Denetçi Zamanoğlu.","Not an application. An investigation. The Time Bureau, Inspector Zamanoğlu.",oyun
D7_N_THEO_CHAT,7,SPK_NIHAT,,0,...Siz de mi yedi nüsha kullanıyorsunuz?,...You use seven copies as well?,oyun
D7_N_THEO_CHAT2,7,SPK_NIHAT,,0,Üç. Ama her biri kendi arşiv dolabında. Dolaplar alfabetik değil. Tarihe göre. Ters tarihe göre.,Three. But each in its own archive cabinet. The cabinets aren't alphabetical. They're chronological. Reverse chronological.,oyun
D7_N_TRACE_ARTILLERY,7,SPK_NIHAT,,0,Kurum izi. Ve bir çakmak kokusu. Limonlu kolonya ile karışık.,A scorch mark. And the smell of a lighter. Mixed with lemon cologne.,ad
D7_N_TRACE_ARTILLERY_CUBE,7,SPK_NIHAT,,0,Renkli bir çıkartma. Kırmızı. Kare. Topun yanında.,A coloured sticker. Red. Square. Next to the cannon.,ad
D7_N_TRACE_ARTILLERY_LIGHTER,7,SPK_NIHAT,,0,Kurum izi. Ve bir çakmak kokusu. Fitil tek seferde yanmış.,A scorch mark. And the smell of a lighter. The fuse caught first time.,ad
D7_N_TRACE_ARTILLERY_PHONE,7,SPK_NIHAT,,0,Tozda dikdörtgen bir iz. Ve sönük bir parıltı. Tarayıcı bunu 'cin kutusu' diye kaydetti.,A rectangular mark in the dust. And a faint glow. The scanner logged it as 'djinn box'.,ad
D7_N_TRACE_ARTILLERY_TAPE,7,SPK_NIHAT,,0,Gri bir bant parçası. Topun namlusunda. Bu yapıştırıcı bu yüzyıla ait değil.,A scrap of grey tape. On the cannon's barrel. This adhesive doesn't belong to this century.,ad
D7_N_TRACE_CELL,7,SPK_NIHAT,,0,Leblebi kabukları. Parmaklıkların önünde. Ve içeriden bir mırıltı: 'Kırmızımsı...',Leblebi shells. In front of the bars. And a murmur from inside: 'Reddish...',oyun
D7_N_TRACE_CELL_CARD,7,SPK_NIHAT,,0,Bir kartvizit. Parmaklıkların önünde. Ve içeriden bir mırıltı: 'Kırmızımsı...',A business card. In front of the bars. And a murmur from inside: 'Reddish...',ad
D7_N_TRACE_CHANCERY,7,SPK_NIHAT,,0,Bir martı tüyü ve bir mürekkep lekesi. Tek mühür. Birisi bu kançılaryada çok kısa ve çok hareketli bir gün geçirmiş.,A gull feather and an ink stain. One seal. Someone had a very short and very lively day in this chancery.,ad
D7_N_TRACE_KITCHEN,7,SPK_NIHAT,,0,"Leblebi kabukları. Kavrulmuş nohut, 1453'te. Kronolojik bir suç.","Leblebi shells. Roasted chickpeas, in 1453. A chronological crime.",oyun
D7_N_TRACE_KITCHEN_FIRE,7,SPK_NIHAT,,0,Kurum. Ocağın altında. Bir de çakmak kokusu. Aşçılar çakmaktaşı kullanır; bu başka bir şey.,Soot. Under the hearth. And the smell of a lighter. Cooks use flint; this is something else.,ad
D7_N_TRACE_MARKET,7,SPK_NIHAT,,0,"Kırmızı keçe iplikleri. Bir fes, bir keçiyle boğuşmuş.",Threads of red felt. A fez has wrestled with a goat.,ad
D7_N_TRACE_OTAG,7,SPK_NIHAT,,0,"Otağın önü. Toz, at izleri, bir de... bir kaftan düğmesi.","In front of the imperial tent. Dust, hoofprints, and... a kaftan button.",ad
D7_N_TRACE_OUTSIDE,7,SPK_NIHAT,,0,Beyaz bir bez parçası. İzler kapıdan dışarı çıkıyor. Tarayıcı çıldırıyor.,A scrap of white cloth. The traces lead out through the gate. The scanner is going wild.,oyun
D7_N_TRACE_PALACE,7,SPK_NIHAT,,0,Kırık bir mühür. Kırmızı balmumu. İmparatorluk mührü. Bunun formu bile yok.,A broken seal. Red wax. The imperial seal. There isn't even a form for this.,kod
D7_N_TRACE_PALACE_SEALED,7,SPK_NIHAT,,0,Kırmızı balmumu damlası. İmparatorluk mührü... sağlam. Şüpheli mühürlü bir mektup almış ve açmamış. Bunu rapora olumlu not olarak yazıyorum.,A drop of red wax. The imperial seal... intact. The suspect took a sealed letter and didn't open it. I'm noting that as a positive.,ad
D7_N_TRACE_PALACE_WAX,7,SPK_NIHAT,,0,Kırmızı balmumu damlası. İmparatorluk mührü. Mektup burada mühürlenmiş. Nereye gittiğine bakmak lazım.,A drop of red wax. The imperial seal. The letter was sealed here. I need to see where it went.,ad
D7_N_TRACE_TENT,7,SPK_NIHAT,,0,Yırtık bir sayfa. 'Fatih Sultan Mehmet İstanbul'u fethetti.' Geçmiş zaman. Bu cümle burada olmamalı.,A torn page. 'Mehmed conquered Constantinople.' Past tense. This sentence should not be here.,oyun
D7_N_TRACE_TENT_COLOGNE,7,SPK_NIHAT,,0,"Limon kokusu. Tercümanın çadırı hâlâ kokuyor. Kolonya, 1453'te.","The smell of lemon. The interpreter's tent still smells of it. Cologne, in 1453.",ad
D7_N_TRACE_TENT_THERMOS,7,SPK_NIHAT,,0,Çay lekesi. Tercümanın minderinde. 1453'te bu kadar demli çay yok.,A tea stain. On the interpreter's cushion. Tea this strong doesn't exist in 1453.,ad
D7_N_TRACE_WALLS,7,SPK_NIHAT,,0,Fes ipliği. Surların dibinde. Birisi burada birine sigorta satmaya çalışmış.,A thread from a fez. At the foot of the walls. Someone tried to sell insurance to someone here.,ad
D7_N_URBAN_ASK,7,SPK_NIHAT,,0,Zaman Bürosu. Bir cin kutusu gördünüz mü? Yani... bir telefon?,Time Bureau. Have you seen a djinn box? I mean... a telephone?,kod
D7_N_URBAN_ASK_PLAIN,7,SPK_NIHAT,,0,Zaman Bürosu. Fesli bir adam gördünüz mü? Garip eşyalar taşıyan?,Time Bureau. Have you seen a man in a fez? Carrying strange objects?,ad
D7_N_URBAN_DJINN,7,SPK_NIHAT,,0,"'Şarjım bitti.' Rapora, olduğu gibi yazıyorum.",'Battery low.' I'm putting that in the report word for word.,kod
D7_N_URBAN_DJINN_PLAIN,7,SPK_NIHAT,,0,"Rapora, olduğu gibi yazıyorum.",I'm putting that in the report word for word.,ad
D7_N_WALL,7,SPK_NIHAT,[hesitant],0,(Önünde bir duvar yükseliyor. Madde madde. Yönetmelik.) ...Hayır. Sadece... bir gün. Bir gün bekleyecektim.,(A wall rises before him. Article after article. Regulations.) ...No. Just... a day. I was only going to wait a day.,oyun
D7_N_WALL_KEPT,7,SPK_NIHAT,[sad],0,(Duvar geri çekiliyor. Form sapasağlam.) ...Gönderiyorum. Kurallar bizi korur. Kurallar... bizi korur.,(The wall recedes. The form is perfectly intact.) ...I'm sending it. Rules protect us. Rules... protect us.,oyun
D7_N_WALL_TORN,7,SPK_NIHAT,,0,(Kâğıt parçaları yere dökülüyor) ...Yırttım. Formu yırttım. Hayatımda ilk kez. Ellerim titriyor. Güzel bir titreme.,(Scraps of paper tumble to the ground) ...I tore it. I tore the form. For the first time in my life. My hands are shaking. A nice kind of shaking.,oyun
D7_N_WARM,7,SPK_NIHAT,,0,"İz ılık. Buradan geçmiş, ama kalmamış. Bir sigortacı gibi: gelir, satar, gider.","The trace is warm. He passed through but didn't stay. Like an insurance man: arrives, sells, leaves.",kod
D7_S_LETTER,7,SPK_SOLDIER,,0,Annem mektuba cevap yazdı! 'Geri dönüşünüz için teşekkür ederim' diyor. Annem de sigortacı olmuş.,My mother answered my letter! She says 'Thank you for your feedback.' My mother's become an insurance woman too.,ad
D7_S_LETTER_NONE,7,SPK_SOLDIER,,0,"Anneme mektup yazacaktım. Yazı bilen kimse yok. Bu ordugâhta herkes kılıç biliyor, kalem bilen yok.",I was going to write to my mother. Nobody here can write. Everyone in this camp knows a sword; nobody knows a pen.,ad
D7_S_LETTER_R1,7,SPK_SOLDIER,,0,Annem mektuba cevap yazdı! 'Topun sesi buraya kadar geliyor' diyor. Edirne'ye kadar.,My mother answered my letter! She says 'We can hear the cannon from here.' All the way to Edirne.,ad
D7_S_LETTER_R3,7,SPK_SOLDIER,,0,Annem mektuba cevap yazdı! 'Sigortacıyı gönder' diyor. Keçiyi sigortalatacakmış.,My mother answered my letter! She says 'Send the insurance man.' She wants the goat insured.,ad
D7_THEODOROS_AGAIN,7,SPK_THEODOROS,,0,[Yunanca] Meslektaşım! Yedi nüsha selamlar.,[Greek] My colleague! Greetings in seven copies.,ad
D7_THEO_CHAT,7,SPK_THEODOROS,,0,[Yunanca] Yedi! Siz kaç?,[Greek] Seven! And you?,oyun
D7_THEO_CHAT2,7,SPK_THEODOROS,[sad],0,[Yunanca] (Gözleri dolar) Ters tarih... Kimse beni böyle anlamamıştı. Meslektaşım!,[Greek] (His eyes well up) Reverse chronological... No one has ever understood me like this. My colleague!,oyun
D7_THEO_FORM,7,SPK_THEODOROS,,0,"[Yunanca] Yabancı bir form... (inceler) Mühür yeri var. İmza yeri var. Nüsha yeri var. Mükemmel. (Doldurur, yedi kopyasını çıkarır)",[Greek] A foreign form... (examines it) A space for the seal. A space for the signature. A space for the copy number. Perfect. (Fills it in and makes seven copies),kod
D7_THEO_FORM_Z9,7,SPK_THEODOROS,,0,[Yunanca] Bilgi talebi Form Ζ-9 ile yapılır. Form Ζ-9'u almak için Form Ζ-8 gerekir. Ζ-8 ise...,[Greek] Requests for information are made on Form Ζ-9. To obtain Form Ζ-9 one requires Form Ζ-8. And Ζ-8...,oyun
D7_THEO_HELLO,7,SPK_THEODOROS,,0,[Yunanca] Logothetes Theodoros. Başvurunuz hangi odaya?,"[Greek] Theodoros, Logothete. Which room is your application for?",oyun
D7_THEO_TRUTH_CELL,7,SPK_THEODOROS,,0,[Yunanca] Aradığınız kişi dört hata yaptı. Zindanda. Başvurusu hâlâ açık. Açık kalacak.,[Greek] The person you seek made four mistakes. He is in the dungeon. His application remains open. It will remain open.,ad
D7_THEO_TRUTH_OUT,7,SPK_THEODOROS,,0,"[Yunanca] Aradığınız kişi Misafir İzni'ni aldı, İmparator'a çıktı ve beyaz bayrakla kapıdan çıktı. Çıkış formu eksik. Ama çıktı.","[Greek] The person you seek obtained his Visitor's Permit, went before the Emperor and left through the gate under a white flag. His exit form is missing. But he left.",oyun
D7_T_CELL,7,SPK_TOLGA,,0,"(İçeriden) Niko, yine mi form? 'Fes rengi: kırmızımsı.' Ezberledim artık.","(From inside) Niko, another form? 'Fez colour: reddish.' I know it by heart now.",oyun
D7_T_CELL_FIRST,7,SPK_TOLGA,,0,"(İçeriden) Niko, bu form ne? 'Fes rengi: kırmızımsı.' Bir zindanda ilk kez form dolduruyorum.","(From inside) Niko, what's this form? 'Fez colour: reddish.' First time I've filled in a form in a dungeon.",kod
D7_T_CELL_FIRST_NOFEZ,7,SPK_TOLGA,,0,"(İçeriden) Niko, bu form ne? 'Şapka: yok.' Bir zindanda ilk kez form dolduruyorum.","(From inside) Niko, what's this form? 'Hat: none.' First time I've filled in a form in a dungeon.",varyant
D7_T_CELL_NOFEZ,7,SPK_TOLGA,,0,"(İçeriden) Niko, yine mi form? 'Şapka: yok.' Ezberledim artık.","(From inside) Niko, another form? 'Hat: none.' I know it by heart now.",varyant
D7_T_FAR_A,7,SPK_TOLGA,[shouting],0,(Uzaktan) Şef! Leblebi bitti! ...Nohut da bitti! ...Şef?,(In the distance) Chef! We're out of leblebi! ...Out of chickpeas too! ...Chef?,oyun
D7_T_FAR_A_FIRE,7,SPK_TOLGA,[shouting],0,(Uzaktan) Şef! Ocak yine söndü! ...Çakmağı ben mi yakayım? ...Şef?,(In the distance) Chef! The hearth's gone out again! ...Shall I use the lighter? ...Chef?,ad
D7_T_FAR_B,7,SPK_TOLGA,,0,"(Uzaktan) Lütfi, 'poliçe' Frenkçe nasıl denir? ...Sen de mi bilmiyorsun?","(In the distance) Lütfi, how do you say 'policy' in Frankish? ...You don't know either?",oyun
D7_T_FAR_C,7,SPK_TOLGA,[shouting],0,"(Uzaktan, bağırarak) NE? DUYMUYORUM! KULAKLARIM PAMUKLU!","(In the distance, shouting) WHAT? I CAN'T HEAR! COTTON IN MY EARS!",ad
D7_T_FAR_Y,7,SPK_TOLGA,[excited],0,"(Uzaktan) Kasko, konut, keçi. Paket halinde daha uygun!","(In the distance) Car, home and goat. Cheaper as a bundle!",ad
D7_URBAN_AGAIN,7,SPK_URBAN,,0,Çırak olmayacaksan topumun önünden çekil.,"If you won't be an apprentice, get away from my cannon.",ad
D7_URBAN_DJINN,7,SPK_URBAN,,0,"Cin kutusu! Çırağımın! Hesap yapıyor, ışık saçıyor, sonra 'şarjım bitti' diyor. Çırağım şimdi dökümhanede. Kulakları pamuklu.","The djinn box! My apprentice's! It does sums, it glows, then it says 'battery low'. My apprentice is at the foundry now. Cotton wool in his ears.",kod
D7_URBAN_DJINN_CUBE,7,SPK_URBAN,,0,"Renkli küp! Çırağımın! Altı yüz, bir kural. Üç gündür çeviriyorum. Çırağım şimdi dökümhanede.","The coloured cube! My apprentice's! Six faces, one rule. I've been turning it for three days. My apprentice is at the foundry now.",ad
D7_URBAN_DJINN_LIGHTER,7,SPK_URBAN,[shouting],0,Cep ateşi! Çırağımın! Tek seferde yanıyor. Çırağım şimdi dökümhanede. Kaşları yanık.,The pocket fire! My apprentice's! Lights first time. My apprentice is at the foundry now. Eyebrows singed.,ad
D7_URBAN_DJINN_LIGHTER_ULIGHTER,7,SPK_URBAN,,0,"Cep ateşi! Çırağımın! Bak, bende. (Çakar.) Tek seferde yanıyor. Çırağım şimdi dökümhanede. Kaşları yanık.","The pocket fire! My apprentice's! Look, I've got it. (Strikes it.) Lights first time. My apprentice is at the foundry now. Eyebrows singed.",ad
D7_URBAN_DJINN_TAPE,7,SPK_URBAN,,0,"Yapışkan bez! Çırağımın! Topumu sardı, top sustu. Çırağım şimdi dökümhanede. Kulakları pamuklu.",The sticky cloth! My apprentice's! He wrapped my cannon and it held. My apprentice is at the foundry now. Cotton in his ears.,ad
D7_URBAN_HELLO,7,SPK_URBAN,,0,Usta Urban. Top. Çatlak. Sen kimsin? Çırak mı? Değil mi? Yazık.,Master Urban. Cannon. Crack. Who are you? An apprentice? No? Pity.,kod
D7_URBAN_NO,7,SPK_URBAN,,0,Cin kutusu görmedim. Görsem satın alırdım. Sen çırak olur musun? Kulak pamuğu bizden.,"I've seen no djinn box. If I had, I'd have bought it. Want to be an apprentice? Ear cotton's on us.",kod
D8_A1_ENTER,8,SPK_AGENT1,,0,"İyi sabahlar. Zaman Bürosu. Rutin kontrol. Siz devam edin, biz yokuz.",Good morning. The Time Bureau. Routine inspection. You carry on; we're not here.,oyun
D8_A1_KNOWN,8,SPK_AGENT1,,0,Garajdaki amca! Gece ışığımıza üç kez yakalanan. Gözüm üstünde.,The garage uncle! Caught in our spotlight three times last night. I've got my eye on you.,kod
D8_A1_RECALL,8,SPK_AGENT1,,0,(Telsizine bakar) Acil toplantı mı? Gündem... fes? Gidiyoruz.,(Looks at his radio) An emergency meeting? Agenda... fezzes? We're going.,oyun
D8_A1_TEA,8,SPK_AGENT1,,0,...Görev başında çay yönetmeliğe aykırı değil. Tek bardak.,...Tea on duty isn't against regulations. One glass.,kod
D8_A2_ENTER,8,SPK_AGENT2,,0,Görevdeyiz. ...Ama sonra olabilir. Sonra. Görevden sonra. Şekersiz.,We're on duty. ...But perhaps later. Later. After our duty. No sugar.,oyun
D8_A2_RECALL,8,SPK_AGENT2,,0,"Çayı sonra içeriz, Cemil Bey. Sonra. Toplantıdan sonra.","We'll have that tea later, Mr Cemil. Later. After the meeting.",oyun
D8_A2_TEA_DONE,8,SPK_AGENT2,,0,Çay bitti. Göreve dönüyoruz.,Tea's finished. Back to work.,kod
D8_A2_UNKNOWN,8,SPK_AGENT2,,0,Bu saatte hırdavatçıda bir amca. Normal. Biz garajdaki adamı arıyoruz; o bütün gece bir kez bile ışığa çıkmadı.,An old man at the hardware store at this hour. Normal. We're after the garage guy; he never stepped into the light once all night.,kod
D8_A_CAUGHT_1,8,SPK_AGENT1,,0,"(Fener Hikmet'in yüzünde) Beyefendi, pijamayla alışveriş... Yönetmelik 4/d'ye aykırı değil. Ama tuhaf. Kasaya buyurun.","(The torch on Hikmet's face) Sir, shopping in pyjamas... isn't against Regulation 4/d. But it's odd. This way to the till, please.",oyun
D8_A_CAUGHT_2,8,SPK_AGENT2,,0,Yine siz. Bu sepette ne var? ...Bir kondansatör? Ne için? Not ediyorum. Kasaya.,You again. What's in the basket? ...A capacitor? What for? I'm making a note. To the till.,oyun
D8_A_CAUGHT_2_EMPTY,8,SPK_AGENT1,,0,Yine siz. Sepetiniz boş. Saat beşte boş sepetle reyon reyon geziyorsunuz. Bu daha şüpheli. Not ediyorum. Kasaya.,"You again. Your basket's empty. Five in the morning, wandering the aisles with an empty basket. That's even more suspicious. I'm making a note. To the till.",ad
D8_A_CAUGHT_2_ITEM,8,SPK_AGENT1,,0,Yine siz. Bu sepette ne var? ...%s? Ne için? Not ediyorum. Kasaya.,You again. What's in the basket? ...%s? What for? I'm making a note. To the till.,ad
D8_A_CAUGHT_3,8,SPK_AGENT1,,0,"Üçüncü kez. Sepetinize el konulmuştur. Form Z-4, iki nüsha. Güle güle, beyefendi.","Third time. Your basket is hereby confiscated. Form Z-4, in duplicate. Goodbye, sir.",oyun
D8_C_01,8,SPK_CEMIL,,0,Hikmet! Saat beş. Ya bir şey patladı ya da bir şey icat ettin.,Hikmet! Five o'clock. Either something's exploded or you've invented something.,oyun
D8_C_03,8,SPK_CEMIL,,0,Pijamayla mı geldin? ...Neyse. Ben de terlikliyim. Çay?,You came in your pyjamas? ...Never mind. I'm in slippers myself. Tea?,oyun
D8_C_BADGE,8,SPK_CEMIL,,0,Fotoğraf pijamalı çıktı. Kart güzel ama. 'Ajan H.' Hangi ajans?,"The photo came out in pyjamas. It's a nice card, though. 'Agent H.' Which agency?",oyun
D8_C_HINT,8,SPK_CEMIL,,0,Kondansatör birinci reyonda. Anten arkada. Bant çantada. Cıvata makası bahçede. Laminasyon girişte. Ben burdayım. Çay hazır.,Capacitor's in aisle one. Aerial's at the back. Tape's in the case. Bolt cutters in gardening. Laminator's by the door. I'm here. The tea's ready.,kod
D8_C_LATE,8,SPK_CEMIL,,0,"Hikmet, saat yedi buçuk. Servisin geliyor. Dükkânı kapatmıyorum ama... bu sabah olmadı.","Hikmet, it's half past seven. Your bus is coming. I'm not closing the shop, but... it didn't happen this morning.",oyun
D8_C_PAY,8,SPK_CEMIL,,0,"Hepsini buldun mu? Kondansatör, anten, bant... Hikmet, sen yine bir şey yapıyorsun.","Found everything? Capacitor, aerial, tape... Hikmet, you're up to something again.",oyun
D8_C_PAY2,8,SPK_CEMIL,,0,"Kırk yıldır yazıyorum. Defterin yarısı sen. Git, Hikmet. Ne yapıyorsan yap. Çay bekler.","I've been writing it down for forty years. Half the ledger's you. Go on, Hikmet. Whatever you're doing, do it. The tea will keep.",oyun
D8_C_PAY_HEIST,8,SPK_CEMIL,,0,"Hepsini buldun mu? Cıvata makası, laminasyon makinesi, yağmurluk... Hikmet, bunlarla ne yapılır? Sen yine bir şey yapıyorsun.","Found everything? Bolt cutters, a laminator, a raincoat... Hikmet, what does anyone do with those? You're up to something again.",ad
D8_C_PAY_NOTAPE,8,SPK_CEMIL,,0,"Hepsini buldun mu? Kondansatör, anten... Hikmet, sen yine bir şey yapıyorsun.","Found everything? Capacitor, aerial... Hikmet, you're up to something again.",ad
D8_C_TAPE,8,SPK_CEMIL,,0,"Bant mı? Bitti. Son ruloyu az önce iki adam aldı, gri çantalarına koydular. Çanta arka masada.",Tape? Sold out. Two men took the last roll just now and put it in their grey case. The case is on the back table.,oyun
D8_C_TEA,8,SPK_CEMIL,,0,Çay?,Tea?,oyun
D8_C_TEA_OFFER,8,SPK_CEMIL,,0,"Beyler! Bu saatte fener tutulmaz, çay tutulur. Tezgâha buyurun, taze demledim.","Gentlemen! At this hour you don't hold torches, you hold tea. Come to the counter, it's freshly brewed.",kod
D8_C_WHERE,8,SPK_CEMIL,,0,"Kondansatörler birinci reyonda, elektrikte. Antenler en arkada, duvarda. 1453 mikrofarad mı? Onu senden başka alan yok, hep bir tane tutarım.","Capacitors are in aisle one, electrics. Aerials are at the very back, on the wall. 1453 microfarads? No one buys those but you; I always keep one.",oyun
D8_C_WHERE_HEIST,8,SPK_CEMIL,,0,"Makas bahçede, üçüncü reyon. Laminasyon ve yağmurluk girişte, solda. ...Soygun mu yapacaksın, Hikmet?","The cutters are in gardening, aisle three. The laminator and the raincoats are by the door, on the left. ...Planning a robbery, Hikmet?",oyun
D8_H_01,8,SPK_HIKMET,,0,Nöbetçi Hırdavat. Kırk yıldır açık. Cemil hiç uyumaz. Uyusa da dükkân açık.,"The all-night hardware shop. Open for forty years. Cemil never sleeps. Even when he does, the shop's open.",oyun
D8_H_AGENTS,8,SPK_HIKMET,,0,"El fenerleri var. Işıklarına yakalanmayayım. Rafların arkası karanlık. Kırk yıllık müşteriyim, dükkânı ezbere bilirim.",They've got torches. I mustn't get caught in their light. It's dark behind the shelves. I've been a customer for forty years; I know this shop by heart.,oyun
D8_H_BADGE_1,8,SPK_HIKMET,,0,"Cemil, laminasyon makinesini burada deneyebilir miyim? Bir fotoğraf lazım. Pijamalı olsa da olur.","Cemil, can I try the laminator here? I need a photo. Pyjamas will do.",oyun
D8_H_BADGE_2,8,SPK_HIKMET,,0,Zaman Bürosu. Yarın gece depolarına giriyorum. Makinemi geri alacağım.,The Time Bureau. Tomorrow night I'm going into their depot. I'm taking my machine back.,oyun
D8_H_BADGE_3,8,SPK_HIKMET,,0,"Gri yağmurluk, cıvata makası, sahte kart. Yönetmelik 7/c. Kırk yıldır dükkân işletiyorum, bir depo mu işletemeyeceğim?","Grey raincoat, bolt cutters, a fake card. Regulation 7/c. I've run a shop for forty years; I can manage a depot.",oyun
D8_H_CALL_1,8,SPK_HIKMET,,0,Alo? Nihat Bey? Benim. Hikmet. Pijamalı olan.,Hello? Mr Nihat? It's me. Hikmet. The one in pyjamas.,oyun
D8_H_CALL_3,8,SPK_HIKMET,,0,Dükkândayım. İki ajanınız el feneriyle beni kovalıyor. Makineyi tamir etmem lazım. Evlât için.,I'm in the shop. Two of your agents are chasing me round with torches. I need to repair the machine. For the lad.,oyun
D8_H_CALL_END,8,SPK_HIKMET,,0,"Söylemediniz. Sağ olun, Nihat Bey. Çayınız bende.","You didn't. Thank you, Mr Nihat. I owe you a tea.",oyun
D8_H_CAUGHT_1,8,SPK_HIKMET,,0,"Kasadayım. On dakika gitti. Işıktan uzak dur, Hikmet.","I'm at the till. Ten minutes gone. Stay out of the light, Hikmet.",oyun
D8_H_CAUGHT_2,8,SPK_HIKMET,,0,Bir daha olmaz. Olursa sepet gider.,"It mustn't happen again. If it does, the basket goes.",oyun
D8_H_C_02,8,SPK_HIKMET,,0,"İkisi de, Cemil. Sırayla.","Both, Cemil. In that order.",oyun
D8_H_FAIL_CAUGHT,8,SPK_HIKMET,,0,Sepetime el koydular. Kondansatörüme. Kırk yıllık müşteriyim. Formları iki nüshaydı.,They confiscated my basket. My capacitor. Forty years a customer. Their forms were in duplicate.,oyun
D8_H_FAIL_CAUGHT_EMPTY,8,SPK_HIKMET,,0,Beni dükkândan çıkardılar. Sepet boştu zaten. Kırk yıllık müşteriyim. Formları iki nüshaydı.,They threw me out of the shop. The basket was empty anyway. Forty years a customer. Their forms were in duplicate.,ad
D8_H_FAIL_CAUGHT_ITEM,8,SPK_HIKMET,,0,Sepetime el koydular. %s da gitti. Kırk yıllık müşteriyim. Formları iki nüshaydı.,They confiscated my basket. %s and all. Forty years a customer. Their forms were in duplicate.,ad
D8_H_FAIL_END,8,SPK_HIKMET,,0,"Olsun. Pencereyi açarım. Daha kısa açarım. Dayan, evlât.","Never mind. I'll open the window. For less time. Hold on, lad.",oyun
D8_H_FAIL_LATE,8,SPK_HIKMET,,0,Servis saati. Parçalar eksik. Makine yarım.,Opening time. The parts are missing. The machine's half-built.,oyun
D8_H_G1,8,SPK_HIKMET,[hesitant],0,"Kondansatör... yerine. Anten... yerine. Bant... her yere. Bodrumdan çıkardım, taktım. Kırk dakikada. Rekor.",Capacitor... in. Aerial... in. Tape... everywhere. I brought it up from the cellar and put it together. Forty minutes. A record.,oyun
D8_H_G2,8,SPK_HIKMET,,0,Halkalar dönüyor. Panel: 1453. Makine hazır.,The rings are turning. Panel: 1453. The machine's ready.,oyun
D8_H_G3,8,SPK_HIKMET,,0,Sesi geldi. İyi. İyi ama orada. Yalnız.,"There's his voice. Good. Good, but he's there. Alone.",oyun
D8_H_G3_NO,8,SPK_HIKMET,,0,Telsiz sessiz. Evlât ya uyuyor ya da... uyuyordur.,The radio's silent. The lad's either asleep or... he's asleep.,kod
D8_H_G4,8,SPK_HIKMET,,0,Makine hazır. Kırk dokuz yıldır hazır. Hazır olmayan hep bendim. 1977'de dans etmedim. Bu sabah...,The machine's ready. It's been ready for forty-nine years. The one who wasn't ready was always me. In 1977 I didn't dance. This morning...,oyun
D8_H_GOT_ANTENNA,8,SPK_HIKMET,,0,Anten. 1987 model. Bununla Kanal 1 çekiyordu. Şimdi 1453 çekecek.,An aerial. A 1987 model. It used to pick up Channel 1. Now it'll pick up 1453.,oyun
D8_H_GOT_CAPACITOR,8,SPK_HIKMET,,0,1453 mikrofarad. Tam değer. Cemil beni seviyor.,1453 microfarads. Exactly right. Cemil loves me.,oyun
D8_H_GOT_CUTTER,8,SPK_HIKMET,,0,Cıvata makası. Mühür bandını keser. Kilidi de keser. Vicdanı kesmez.,"Bolt cutters. They'll cut a seal band. And a padlock. Not a conscience, though.",oyun
D8_H_GOT_GLASS,8,SPK_HIKMET,,0,Panel camı. Evlât tekmeyle kırmıştı. Ya da ben kırmıştım. Bilmiyorum.,Panel glass. The lad broke it with a kick. Or I did. I don't know.,ad
D8_H_GOT_LAMINATOR,8,SPK_HIKMET,,0,"Laminasyon makinesi. Bir kart, bir fotoğraf, biraz ısı. Büro'da kart her kapıyı açar.","A laminator. A card, a photo, a bit of heat. At the Bureau, a card opens every door.",oyun
D8_H_GOT_RAINCOAT,8,SPK_HIKMET,,0,Gri yağmurluk. Büro'da herkes gri. Ben de gri olacağım. Altında pijama olacak ama.,A grey raincoat. Everyone at the Bureau is grey. I'll be grey too. With pyjamas underneath.,oyun
D8_H_GOT_TAPE,8,SPK_HIKMET,,0,Büro'nun mühür çantasından kendi bandımı geri aldım. Hırsızlık değil. Geri alım.,I took my tape back out of the Bureau's seal case. That's not theft. It's a repossession.,oyun
D8_H_GUN_1,8,SPK_HIKMET,,0,Dur. 1453 bu. Kuşatma var. Ne olacağı belli olmaz.,Wait. It's 1453. There's a siege on. You never know what might happen.,kod
D8_H_GUN_2,8,SPK_HIKMET,,0,(Duvardaki çifteyi indirir) Rahmetli babamın çiftesi. Elli yıldır ateşlenmedi. Fişeği de yok. Ama onlar bunu bilmiyor.,(Takes the shotgun down from the wall) My late father's shotgun. Hasn't been fired in fifty years. No cartridges either. But they don't know that.,kod
D8_H_GUN_3,8,SPK_HIKMET,,0,...Bir de yedek terlik. Kuşatmada ayak üşür.,...And a spare pair of slippers. Feet get cold in a siege.,kod
D8_H_LIST,8,SPK_HIKMET,,0,"Çay sonra. Liste şu: bir kondansatör, bin dört yüz elli üç mikrofarad. Başka değer olmaz. Bir de eski tip anten.","Tea later. Here's the list: a capacitor, one thousand four hundred and fifty-three microfarads. No other value will do. And an old-style aerial.",oyun
D8_H_LIST_HEIST,8,SPK_HIKMET,,0,"Çay sonra. Liste şu: cıvata makası, laminasyon makinesi, gri bir yağmurluk. Sorma.","Tea later. Here's the list: bolt cutters, a laminating machine, a grey raincoat. Don't ask.",oyun
D8_H_NO_CARD,8,SPK_HIKMET,,0,Kimi arayacağım ki? Büro'nun numarası rehberde yok.,Who would I ring? The Bureau isn't in the phone book.,kod
D8_H_PAJAMA,8,SPK_HIKMET,,0,"Pijamayla çıktım. Pijama değil bu, gece mesaisi kıyafeti.","I came out in my pyjamas. They're not pyjamas, they're night-shift wear.",oyun
D8_H_PAY,8,SPK_HIKMET,,0,Yazar mısın? Veresiye.,Put it on the slate? On account.,oyun
D8_H_PHONE,8,SPK_HIKMET,,0,Cemil'in sabit hattı. Cebimde o adamın kartviziti var. Denetçi N. Zamanoğlu.,Cemil's landline. I've got that man's card in my pocket. Inspector N. Zamanoğlu.,oyun
D8_H_RIDE_1,8,SPK_HIKMET,,0,Bir kere de ben gideyim.,"Just this once, let me be the one who goes.",oyun
D8_H_RIDE_2,8,SPK_HIKMET,,0,1977 değil. 1453. Dans etmeye değil... evlâdı almaya. Terliklerim çıkmasın.,Not 1977. 1453. Not to dance... to fetch the lad. Mind my slippers stay on.,oyun
D8_H_STAY,8,SPK_HIKMET,,0,"Hayır. Biri burada kalmalı. Pencereyi açacak biri. Dayan, evlât. Pencere benden.","No. Someone has to stay here. Someone to open the window. Hold on, lad. The window's on me.",oyun
D8_H_TAPE,8,SPK_HIKMET,,0,Bir de bant lazım. Evlât bandımı da götürmüş. Bandsız ben neyim?,I need tape too. The lad took my tape. What am I without tape?,oyun
D8_H_TEA,8,SPK_HIKMET,,0,"Cemil, sen bir tanesin. Çay bitmeden toplamam lazım.","Cemil, you're one in a million. I need to grab everything before the tea's gone.",kod
D8_H_VAN,8,SPK_HIKMET,,0,"Minibüs peşimde. Farları sönük, motoru çalışıyor. Size zaman ayırıyoruz... Sağ olun.","The van's following me. Lights off, engine running. 'We make time for you'... How kind.",oyun
D8_N_CALL_2,8,SPK_NIHAT,,0,(Cızırtılı; arkada at kişnemesi) ...Hikmet Bey. Sahadayım. 1453'te. Bu hat kayıtlı değil. Ne kadar süremiz var?,(Crackly; a horse whinnies in the background) ...Mr Hikmet. I'm in the field. In 1453. This line isn't on the record. How long have we got?,oyun
D8_N_HINT,8,SPK_NIHAT,,0,Size yardım edemem. ...Ajanlar her durakta bir buçuk saniye durur ve etrafa bakar. Rafların arkasını görmezler. Bunu ben söylemedim.,I can't help you. ...The agents stop for a second and a half at each corner and look around. They can't see behind the shelves. I didn't tell you that.,oyun
D8_N_RULEFREE,8,SPK_NIHAT,,0,(Kâğıt yırtılma sesi) ...Ajanlara 'acil toplantı' mesajı atıyorum. Gündem: 'Fesli ziyaretçiler hakkında yönetmelik'. Gitmek zorundalar.,(The sound of paper tearing) ...I'm sending the agents an 'emergency meeting' notice. Agenda: 'Regulations concerning visitors in fezzes'. They'll have to go.,oyun
D8_T_RADIO_A,8,SPK_TOLGA,,0,(Telsiz) Hikmet Amca? Burada bugün fötr şapkalı biri beni arıyormuş. Herkes 'kırmızımsı' diyor. Ne demek?,(Radio) Uncle Hikmet? Someone in a fedora was looking for me here today. Everyone keeps saying 'reddish'. What does that mean?,oyun
D8_T_RADIO_B,8,SPK_TOLGA,,0,(Telsiz) Hikmet Amca? Burada fötr şapkalı biri tavuğa form doldurtmaya çalıştı. Tavuk imzaladı.,(Radio) Uncle Hikmet? Some fellow in a fedora here tried to get a chicken to fill in a form. The chicken signed it.,kod
D8_V_01,8,SPK_VAN,,0,"(Minibüsün hoparlörü) Günaydın, vatandaş. Rutin bir alışveriş, değil mi? Değil mi?","(The van's loudspeaker) Good morning, citizen. Just some routine shopping, isn't it? Isn't it?",oyun
D9_C_NOBODY,9,SPK_CANDARLI,[hesitant],0,Kimseyim. Paşa... yani kimse... seni bekliyor. Arkada. Büyük sarıklı olan.,I am nobody. The Pasha... I mean nobody... is waiting for you. Round the back. The one with the big turban.,kod
D9_G_1,9,SPK_HASAN,,0,"Dur! Otağ kapısı. Bugün onur muhafızıyız. Hüseyin, onur ne demek?","Halt! The imperial tent's gate. Today we're the guard of honour. Hüseyin, what does 'honour' mean?",oyun
D9_G_2,9,SPK_HUSEYIN,,0,Onur... şu kırmızı kaftan. Ben Hasan'ım bu arada. Değilim. Huzura mı çıkacaksın?,"Honour... it's this red kaftan. I'm Hasan, by the way. I'm not. Are you here to go before the Sultan?",oyun
D9_G_2_HUFEZ,9,SPK_HUSEYIN,,0,Onur... şu kırmızı kaftan. Ben Hüseyin'im bu arada. Fesli olan. Kesin. Huzura mı çıkacaksın?,"Honour... it's this red kaftan. I'm Hüseyin, by the way. The one in the fez. Definitely. Are you here to go before the Sultan?",varyant
D9_G_LATER,9,SPK_HUSEYIN,,0,"Sonra gel. Kapı yerinde. Biz de. Kim kim, bilmiyoruz ama yerimizdeyiz.","Come back later. The gate's not going anywhere. Neither are we. Don't know who's who, but we're right here.",oyun
D9_G_LATER_HUFEZ,9,SPK_HUSEYIN,,0,"Sonra gel. Kapı yerinde. Biz de. Artık kim kim, biliyoruz: fesli olan Hüseyin.",Come back later. The gate's not going anywhere. Neither are we. And now we know who's who: the fez is Hüseyin.,varyant
D9_G_WAIT,9,SPK_HASAN,,0,Bekle. Sultan yarın kabul ediyor. Herkes yarın. Yarın herkesin günü.,Wait. The Sultan receives tomorrow. Everyone's tomorrow. Tomorrow is everyone's day.,oyun
D9_H2_2,9,SPK_HIKMET,,0,"Evlât! Buldum seni. ...Önce keçi buldu beni, ama sonra ben seni buldum.","Son! I found you. ...The goat found me first, but then I found you.",oyun
D9_H2_4,9,SPK_HIKMET,,0,"Pijama değil, gece mesaisi kıyafeti. Kırk dokuz yıl bekledim, evlât. Kıyafete bakacak vaktim yoktu.","They're not pyjamas, they're night-shift wear. I waited forty-nine years, son. I didn't have time to think about clothes.",oyun
D9_H2_6,9,SPK_HIKMET,,0,Onu... sonra düşünürüz. Önce şu keçiden kurtulalım. Sonra düşünürüz. Muhtemelen.,We'll... think about that later. First let's get away from this goat. Then we'll think. Probably.,oyun
D9_H2_AGAIN,9,SPK_HIKMET,,0,"Keçi hâlâ bakıyor. Sen işine bak, evlât. Ben buradayım.","The goat's still staring. You get on with your business, son. I'm right here.",kod
D9_H2_GUN,9,SPK_HIKMET,,0,"Çifte. Ne olacağı belli olmaz dedim. Yolda bir yeniçeri gördü, güldü. Baston sandı. Ben de bozmadım.","A shotgun. You never know, I said. A Janissary saw it on the way and laughed. Thought it was a walking stick. I didn't correct him.",kod
D9_H2_GUN2,9,SPK_HIKMET,,0,Yok. Ama mutfaktan bir avuç karabiber aldım. Namluya doldurursak... herkes hapşırır. Biz dahil.,No. But I pinched a handful of black pepper from the kitchen. If we load that... everyone sneezes. Us included.,kod
D9_HA_CUBE_BACK,9,SPK_HASAN,,0,Üç gecedir rüyasında renkli kare görüyor. Ben de görmeye başladım.,He's been dreaming of coloured squares for three nights. Now I am too.,kod
D9_HA_THERMOS_BACK,9,SPK_HASAN,,0,"Al, sihirli testin. Beş dakika mola dedik; üç gün sürdü.","Here, your magic jug. We said a five-minute break; it lasted three days.",kod
D9_HU_CUBE_BACK,9,SPK_HUSEYIN,,0,"Al, kutun. Bir yüzünü ben yaptım. Gerisini Allah bilir.",Here's your box. I did one side. The rest is in God's hands.,kod
D9_HU_THERMOS_BACK,9,SPK_HUSEYIN,,0,"Bir bardak bıraktık. Senin için. Hüseyin içmek istedi, Hasan vermedi. Ya da tersi.","We left you one cup. For you. Hüseyin wanted to drink it, Hasan wouldn't let him. Or the other way round.",kod
D9_HU_THERMOS_BACK_HUFEZ,9,SPK_HUSEYIN,,0,"Bir bardak bıraktık. Hasan içmek istedi, ben vermedim. Ben Hüseyin'im, fesli olan; bunu artık biliyoruz.","We left you one cup. Hasan wanted to drink it, I wouldn't let him. I'm Hüseyin, the one in the fez; we know that now.",varyant
D9_H_8_1,9,SPK_HIKMET,,0,"Makine hazır, evlât. Tamir ettim. Pencereyi açacağım, sen hazır ol. İş teklifi mi? Sigortadan iyidir.","The machine's ready, son. I fixed it. I'll open the window; you be ready. A job offer? Better than insurance.",oyun
D9_H_8_2,9,SPK_HIKMET,,0,"Parçayı bulamadım, evlât. Pencere kısa olacak. Koşman gerekecek. İş teklifi mi? Koşu gerektirmeyeni al.","I couldn't find the part, son. The window will be short. You'll have to run. A job offer? Take one that doesn't involve running.",ad
D9_H_8_3,9,SPK_HIKMET,,0,"Bu gece Büro'nun deposuna giriyorum, evlât. Ajan H. olarak. Sahte kartım var. Pijamalı fotoğraflı.","Tonight I'm going into the Bureau's depot, son. As Agent H. I've got a fake card. Photo in pyjamas.",ad
D9_H_CALL,9,SPK_HIKMET,,0,(Telsiz) Evlât? Sabah oldu mu? Burada pazartesi oldu.,(Radio) Son? Is it morning there? It's Monday here.,oyun
D9_H_HERE,9,SPK_HIKMET,,0,"(Telsiz, çok yakından) Evlât? Pazardayım. Pijamayla. Bir keçi beni kovalıyor. Neden kovalıyor?","(Radio, very close) Son? I'm at the market. In my pyjamas. A goat is chasing me. Why is it chasing me?",oyun
D9_H_NO_ANSWER,9,SPK_HIKMET,,0,(Telsiz) ...Cevap yok. İş başında herhalde. Umarım bulaşık değildir.,(Radio) ...No answer. Must be at work. I hope it's not the washing-up.,kod
D9_KADRI_AGAIN,9,SPK_KADRI,,0,Teklif hâlâ geçerli. Kazanlar ısınıyor. Sen ısınmıyor musun?,The offer still stands. The pots are heating up. Aren't you?,ad
D9_KADRI_BUSY,9,SPK_KADRI,,0,Sen benim yamağım değilsin. Tencereye de girmiyorsun. Yolun açık olsun.,You're not my kitchen boy. And you don't fit in a pot. Off you go.,ad
D9_KADRI_NO,9,SPK_KADRI,,0,Peki. Tencereler seni özleyecek. Ben özlemem. Tencereler özler.,Fine. The pots will miss you. I won't. The pots will.,oyun
D9_KADRI_OFFER_1,9,SPK_KADRI,,0,"Yamak! Sultan bu akşam ziyafet veriyor. Paşalar, elçiler, bir de bir Macar.","Kitchen boy! The Sultan is holding a feast tonight. Pashas, envoys, and one Hungarian.",oyun
D9_KADRI_OFFER_2,9,SPK_KADRI,,0,Hayır. Ziyafeti SEN pişireceksin. Leblebiyi o icat etti diyorlar. Sultan leblebinin babasını görmek istiyor.,No. YOU'll cook the feast. They say you invented leblebi. The Sultan wants to meet the father of leblebi.,oyun
D9_KADRI_OFFER_2_FIRE,9,SPK_KADRI,,0,Hayır. Ziyafeti SEN pişireceksin. Ocağı tek hamlede yakan adamı Sultan görmek istiyor.,No. YOU'll cook the feast. The Sultan wants to see the man who lights a hearth in one go.,ad
D9_KADRI_TR1,9,SPK_KADRI,[shouting],0,Tema! Bir tema menü! Sultan temaları sever. Sanırım. Sormadım.,A theme! A themed menu! The Sultan loves themes. I think. I haven't asked.,ad
D9_KADRI_TR2,9,SPK_KADRI,[hesitant],0,Hünkâr... beğendi mi? Daha tatmadı ki. ...Ama beğenecek. Bu isim kalsın.,'The Sultan liked it'? He hasn't even tasted it. ...But he will. Keep the name.,oyun
D9_KADRI_TR3,9,SPK_KADRI,,0,Bunlar ne? Frenk yemeği mi? Sultan'ı zehirleyeceğiz. ...Tiramisu güzel bir kelime ama.,"What are those? Frankish food? We'll poison the Sultan. ...'Tiramisu' is a lovely word, though.",ad
D9_KADRI_TRIAL,9,SPK_KADRI,,0,Önce menü. Üç tabak. Söyle bakalım.,"First, the menu. Three courses. Let's hear it.",oyun
D9_KADRI_YES,9,SPK_KADRI,,0,Aferin! Önlüğü giy. Akşama kadar yüz kişilik ziyafet. Düşürürsen seni tencereye koyarım.,Good lad! Apron on. A feast for a hundred by this evening. Drop anything and you go in the pot.,oyun
D9_LUTFI_AGAIN,9,SPK_LUTFI,,0,Heyet öğleden sonra yola çıkıyor. Danışman koltuğu hâlâ boş.,The embassy sets off this afternoon. The adviser's seat is still empty.,ad
D9_LUTFI_BUSY,9,SPK_LUTFI,,0,"Heyet mi? Hangi heyet? Kimseyle heyet kurmuyorum. (Göz kırpar, başka birine)",An embassy? What embassy? I'm forming no embassies with anyone. (Winks at someone else),ad
D9_LUTFI_NO,9,SPK_LUTFI,,0,Yazık. Başka bir Frenk bulurum. Bugün üç tane geldi zaten.,Pity. I'll find another Frank. Three turned up today already.,ad
D9_LUTFI_OFFER_1,9,SPK_LUTFI,,0,Ortak! Büyük haber. Sultan Bizans'a bir elçi heyeti yolluyor. Barış görüşmesi. Ya da görüşme görüşmesi.,Partner! Big news. The Sultan is sending an embassy to Byzantium. Peace talks. Or talks about talks.,oyun
D9_LUTFI_OFFER_2,9,SPK_LUTFI,,0,"Tercüman olarak ben gidiyorum. Sen de 'Frenk danışman' olarak geleceksin. İmparator'u göreceğiz. Ben Rumca konuşurum, sen de... Frenkçe gibi konuşursun.","I'm going as interpreter. You'll come as 'Frankish adviser'. We'll see the Emperor. I'll speak Greek, and you'll speak... something Frankish-sounding.",oyun
D9_LUTFI_TR1,9,SPK_LUTFI,,0,"'Bonjour.' Kısa, kibar, anlamsız. Mükemmel bir diplomatik söz.","'Bonjour.' Short, polite, meaningless. A perfect diplomatic word.",ad
D9_LUTFI_TR2,9,SPK_LUTFI,[shouting],0,Hem soruyor hem cevaplıyor! Kendi kendine müzakere! Bu Frenkler dâhi.,It asks the question and answers it too! Negotiating with itself! These Franks are geniuses.,oyun
D9_LUTFI_TR3,9,SPK_LUTFI,,0,"'Paydaş'... İmparator bunu duyunca ağlayacak. Sevinçten mi korkudan mı, bilmiyorum.","'Stakeholders'... The Emperor will weep when he hears that. With joy or fear, I couldn't say.",ad
D9_LUTFI_TRIAL,9,SPK_LUTFI,,0,Bir deneme yapalım. İmparator'a ilk sözü sen söyleyeceksin. Frenkçe bir selam?,Let's rehearse. You'll say the first words to the Emperor. A Frankish greeting?,oyun
D9_LUTFI_YES,9,SPK_LUTFI,[hesitant],0,"Harika! Kaftan giy, fesi çıkar... ya da takma... Frenk danışmanlar ne giyer? Farketmez, ben tercüme ederim.","Wonderful! Put on a kaftan, take off the fez... or leave it on... what do Frankish advisers wear? Doesn't matter; I'll translate.",oyun
D9_MINER_AGAIN,9,SPK_MINER,,0,Lağım bekliyor. Kazma hâlâ senin boyunda.,The tunnel's waiting. The pick's still your size.,ad
D9_MINER_BUSY,9,SPK_MINER,,0,"Kazmacı değilsen lağımdan uzak dur. Toprak konuşur, kulak ister.","If you're not a digger, stay out of the tunnel. The earth talks; it needs ears.",ad
D9_MINER_NO,9,SPK_MINER,,0,Git öyleyse. Toprak seni özlemez.,"Go, then. The earth won't miss you.",oyun
D9_MINER_OFFER_1,9,SPK_MINER,[shouting],0,"Sen! Fesli! Omuzların geniş, sesin yüksek değil. Kazmacı lazım.","You! In the fez! Broad shoulders, quiet voice. We need a digger.",oyun
D9_MINER_OFFER_1_NOFEZ,9,SPK_MINER,[shouting],0,"Sen! Redingotlu! Omuzların geniş, sesin yüksek değil. Kazmacı lazım.","You! In the frock coat! Broad shoulders, quiet voice. We need a digger.",varyant
D9_MINER_OFFER_2,9,SPK_MINER,,0,"Surların altını. Novo Brdo'dan geldik, gümüş madencisiyiz. Zağanos Paşa lağım istiyor. Toprağın altından, sessizce, surların dibine.","Under the walls. We came from Novo Brdo; silver miners. Zaganos Pasha wants a tunnel. Under the ground, quietly, right to the foot of the walls.",oyun
D9_MINER_TR1,9,SPK_MINER,,0,Hiçbir şey. Güzel. Hiçbir şey duymak da bir şey duymaktır.,Nothing. Good. Hearing nothing is hearing something too.,ad
D9_MINER_TR2,9,SPK_MINER,,0,Kalp mi? Korkuyorsun. Lağımda korku iyidir. Cesur kazmacılar tavanın altında kalır.,Your heart? You're scared. Fear is good in a tunnel. Brave diggers end up under the roof.,oyun
D9_MINER_TR3,9,SPK_MINER,[hesitant],0,Pod... kast? Kazma sesi mi dedin? (Toprağa eğilir) ...Evet. Karşıdan biri kazıyor. İyi kulak.,"Pod... cast? A pick, you say? (Leans to the ground) ...Yes. Someone's digging from the other side. Good ears.",ad
D9_MINER_TRIAL,9,SPK_MINER,,0,Önce kulak. Toprağa kulak ver. Ne duyuyorsun?,Ears first. Put your ear to the ground. What do you hear?,oyun
D9_MINER_YES,9,SPK_MINER,,0,"Güzel. Mum al, ekmek al, bir de dua. Akşama kadar toprağın altındayız.","Good. Take a candle, take bread, and a prayer. We're underground till evening.",oyun
D9_P_1,9,SPK_PASHA,,0,Kaftanlı sigortacı. Pazarda her şeyi sigortaladın. Keçiyi bile. Beni tanıyor musun?,The insurance man in the kaftan. You insured everything in the market. Even the goat. Do you know who I am?,oyun
D9_P_1_ALT,9,SPK_PASHA,,0,Fesli sigortacı. Ordugâhta adın dilden dile dolaşıyor. Beni tanıyor musun?,The insurance man in the fez. Your name is going round the whole camp. Do you know who I am?,kod
D9_P_1_ALT_NOFEZ,9,SPK_PASHA,,0,Başı açık sigortacı. Ordugâhta adın dilden dile dolaşıyor. Beni tanıyor musun?,The bare-headed insurance man. Your name is going round the whole camp. Do you know who I am?,varyant
D9_P_3,9,SPK_PASHA,,0,Çandarlı Halil. Sadrazam. Kuşatmaya karşı olan tek kişi. Bu mektup Galata'daki Cenevizlilere. Barış demek. Ya da en azından daha az kuşatma.,Çandarlı Halil. Grand Vizier. The only man against the siege. This letter is for the Genoese in Galata. It means peace. Or at least rather less siege.,oyun
D9_P_5,9,SPK_PASHA,,0,"Çünkü kimse sana dikkat etmiyor. Fesli, kaftanlı, redingotlu. Üç yüzyıl üst üste. Görünmezsin.","Because nobody pays you any attention. A fez, a kaftan, a frock coat. Three centuries piled on top of each other. You're invisible.",oyun
D9_P_5_NOFEZ,9,SPK_PASHA,,0,"Çünkü kimse sana dikkat etmiyor. Kaftanlı, redingotlu, başı açık. İki yüzyıl üst üste. Görünmezsin.","Because nobody pays you any attention. A kaftan, a frock coat, a bare head. Two centuries piled on top of each other. You're invisible.",varyant
D9_P_5_PLAIN,9,SPK_PASHA,,0,"Çünkü kimse sana dikkat etmiyor. Fesli, redingotlu, elinde kâğıtlar. Kimse ne olduğunu çözemiyor. Görünmezsin.","Because nobody pays you any attention. A fez, a frock coat, papers in your hand. Nobody can work out what you are. You're invisible.",kod
D9_P_5_PLAIN_NOFEZ,9,SPK_PASHA,,0,"Çünkü kimse sana dikkat etmiyor. Redingotlu, başı açık, elinde kâğıtlar. Kimse ne olduğunu çözemiyor. Görünmezsin.","Because nobody pays you any attention. A frock coat, a bare head, papers in your hand. Nobody can work out what you are. You're invisible.",varyant
D9_P_AGAIN,9,SPK_PASHA,,0,Mektup hâlâ bende. Galata hâlâ orada. Sen hâlâ görünmezsin.,I still have the letter. Galata is still there. You are still invisible.,kod
D9_P_FATIH,9,SPK_PASHA,,0,Fatih'e mi? ...Dürüst adam. Tehlikeli bir hastalık. Götür. Ama benim adımı söyleme. Söyle. Hayır söyleme.,"To Mehmed? ...An honest man. A dangerous condition. Take it. But don't say my name. Do. No, don't.",oyun
D9_P_GALATA,9,SPK_PASHA,,0,"Akıllı çocuk. Haliç'i geç, Galata'da Ceneviz tüccarı Lomellino'yu bul. Mektubu ver. Sonra kaybol. Bunu iyi yaparsın.",Clever lad. Cross the Golden Horn and find the Genoese merchant Lomellino in Galata. Hand him the letter. Then vanish. You're good at that.,oyun
D9_P_NO,9,SPK_PASHA,,0,Kimse senden bir şey istemedi. Kimse de seni görmedi. Güle güle.,Nobody asked you for anything. And nobody saw you. Goodbye.,kod
D9_THEO_1,9,SPK_THEODOROS,[excited],0,[Yunanca] Bekleyin! Beyaz bayrak! Form! Çıkış Formu Ζ-12'niz eksik! Surlardan çıkarken doldurmadınız!,[Greek] Wait! White flag! Form! Your Exit Form Ζ-12 is missing! You didn't fill it in when you left the walls!,oyun
D9_THEO_3,9,SPK_THEODOROS,,0,"[Yunanca] Tabii. Form eksikse savaş da eksiktir. (İmzanızı alır, yedi nüsha)","[Greek] Of course. If the form is incomplete, so is the war. (Takes your signature, in seven copies)",oyun
D9_THEO_5,9,SPK_THEODOROS,,0,"[Yunanca] Var. İznini martıdan tek seferde geri alan ilk yabancısınız. Arşivde kalın. Bir masa, bir mühür, yedi çekmece. Ters tarih sırasına göre.","[Greek] There is. You are the first foreigner ever to win a permit back from that gull at the first attempt. Stay in the archive. A desk, a seal, seven drawers. In reverse chronological order.",oyun
D9_THEO_AGAIN,9,SPK_THEODOROS,,0,[Yunanca] Arşiv sizi bekler. Masanız tozlanıyor. Tozu ben alıyorum. Yedi kez.,[Greek] The archive awaits you. Your desk is gathering dust. I dust it. Seven times.,kod
D9_THEO_NO,9,SPK_THEODOROS,,0,[Yunanca] Anlıyorum. Reddinizi yedi nüsha kaydediyorum. Kapım açık. Formla.,[Greek] I understand. I'm recording your refusal in seven copies. My door is open. With a form.,kod
D9_THEO_OPEN,9,SPK_THEODOROS,,0,[Yunanca] Başvurunuz açık kalmıştı. Kapattım. Zindan formunuz da. Yolunuz açık olsun. Formlu.,[Greek] Your application had been left open. I've closed it. Your dungeon form as well. Safe travels. With forms.,oyun
D9_THEO_YES,9,SPK_THEODOROS,,0,"[Yunanca] Hoş geldiniz, meslektaşım. İlk işiniz: 1204'ten beri kapanmamış bir dosya.","[Greek] Welcome, colleague. Your first task: a file that has remained open since 1204.",oyun
D9_T_A,9,SPK_TOLGA,,0,"Mutfakta sabah. Soğan doğradım, ağladım. Kadri 'aferin' dedi. Sanırım terfi ediyorum.",Morning in the kitchen. I chopped onions and cried. Kadri said 'well done'. I think I'm getting promoted.,oyun
D9_T_ANSWER,9,SPK_TOLGA,,0,Hikmet Amca! Buradayım. Bugün herkes bana iş teklif ediyor.,Uncle Hikmet! I'm here. Everyone's offering me a job today.,oyun
D9_T_B,9,SPK_TOLGA,,0,"Lütfi'nin çadırında uyandım. Lütfi benden önce kalkmış, bana 'ortak' diye bir unvan uydurmuş.",I woke in Lütfi's tent. Lütfi was up before me and has invented a title for me: 'partner'.,oyun
D9_T_BYZ,9,SPK_TOLGA,,0,"Beyaz bayrakla surlardan çıktım, Osmanlı ordugâhına yürüdüm. Cebimde bir imparatorun mektubu. Kimse beni durdurmadı. Bayrak bir havluydu.",I left the walls under a white flag and walked to the Ottoman camp. An emperor's letter in my pocket. Nobody stopped me. The flag was a towel.,oyun
D9_T_C,9,SPK_TOLGA,,0,Kulaklarımda hâlâ pamuk var. Dün top denendi. Bugün kulaklarım deneniyor.,There's still cotton in my ears. Yesterday they tested the cannon. Today they're testing my ears.,oyun
D9_T_CUBE_BACK,9,SPK_TOLGA,,0,Bir yüzü tamam. Benim yıllardır yapamadığım yüz.,One side done. The side I've never managed in years.,kod
D9_T_CUBE_KEEP,9,SPK_TOLGA,,0,"Çantada yer yok. Sende kalsın, Hüseyin. Gerisini de sen çöz.","No room in the bag. Keep it, Hüseyin. Solve the rest too.",kod
D9_T_DEPORTED,9,SPK_TOLGA,,0,Niko sabah beni zindandan çıkardı: 'Sınır dışı.' Kapıdan itti. Şimdi Osmanlı ordugâhındayım. Formum hâlâ açık.,Niko let me out of the dungeon this morning: 'Deported.' He pushed me through the gate. Now I'm in the Ottoman camp. My form's still open.,oyun
D9_T_FATIH,9,SPK_TOLGA,,0,Gizli bir mektubu Sultan'a götüreceğim. Açık açık. Bu ya çok akıllıca ya da çok aptalca. Sigortada ikisi aynı şeydir.,"I'm taking a secret letter to the Sultan. Openly. This is either very clever or very stupid. In insurance, those are the same thing.",oyun
D9_T_GALATA,9,SPK_TOLGA,,0,Haliç'i ikinci kez geçiyorum. İlkinde yüzerek geçmiştim. Bu sefer kayık olsun.,I'm crossing the Golden Horn for the second time. The first time I swam. A boat would be nice this time.,oyun
D9_T_GATE_BYZ,9,SPK_TOLGA,,0,"Cebimde bir imparatorun mektubu, önümde bir sultanın kapısı. Postacıyım artık. Sigortalı bir postacı.","An emperor's letter in my pocket, a sultan's gate in front of me. I'm a postman now. An insured postman.",oyun
D9_T_GATE_LETTER,9,SPK_TOLGA,,0,Cebimde Çandarlı'nın gizli mektubu. Açık açık Sultan'a götürüyorum. Dürüstlük. Bunu bana sigortacılık öğretmedi.,Çandarlı's secret letter in my pocket. I'm taking it openly to the Sultan. Honesty. Insurance didn't teach me that.,oyun
D9_T_GATE_OPEN,9,SPK_TOLGA,,0,(Birileri hâlâ bir cevap bekliyor. Burada beklersem hepsine hayır demiş olurum.),"(Some people are still waiting for my answer. If I wait here, I'm saying no to all of them.)",oyun
D9_T_GATE_WAIT,9,SPK_TOLGA,,0,Bütün teklifleri reddettim. Kapıda bekliyorum. Sigortada buna 'ana ürüne sadakat' derler.,I turned all the offers down. I'm waiting at the gate. In insurance we call that 'loyalty to the core product'.,oyun
D9_T_GOAL,9,SPK_TOLGA,,0,Bugün bir şey olacak. Herkes bana bir şey teklif edecek gibi bakıyor. Sigortacı olarak bu bakışı tanırım.,"Something's going to happen today. Everyone's looking at me like they're about to make me an offer. As an insurance man, I know that look.",oyun
D9_T_GOAT,9,SPK_TOLGA,,0,Keçi bana bakıyor. Poliçesi hakkında konuşmak istiyor.,The goat's staring at me. It wants to discuss its policy.,kod
D9_T_GOAT_PLAIN,9,SPK_TOLGA,,0,Keçi peşimden geliyor. Ne istediğini sormaya korkuyorum.,The goat keeps following me. I'm afraid to ask what it wants.,kod
D9_T_H2_1,9,SPK_TOLGA,[shouting],0,Hikmet Amca?!,Uncle Hikmet?!,oyun
D9_T_H2_3,9,SPK_TOLGA,[shouting],0,Pijamayla mı geldin?! 1453'e?!,You came in your pyjamas?! To 1453?!,oyun
D9_T_H2_5,9,SPK_TOLGA,,0,Peki... şimdi ne olacak? Kim pencereyi açacak?,So... what now? Who's going to open the window?,oyun
D9_T_H2_GUN,9,SPK_TOLGA,[shouting],0,Bir dakika. Sırtındaki... tüfek mi o?!,Hang on. Is that... a shotgun on your back?!,kod
D9_T_H2_GUN2,9,SPK_TOLGA,,0,Fişek var mı bari?,Do you at least have cartridges?,kod
D9_T_HERE,9,SPK_TOLGA,[shouting],0,...Hikmet Amca BURADA mı?! Pijamayla mı?!,...Uncle Hikmet is HERE?! In his pyjamas?!,oyun
D9_T_KADRI_Q,9,SPK_TOLGA,,0,Ben... servis mi yapacağım?,Will I be... serving?,oyun
D9_T_KADRI_YES,9,SPK_TOLGA,,0,Yüz kişilik yemek. Ben evde makarnayı yakıyorum. Sorun değil. Sorun değil.,Dinner for a hundred. At home I burn pasta. It's fine. It's fine.,oyun
D9_T_LUTFI_Q,9,SPK_TOLGA,,0,Ve bu beni neden ilgilendiriyor?,And why does this concern me?,oyun
D9_T_LUTFI_YES,9,SPK_TOLGA,,0,"Ordugâhtan Bizans'a, bir heyetle. Sigortacıyken en uzak iş gezim Bursa'ydı.","From the camp to Byzantium, with an embassy. As an insurance man, my furthest business trip was Bursa.",oyun
D9_T_MINER_Q,9,SPK_TOLGA,,0,Kazmacı mı? Neyi kazacağız?,A digger? What are we digging?,oyun
D9_T_MINER_YES,9,SPK_TOLGA,,0,Plazada 'derinlemesine çalışma' derlerdi. Bu kadar derin olduğunu söylememişlerdi.,At the office they talked about 'deep work'. Nobody said it'd be this deep.,oyun
D9_T_P_2,9,SPK_TOLGA,,0,...Kimse?,...Nobody?,oyun
D9_T_P_4,9,SPK_TOLGA,,0,Neden ben?,Why me?,oyun
D9_T_RADIO_DEAD,9,SPK_TOLGA,,0,Telsiz sessiz. Hikmet Amca'dan ses yok.,The radio's silent. Nothing from Uncle Hikmet.,kod
D9_T_THEO_2,9,SPK_TOLGA,,0,Siz... savaş hattını bir form için mi geçtiniz?,You... crossed the front line for a form?,oyun
D9_T_THEO_4,9,SPK_TOLGA,,0,Başka bir şey var mı?,Is there anything else?,oyun
D9_T_THEO_OPEN,9,SPK_TOLGA,,0,Savaş hattını geçip bir formu kapatmaya gelmiş. Bu adamda bir şey var.,He crossed the front line just to close a form. There's something about this man.,oyun
D9_T_THEO_YES,9,SPK_TOLGA,,0,Bizans arşivinde memurluk. Annem 'devlet kapısı' diyordu. Bu kadar eski bir devlet olacağını söylememişti.,A civil-service post in the Byzantine archive. My mother always said 'get a government job'. She never said which government.,oyun
D9_T_THERMOS_BACK,9,SPK_TOLGA,,0,Termos geri döndü. İçinde bir bardak çay ve iki yeniçerinin dürüstlüğü.,"The thermos is back. One cup of tea inside, and the honesty of two janissaries.",kod
D9_T_THERMOS_KEEP,9,SPK_TOLGA,,0,Çantada yer yok. Sizde kalsın; nöbet uzun.,No room in the bag. You keep it; the watch is long.,kod
D9_T_URBAN_Q,9,SPK_TOLGA,,0,Rica ederim. Ne istiyorsunuz?,You're welcome. What do you want?,oyun
D9_T_URBAN_YES,9,SPK_TOLGA,,0,Dünyanın en büyük topu. Ve ben hesap makinesi %1 olan bir sigortacıyım. Ne ters gidebilir?,The biggest cannon in the world. And I'm an insurance man whose calculator is on 1%. What could go wrong?,oyun
D9_T_Y,9,SPK_TOLGA,,0,Kaftanım üstümde. Sigorta sattığım keçi beni görünce başını çevirdi. Poliçesinden memnun değil.,I'm still in my kaftan. The goat I sold a policy to turned its head away when it saw me. It isn't happy with its cover.,oyun
D9_URBAN_AGAIN,9,SPK_URBAN,,0,Top bekliyor. Adı hâlâ yok. 'Küp' olmaz.,The cannon's waiting. It still has no name. Not 'Cube'.,ad
D9_URBAN_BUSY,9,SPK_URBAN,,0,Çırak değilsen topumdan uzak dur. Bugün büyük gün.,"If you're not an apprentice, stay away from my cannon. Today's a big day.",ad
D9_URBAN_NO,9,SPK_URBAN,,0,Gidersen git. Kulak pamuğunu geri ver.,"Go, then. Give me back the ear cotton.",ad
D9_URBAN_OFFER_1,9,SPK_URBAN,,0,Çırak! Dün top çatlamadı. Koli bandın tuttu. Bu bir mucize. Macar mucizesi.,Apprentice! The cannon didn't crack yesterday. Your duct tape held. It's a miracle. A Hungarian miracle.,oyun
D9_URBAN_OFFER_1_PLAIN,9,SPK_URBAN,,0,"Çırak! Dün top çatlamadı. Sen baktın, top sustu. Bu bir mucize. Macar mucizesi.",Apprentice! The cannon didn't crack yesterday. You looked at it and it behaved. It's a miracle. A Hungarian miracle.,ad
D9_URBAN_OFFER_2,9,SPK_URBAN,,0,"Kal. Birlikte dünyanın en büyük topunu dökelim. Adını sen koy. Küp dışında bir şey. Yarın büyük atış var, Sultan izleyecek.","Stay. Together we'll cast the biggest cannon in the world. You name it. Anything but 'Cube'. Tomorrow's the great shot, and the Sultan will be watching.",oyun
D9_URBAN_OFFER_2_PLAIN,9,SPK_URBAN,,0,"Kal. Birlikte dünyanın en büyük topunu dökelim. Adını sen koy. Yarın büyük atış var, Sultan izleyecek.","Stay. Together we'll cast the biggest cannon in the world. You name it. Tomorrow's the big shot, the Sultan will be watching.",ad
D9_URBAN_TR1,9,SPK_URBAN,,0,Kırk beş! Ben de kırk beş diyordum. Demiyordum. Ama diyecektim.,Forty-five! That's what I was saying. I wasn't. But I was about to.,ad
D9_URBAN_TR2,9,SPK_URBAN,,0,Bin dört yüz elli üç derece... Top dört kere döner ve Sultan'a bakar. Bunu yapmayalım.,One thousand four hundred and fifty-three degrees... The cannon spins round four times and ends up facing the Sultan. Let's not.,oyun
D9_URBAN_TR3,9,SPK_URBAN,,0,Cin öldü mü? ...Yas tutalım. Bir dakika. Tamam. Gözle nişan alırız.,The djinn is dead? ...Let us mourn. One minute. Right. We'll aim by eye.,ad
D9_URBAN_TRIAL,9,SPK_URBAN,,0,Önce hesap. Senin cin kutun hesap yapıyor. Surlara kaç derece?,Numbers first. Your djinn box does sums. What angle for the walls?,oyun
D9_URBAN_YES,9,SPK_URBAN,,0,"Çırağım! Adını koy. ...Hayır, 'Kaplan' zaten var. Düşün. Yarına kadar.","My apprentice! Name it. ...No, there's already a 'Tiger'. Think about it. Until tomorrow.",oyun
D10A_F_1,10,SPK_FATIH,,0,"(Formu alır, okur. Üç dakika. Kimse nefes almaz.)",(Takes the form and reads it. Three minutes. Nobody breathes.),oyun
D10A_F_2,10,SPK_FATIH,,0,"Kısa. Açık. İçinde tek bir gereksiz madde bile yok. (İmzalar) Bürokrasinin en iyisi, kısa olanıdır.",Short. Clear. Not one needless article. (Signs it) The best bureaucracy is a short one.,oyun
D10A_F_3,10,SPK_FATIH,,0,"Kurucu imzası eksik. (Tolga'ya bakar) Sen mi imzalayacaksın, fesli?","The founder's signature is missing. (Looks at Tolga) Will you sign it, you with the fez?",oyun
D10A_F_3_NOFEZ,10,SPK_FATIH,,0,"Kurucu imzası eksik. (Tolga'ya bakar) Sen mi imzalayacaksın, Frenk?","The founder's signature is missing. (Looks at Tolga) Will you sign it, Frank?",varyant
D10A_F_REFUSE,10,SPK_FATIH,,0,Reddetmek de bir imzadır. (Muhafızlara) Frenk'i surlara geri götürün. Giustiniani'nin adamları onu bekliyor.,Refusing is a signature too. (To the guards) Take the Frank back to the walls. Giustiniani's men are waiting for him.,oyun
D10A_F_REFUSE_CAMP,10,SPK_FATIH,,0,Reddetmek de bir imzadır. (Muhafızlara) Frenk'i ordugâhta bir ateşin başına oturtun. Yarın huzura çıkar.,Refusing is a signature too. (To the guards) Sit the Frank down by a fire in the camp. Tomorrow he comes before me.,kod
D10A_H_RADIO,10,SPK_HIKMET,,0,"(Telsiz, toplantının ortasında) Evlât! Pencere için hazırlanıyorum. Neredesin? Arkada daktilo sesi mi var?","(Radio, mid-meeting) Son! I'm getting ready for the window. Where are you? Is that a typewriter I can hear?",oyun
D10A_N_01,10,SPK_NIHAT,,0,"(Kapıda) Bay Tolga. Sizi bir Bizans arşivinde, renk kodlu raflar arasında bulacağımı kim söylerdi?","(In the doorway) Mr Tolga. Who would have thought I'd find you in a Byzantine archive, among colour-coded shelves?",oyun
D10A_N_03,10,SPK_NIHAT,,0,Görüyorum. Rafları... (Durur. Duvardaki çerçeveye bakar.) Bir dakika.,So I see. The shelves... (Stops. Looks at the frame on the wall.) One moment.,oyun
D10A_N_FORM_1,10,SPK_NIHAT,,0,(Çerçevenin önünde donup kalır) Form Z-1. Büro'nun kuruluş belgesi. Odamın duvarında asılı olanın... aslı.,(Freezes in front of the frame) Form Z-1. The Bureau's founding document. The original of the one on my office wall.,oyun
D10A_N_FORM_2,10,SPK_NIHAT,,0,Kırk yıldır altındaki 'T.' imzasının kime ait olduğunu merak ederim. (Yaklaşır) ...İmza yok. İmza yeri boş.,For forty years I've wondered whose signature the 'T.' at the bottom is. (Leans closer) ...There's no signature. The line is blank.,oyun
D10A_N_FORM_3,10,SPK_NIHAT,,0,Bay Tolga. Adınız T ile mi başlıyor?,Mr Tolga. Does your name begin with a T?,oyun
D10A_N_FORM_6,10,SPK_NIHAT,,0,Büromuzun kurucusu... sizsiniz. (Şapkasını çıkarır) Ama önce yerel makam onayı gerekir. Yönetmelik madde 1.,"The founder of our Bureau... is you. (Removes his hat) But first it needs local approval. Regulation, article 1.",oyun
D10A_N_INTRO,10,SPK_NIHAT,,0,"Zaman Bürosu, Denetçi Nihat Zamanoğlu. (Etrafa bakar) Çalışıyorsunuz demek.","The Time Bureau, Inspector Nihat Zamanoğlu. (Looks around) Working, you say.",kod
D10A_N_MEET_1,10,SPK_NIHAT,,0,"Zaman Bürosu'nun birinci toplantısını açıyorum. Katılımcılar: kurucu üye T., arşivci Theodoros, denetçi... ben.","I declare open the first meeting of the Time Bureau. Present: founding member T., archivist Theodoros, inspector... me.",oyun
D10A_N_MEET_4,10,SPK_NIHAT,,0,"Madde 1/a: 'Fesli ziyaretçi, geldiği araçla iade edilir.' Madde 1/b: 'Kurucu üye hariç.'",Article 1/a: 'A visitor in a fez shall be returned by the vehicle in which he came.' Article 1/b: 'Excepting the founding member.',oyun
D10A_N_MEET_5,10,SPK_NIHAT,,0,"(Tutanağa yazar) 'Kurucu üye erken ayrıldı.' ...Hep erken ayrılacaksınız, değil mi Bay Tolga?","(Writes in the minutes) 'The founding member left early.' ...You'll always leave early, won't you, Mr Tolga?",oyun
D10A_N_OTAG_1,10,SPK_NIHAT,,0,"Sultanım. Zaman Bürosu adına, Form Z-1'in yerel makam onayını rica ediyorum. Üç nüsha.","My Sultan. On behalf of the Time Bureau, I request local approval of Form Z-1. In triplicate.",oyun
D10A_N_OTAG_2,10,SPK_NIHAT,[sad],0,(Sesi titrer) Kırk yıldır bir formun bu kadar hızlı imzalandığını görmedim.,(His voice trembles) In forty years I have never seen a form signed so fast.,oyun
D10A_N_REFUSE,10,SPK_NIHAT,,0,(Kalemi geri alır. Uzun bir sessizlik.) Anlıyorum. Belki başka bir 'T.' gelir. Bir gün.,(Takes the pen back. A long silence.) I understand. Perhaps another 'T.' will come along. One day.,oyun
D10A_N_SIGN,10,SPK_NIHAT,,0,(Kalemi uzatır) Sadece 'T.' Kırk yıldır duvarımda duran harf.,(Holds out the pen) Just 'T.' The letter that's been on my wall for forty years.,oyun
D10A_TH_01,10,SPK_THEODOROS,,0,Meslektaşım! Hoş geldiniz. Arşiv... biraz dağınık. Bin yıldır.,Colleague! Welcome. The archive is... a little untidy. For a thousand years.,oyun
D10A_TH_03,10,SPK_THEODOROS,,0,O tavuk 1204'ten beri orada. Kimse dosyasını açmadı. Siz Frenkler nasıl düzenlersiniz?,That chicken has been there since 1204. No one has opened its file. How do you Franks keep things in order?,oyun
D10A_TH_05,10,SPK_THEODOROS,[sad],0,Renk... kodu. (Gözleri dolar) Bin yıldır alfabetik sıraya göre ters tarih sırasına göre sıralıyoruz. Deneyin. Lütfen.,Colour... coding. (His eyes fill) For a thousand years we have filed alphabetically by reverse date order. Try it. Please.,oyun
D10A_TH_DONE_CLEAN,10,SPK_THEODOROS,[sad],0,(Raflara bakar. Sessizce ağlar.) Kusursuz. 1204 dosyası bile yerinde. Tavuk hariç.,(Looks at the shelves. Weeps quietly.) Flawless. Even the 1204 file is in its place. Except the chicken.,oyun
D10A_TH_DONE_MESSY,10,SPK_THEODOROS,,0,Birkaç hata. Ama bin yıldır bu kadar düzenli olmamıştı. Tavuk hariç.,A few mistakes. But it hasn't been this tidy in a thousand years. Except the chicken.,ad
D10A_TH_EMPTY,10,SPK_THEODOROS,,0,"Eliniz boş, meslektaşım. Önce masadan bir dosya.","Your hands are empty, colleague. A file from the desk first.",kod
D10A_TH_FORM_5,10,SPK_THEODOROS,,0,O formu ben yazdım! Dün gece. Frenk meslektaşımdan ilham alarak. 'Zaman Bürosu.' Güzel bir ad.,I wrote that form! Last night. Inspired by my Frankish colleague. 'The Time Bureau.' A lovely name.,oyun
D10A_TH_MEET_2,10,SPK_THEODOROS,,0,Gündem maddesi 1: 'Fesli ziyaretçiler hakkında yönetmelik.',Agenda item 1: 'Regulations concerning visitors in fezzes.',oyun
D10A_TH_PROGRESS,10,SPK_THEODOROS,,0,"İki dosya, iki doğru raf. Tanrım. Bu gerçekten çalışıyor.","Two files, two right shelves. Good heavens. It really works.",oyun
D10A_TH_WRONG_1,10,SPK_THEODOROS,,0,(İç çeker) O raf başka renk. Renk kodu sizin fikrinizdi.,(Sighs) That shelf is another colour. Colour coding was your idea.,ad
D10A_TH_WRONG_2,10,SPK_THEODOROS,[sighs],0,(Daha derin iç çeker) Yine mi? Bizans'ta bu hataya 'Latin işi' deriz.,(A deeper sigh) Again? In Byzantium we call that mistake 'Latin work'.,ad
D10A_TH_WRONG_3,10,SPK_THEODOROS,,0,"(Rulosunu göğsüne bastırır) Bin yıllık düzen, bir öğleden sonrada.","(Clutches his scroll to his chest) A thousand years of order, undone in one afternoon.",ad
D10A_T_02,10,SPK_TOLGA,,0,Biraz mı? Rafta bir tavuk var.,A little? There's a chicken on the shelf.,oyun
D10A_T_04,10,SPK_TOLGA,,0,"Renk kodu. Kırmızı acil, mavi rutin, yeşil 'bir gün bakarız'. Plazada böyle yapıyoruz.","Colour coding. Red is urgent, blue is routine, green is 'we'll look at it one day'. That's how we do it in the office.",ad
D10A_T_04_CUBE,10,SPK_TOLGA,,0,"(Rubik küpünü çıkarır) Renk kodu. Kırmızı acil, mavi rutin, yeşil 'bir gün bakarız'. Küp kanıtım.","(Takes out the Rubik's cube) Colour coding. Red is urgent, blue is routine, green is 'we'll look at it one day'. The cube is my evidence.",oyun
D10A_T_DONE,10,SPK_TOLGA,,0,"Süreç akışı, meslektaşım. Sabah kahvesiyle birlikte gelir. Kahve yok ama.","Process flow, colleague. It usually comes with morning coffee. Only there's no coffee.",oyun
D10A_T_FORM_4,10,SPK_TOLGA,,0,...Evet?,...Yes?,oyun
D10A_T_MEET_3,10,SPK_TOLGA,,0,Bu madde... beni mi kapsıyor?,Does this item... cover me?,oyun
D10A_T_N_02,10,SPK_TOLGA,,0,Nihat Bey! Ben... çalışıyorum.,Mr Nihat! I'm... working.,oyun
D10A_T_N_02_NEW,10,SPK_TOLGA,,0,Siz... kimsiniz? Ben burada çalışıyorum.,Who... who are you? I work here.,kod
D10A_T_RADIO,10,SPK_TOLGA,,0,Toplantıdayım Hikmet Amca. Kurucu üyeyim. Sonra anlatırım.,"I'm in a meeting, Uncle Hikmet. I'm a founding member. I'll explain later.",oyun
D10A_T_REFUSE,10,SPK_TOLGA,,0,"Ben sigortacıyım, Nihat Bey. Büro kuramam. Pazartesi toplantım var.","I'm in insurance, Mr Nihat. I can't found a Bureau. I've got a meeting on Monday.",oyun
D10A_T_SIGN,10,SPK_TOLGA,,0,(Yazar) T. ...Hepsi bu mu? İmza atınca bir müzik falan çalmıyor mu?,(Writes) T. ...Is that it? Doesn't some music play when you sign?,oyun
D10B_F_01,10,SPK_FATIH,,0,Urban. Topunun çatladığını duymuştum.,Urban. I heard your cannon had cracked.,oyun
D10B_F_02,10,SPK_FATIH,,0,(Tolga'ya bakar) Fesli bir çırak. Göster bakalım.,"(Looks at Tolga) An apprentice in a fez. Show me, then.",oyun
D10B_F_02_NOFEZ,10,SPK_FATIH,,0,(Tolga'ya bakar) Başı açık bir çırak. Göster bakalım.,"(Looks at Tolga) A bare-headed apprentice. Show me, then.",varyant
D10B_F_B1_1,10,SPK_FATIH,,0,(Uzun sessizlik) Urban. Çırağın hesap bilmiyor.,(A long silence) Urban. Your apprentice cannot count.,oyun
D10B_F_B1_2,10,SPK_FATIH,,0,Yüzde bir ne demek?,What does 'one percent' mean?,oyun
D10B_F_B1_2_CUBE,10,SPK_FATIH,,0,Küp mü? Küp hesap yapar mı?,A cube? Can a cube do sums?,ad
D10B_F_B1_3,10,SPK_FATIH,,0,"Az hesapla Galata'yı vurdun. Tam hesapla nereyi vururdun, merak ediyorum. (Gider)",With very little you hit Galata. I wonder what you would hit with a full one. (He leaves),oyun
D10B_F_B2_1,10,SPK_FATIH,,0,En azından kimse yaralanmadı. Urban'ın gururu hariç.,At least no one was hurt. Except Urban's pride.,oyun
D10B_F_B2_2,10,SPK_FATIH,,0,Yarın bir daha. Bu sefer göz kararı değil. (Gider),Again tomorrow. Not by eye this time. (He leaves),oyun
D10B_F_B3_1,10,SPK_FATIH,,0,(Kıpırdamamış. Yüzünde tek bir is lekesi. Uzun bir sessizlik.) Urban.,(He hasn't moved. A single smudge of soot on his face. A long silence.) Urban.,oyun
D10B_F_B3_2,10,SPK_FATIH,,0,Yenisini dök. Bu sefer bantsız.,Cast a new one. Without the tape this time.,oyun
D10B_F_B3_2P,10,SPK_FATIH,,0,Yenisini dök. Bu sefer kutusuz.,Cast a new one. Without the box this time.,oyun
D10B_F_B3_2_PLAIN,10,SPK_FATIH,,0,Yenisini dök. Bu sefer daha kalın.,Cast a new one. Thicker this time.,kod
D10B_F_B3_3,10,SPK_FATIH,,0,(Tolga'ya döner) Sen. Fesli. Adın ne?,(Turns to Tolga) You. With the fez. Your name?,oyun
D10B_F_B3_3_NOFEZ,10,SPK_FATIH,,0,(Tolga'ya döner) Sen. Redingotlu. Adın ne?,(Turns to Tolga) You. In the frock coat. Your name?,varyant
D10B_F_B3_4,10,SPK_FATIH,,0,Sigorta... Urban'ın topunu sigortalamış mıydın?,Insurance... Had you insured Urban's cannon?,oyun
D10B_F_B3_5,10,SPK_FATIH,,0,Yazık. (Gider),A pity. (He leaves),oyun
D10B_F_TAPE,10,SPK_FATIH,,0,(Fatih bandı izler. Hiçbir şey söylemez. Bir kaşı hafifçe kalkar.),(Mehmed watches the tape go on. He says nothing. One eyebrow rises slightly.),oyun
D10B_H_B3_AIR,10,SPK_HIKMET,[shouting],0,(Telsiz) Ne sesiydi o?! Evlât?!,(Radio) What was that noise?! Son?!,oyun
D10B_H_RADIO_1,10,SPK_HIKMET,,0,Evlât? Evlât! Telsizde bir gürültü oldu. Neredesin?,Son? Son! There was a racket on the radio. Where are you?,oyun
D10B_H_RADIO_3,10,SPK_HIKMET,,0,Dayan. Pencereyi açmaya çalışıyorum. Pazartesi sabahına kadar bir şey patlatma.,Hang on. I'm trying to open the window. Don't blow anything up before Monday morning.,oyun
D10B_KADRI_B3,10,SPK_KADRI,[shouting],0,"(Uzaktan, mutfaktan) KİM BUNLARI ÇORBAYA ATTI?!","(Far off, from the kitchen) WHO THREW THESE TWO IN MY SOUP?!",oyun
D10B_RIDER,10,SPK_RIDER,,0,Sultanım! Galata'dan haber var! Gülle bir Ceneviz tüccarının şarap fıçısına düşmüş! Cenevizliler 'tarafsızlık ihlali' diyor. Bir de şarabın parasını istiyorlar.,My Sultan! News from Galata! The ball landed in a Genoese merchant's wine barrel! The Genoese call it 'a breach of neutrality'. They also want paying for the wine.,oyun
D10B_T_02,10,SPK_TOLGA,,0,Bugün mü? Hem döküm hem atış? Bizde buna 'agresif zaman çizelgesi' denir.,Today? Casting and firing? Where I come from we call that an 'aggressive timeline'.,oyun
D10B_T_ARRIVE,10,SPK_TOLGA,,0,(Uzaktan davul sesi. Bütün saha bir anda susuyor. Biri geliyor.),(Drums in the distance. The whole field falls silent at once. Someone is coming.),oyun
D10B_T_B1_1,10,SPK_TOLGA,,0,"(Gülle yay çizerek gökyüzüne yükselir... ve surların çok, çok ötesine gider.)","(The ball arcs up into the sky... and flies far, far beyond the walls.)",oyun
D10B_T_B1_3,10,SPK_TOLGA,,0,Hangi taraf?,Which way?,oyun
D10B_T_B1_4,10,SPK_TOLGA,,0,"Hesap makinesi yüzde birdeydi, Sultanım.","The calculator was on one percent, my Sultan.",oyun
D10B_T_B1_4_CUBE,10,SPK_TOLGA,,0,"Hesabı bir küpe yaptırdım, Sultanım. Renkleri karıştırmış olabilirim.","I had a cube do the maths, my Sultan. I may have mixed up the colours.",ad
D10B_T_B1_5,10,SPK_TOLGA,,0,...Çok az demek.,...It means very little.,oyun
D10B_T_B1_5_CUBE,10,SPK_TOLGA,,0,...Bugün yaptı. Galata'ya.,...Today it did. Right into Galata.,ad
D10B_T_B2_1,10,SPK_TOLGA,[shouting],0,(Top gürler. Gülle... yirmi metre ötedeki çayıra düşer. Bir keçi meler.),(The cannon roars. The ball... drops into the meadow twenty metres away. A goat bleats.),oyun
D10B_T_B3_2,10,SPK_TOLGA,,0,Bu 'hmm' iyi bir 'hmm' mi?,Is that a good 'hmm'?,oyun
D10B_T_B3_3,10,SPK_TOLGA,,0,(Öksürür. Ağzından bir duman halkası çıkar.),(Coughs. A smoke ring drifts out of his mouth.),oyun
D10B_T_B3_4,10,SPK_TOLGA,,0,"Tolga, Sultanım. Sigortacıyım.","Tolga, my Sultan. I'm in insurance.",oyun
D10B_T_B3_5,10,SPK_TOLGA,,0,...Hayır.,...No.,oyun
D10B_T_B3_AIR,10,SPK_TOLGA,,0,Hikmet Amca... garanti hâlâ geçerli mi?,Uncle Hikmet... is the warranty still valid?,oyun
D10B_T_CALC_CUBE,10,SPK_TOLGA,,0,"Kırmızı yüz kırk beş derece, mavi yüz rüzgâr... Bu bir hesap değil ama çok emin görünüyorum.","Red face, forty-five degrees; blue face, the wind... This isn't maths, but I look very confident.",ad
D10B_T_CALC_EYE,10,SPK_TOLGA,,0,"(Bir gözünü kapatır, başparmağını kaldırır) Şöyle... biraz yukarı. Biraz daha. Tamam.","(Shuts one eye, holds up a thumb) Like so... a bit higher. A bit more. There.",oyun
D10B_T_CALC_PHONE,10,SPK_TOLGA,,0,"Kırk beş derece, rüzgâr, yüzde bir... Tamam: kırk sekiz! Ekran karardı ama gördüm.","Forty-five degrees, wind, one percent... Right: forty-eight! The screen died, but I saw it.",oyun
D10B_T_CAST_SPILL,10,SPK_TOLGA,,0,O cümleyi tercüme etmeyin lütfen.,Please don't translate that.,kod
D10B_T_POWDER_3,10,SPK_TOLGA,,0,Aslında bunu şaka olarak söylemiştim.,"Actually, I meant that as a joke.",oyun
D10B_T_RADIO_1,10,SPK_TOLGA,,0,"Galata'yı vurdum galiba, Hikmet Amca.","I think I shot Galata, Uncle Hikmet.",oyun
D10B_T_RADIO_2,10,SPK_TOLGA,,0,Çayırdayım. Gülle de.,I'm in a meadow. So is the cannonball.,oyun
D10B_T_RADIO_3,10,SPK_TOLGA,,0,Havadaydım. Artık yerdeyim.,I was in the air. Now I'm on the ground.,oyun
D10B_T_RADIO_4,10,SPK_TOLGA,,0,...Geç kaldınız.,...Too late.,oyun
D10B_T_TAPE_Q,10,SPK_TOLGA,,0,Çatlak hâlâ orada. Çantada koli bandı var. Sultan'ın gözü önünde top bantlamak... ya da bantlamamak.,The crack's still there. There's duct tape in the bag. Taping a cannon in front of the Sultan... or not.,oyun
D10B_U_01,10,SPK_URBAN,,0,"Çırak! Uyandın mı? Bugün dünyanın en büyük topunu döküyoruz. Öğleden sonra Sultan gelecek, eski topla deneme atışı yapacağız.",Apprentice! Awake? Today we cast the biggest cannon in the world. This afternoon the Sultan comes and we test-fire the old one.,oyun
D10B_U_03,10,SPK_URBAN,,0,"Bizde buna salı denir. Gel, pota ısındı.","Where I come from we call it Tuesday. Come, the crucible is hot.",oyun
D10B_U_B1_2,10,SPK_URBAN,,0,...Surlar o tarafta değil miydi?,...Weren't the walls that way?,oyun
D10B_U_B2_2,10,SPK_URBAN,,0,...Isınma atışıydı.,...That was a warm-up shot.,oyun
D10B_U_B2_3,10,SPK_URBAN,,0,"Gururum iyi, Sultanım. Biraz ezik.","My pride is fine, my Sultan. A little bruised.",oyun
D10B_U_B3_1,10,SPK_URBAN,,0,...Hmm.,...Hmm.,oyun
D10B_U_B3_4,10,SPK_URBAN,,0,(Gülle yığınının içinden) Efendim.,(From inside the pile of cannonballs) My Sultan.,oyun
D10B_U_BOW,10,SPK_URBAN,,0,Sultanım. Top hazır. Çırağım da hazır. Sayılır.,My Sultan. The cannon is ready. So is my apprentice. More or less.,oyun
D10B_U_CALC,10,SPK_URBAN,,0,Açı! Cin kutun hesap yapsın. Hedef: surlar.,The angle! Let your djinn box do the sums. Target: the walls.,oyun
D10B_U_CALC_EYE,10,SPK_URBAN,,0,Göz kararı! Babam da böyle atardı. Babam bir kere kendi evini vurdu.,"By eye! My father fired like that. Once, my father hit his own house.",oyun
D10B_U_CALC_NOPHONE,10,SPK_URBAN,,0,Açı! Hesabı kim yapacak? Hedef: surlar.,The angle! Who's doing the sums? Target: the walls.,kod
D10B_U_CALC_OK,10,SPK_URBAN,[shouting],0,Kırk sekiz! Cin kutusu konuştu!,Forty-eight! The djinn has spoken!,oyun
D10B_U_CALC_OK_CUBE,10,SPK_URBAN,,0,Renkler konuştu! Ne dediklerini anlamadım ama kararlı konuştular.,"The colours have spoken! I didn't understand what they said, but they said it firmly.",kod
D10B_U_CAST_BAD,10,SPK_URBAN,,0,Hmm. Bu kalıplar... idare eder. Macar gibi değil. Sırp gibi.,Hmm. These moulds... will do. Not Hungarian. Serbian.,oyun
D10B_U_CAST_COLD,10,SPK_URBAN,[shouting],0,"Az! Soğuk! Bu kalıptan top değil, çorba kasesi çıkar.",Too little! Cold! This mould won't make a cannon. It'll make a soup bowl.,oyun
D10B_U_CAST_GOOD,10,SPK_URBAN,,0,Üç kalıptan iyi bir top çıkar. Bu top Kaplan'dan da büyük olacak.,Three good moulds make a good cannon. This one will be bigger than the Tiger.,oyun
D10B_U_CAST_INTRO,10,SPK_URBAN,,0,"Kalıp dolunca dur. Az dökersen top soğuk kalır, çok dökersen ayakkabın erir. İkisini de istemeyiz.",Stop when the mould is full. Too little and the cannon's cold; too much and your shoes melt. We want neither.,oyun
D10B_U_CAST_OK,10,SPK_URBAN,,0,Güzel. Tam dolu. Macar gibi döktün.,Good. Full to the brim. You poured like a Hungarian.,oyun
D10B_U_CAST_OK2,10,SPK_URBAN,,0,Yine tam! Sen dökümcü müsün sigortacı mı?,Full again! Are you a founder or an insurance man?,oyun
D10B_U_CAST_SPILL,10,SPK_URBAN,,0,Taştı! Az kalsın ayağım... (Macarca uzun ve renkli bir cümle),It's spilling! My foot nearly... (A long and colourful sentence in Hungarian),kod
D10B_U_EARS,10,SPK_URBAN,[excited],0,KULAKLARI TIKAYIN!,BLOCK YOUR EARS!,oyun
D10B_U_FUSE,10,SPK_URBAN,,0,Fitil! Sen yak çırak. Sultan'ın önünde. Titreme.,"The fuse! You light it, apprentice. In front of the Sultan. Don't shake.",oyun
D10B_U_FUSE_LIGHTER,10,SPK_URBAN,,0,Tek seferde! Yağmurda da yanar mı? Sonra konuşuruz.,First time! Does it work in the rain? We'll talk later.,oyun
D10B_U_FUSE_ULIGHTER,10,SPK_URBAN,,0,"Fitil! Sen yak, çırak. Ateş kutun bende ama; sana meşale kaldı.","The fuse! You light it, apprentice. Your fire box is with me, though; you've only got the torch.",varyant
D10B_U_FUSE_URBAN,10,SPK_URBAN,,0,Korkak çırak! Ver şunu. (Fitili kendisi yakar),Coward apprentice! Give it here. (Lights the fuse himself),kod
D10B_U_FUSE_URBAN_ULIGHTER,10,SPK_URBAN,,0,"Korkak çırak! (Cebinden senin ateş kutunu çıkarır, tek seferde çakar.) Bak, böyle yakılır.","Coward apprentice! (Takes your fire box out of his pocket and strikes it first time.) Look, this is how it's done.",varyant
D10B_U_NAME,10,SPK_URBAN,,0,Şimdi ad. Dün söz verdin. 'Küp' olmaz.,"Now, a name. You promised yesterday. Not 'Cube'.",oyun
D10B_U_NAME_1,10,SPK_URBAN,,0,Pazartesi. Düşmanın yüzüne ateşlenecek en korkunç gün. Beğendim.,Monday. The most terrifying day ever fired at an enemy. I like it.,ad
D10B_U_NAME_2,10,SPK_URBAN,,0,Koli... Yapışkan bezin adı. Top da bez gibi tutsun. Olur.,Parcel... Named for the sticky cloth. May the cannon hold like the cloth. Fine.,oyun
D10B_U_NAME_3,10,SPK_URBAN,,0,Sigorta ne demek? ...Her şeyi karşılar mı? Topum her şeyi karşılar. Olur.,What's insurance? ...It covers everything? My cannon covers everything. Fine.,ad
D10B_U_NAME_4,10,SPK_URBAN,,0,KÜP OLMAZ DEDİM! ...(Derin nefes) Tamam. Küp. Ama kimseye söyleme.,I SAID NOT CUBE! ...(Deep breath) Fine. Cube. But tell no one.,ad
D10B_U_NAME_PLAIN,10,SPK_URBAN,,0,Şimdi ad. Dün söz verdin.,"Now, a name. You promised yesterday.",kod
D10B_U_POWDER,10,SPK_URBAN,,0,Barut! Kaç okka koyalım çırak? Sultan izliyor.,"Powder! How many okkas, apprentice? The Sultan is watching.",oyun
D10B_U_POWDER_1,10,SPK_URBAN,,0,Normal. Akıllı çırak. Sıkıcı ama akıllı.,"Normal. A wise apprentice. Boring, but wise.",oyun
D10B_U_POWDER_2,10,SPK_URBAN,[shouting],0,İki katı! İşte bu! Sultan izliyor!,Double! That's more like it! The Sultan is watching!,oyun
D10B_U_POWDER_3,10,SPK_URBAN,[excited],0,"Sıcak kutu da mı? Gücü var bunun, dün hissettim. Koy!","The warm box too? It has power, I felt it yesterday. In it goes!",oyun
D10B_U_TAPED,10,SPK_URBAN,,0,"Çırağımın yapışkan bezi tuttu, Sultanım.","My apprentice's sticky cloth has held it, my Sultan.",oyun
D10B_U_UNTAPED,10,SPK_URBAN,,0,"Çatlak küçüldü, Sultanım. Biz baktıkça küçülüyor.","The crack has shrunk, my Sultan. It shrinks the more we look at it.",oyun
D10G_C_1,10,SPK_CAPTAIN,,0,Çandarlı'nın mührü! (Etrafına bakar) Bu mektubu ancak ben Venedik'e götürürüm. Ama taşıyan da gelir. Kural bu.,Çandarlı's seal! (Looks around) Only I can carry this letter to Venice. But whoever brings it comes too. That's the rule.,oyun
D10G_C_3,10,SPK_CAPTAIN,,0,Pazartesi ne? Çan ikinci kez çalınca kalkıyoruz. Ya bin ya mektubu geri götür.,What's Monday? We sail at the second bell. Either get on board or take the letter back.,oyun
D10G_C_EARLY,10,SPK_CAPTAIN,,0,"İskele dolu. Yükümüz var, yolcumuz yok. Git.","The gangway's full. We've cargo, not passengers. Go.",ad
D10G_C_MISSED,10,SPK_CAPTAIN,[shouting],0,"(Güverteden) Venedik beklemez, Frenk! Mektubunu Sultan'ına ver!","(From the deck) Venice doesn't wait, Frank! Give your letter to your Sultan!",oyun
D10G_C_SAIL,10,SPK_CAPTAIN,[shouting],0,Halatları çözün! Venedik'e!,Cast off! To Venice!,oyun
D10G_C_TO_FATIH,10,SPK_CAPTAIN,[laughs],0,Sadrazamın mektubunu Sultan'a mı? (Güler) Sen ya çok dürüstsün ya çok aptal. İkisi de Venedik'te iş bulamaz.,"The Grand Vizier's letter, to the Sultan? (Laughs) You're either very honest or very stupid. Neither would find work in Venice.",oyun
D10G_C_VENICE,10,SPK_CAPTAIN,,0,"Venedik'e hoş geldin, Frenk. Üç ay sürer. İyi denizciysen iki buçuk.","Welcome to the voyage to Venice, Frank. Three months. Two and a half if you're a good sailor.",oyun
D10G_D_1,10,SPK_DOUBLE,,0,"Barut mu lazım? Osmanlı'ya da satarım, Bizans'a da. Aynı fiyat. Tarafsızlık budur.",Need powder? I sell to the Ottomans and to Byzantium alike. Same price. That's neutrality.,oyun
D10G_D_3,10,SPK_DOUBLE,,0,Çift taraflılık iki kat kârdır Frenk. Senin dilinde buna ne deniyor?,"Double-dealing is double profit, Frank. What's it called in your language?",oyun
D10G_D_AGAIN,10,SPK_DOUBLE,,0,"Sen de mi iki tarafa çalışıyorsun? Fesli, kaftanlı... Bence çalışıyorsun.","Working both sides too, are you? Fez, kaftan... I think you are.",ad
D10G_D_AGAIN_NOFEZ,10,SPK_DOUBLE,,0,"Sen de mi iki tarafa çalışıyorsun? Kaftanlı, başı açık... Bence çalışıyorsun.","Working both sides too, are you? Kaftan, bare head... I think you are.",ad
D10G_D_AGAIN_NOKAFTAN,10,SPK_DOUBLE,,0,"Sen de mi iki tarafa çalışıyorsun? Fesli, redingotlu... Bence çalışıyorsun.","Working both sides too, are you? Fez, frock coat... I think you are.",ad
D10G_D_AGAIN_NOKAFTAN_NOFEZ,10,SPK_DOUBLE,,0,"Sen de mi iki tarafa çalışıyorsun? Redingotlu, başı açık... Bence çalışıyorsun.","Working both sides too, are you? Frock coat, bare head... I think you are.",ad
D10G_F_1,10,SPK_FISHMONGER,,0,"Lomellino mu? Hangisi? Burada üç Lomellino var. Biri podesta, biri kuzeni, biri de kuzeninin keçisi.","Lomellino? Which one? There are three Lomellinos here. One's the podestà, one's his cousin, and one's his cousin's goat.",oyun
D10G_F_3,10,SPK_FISHMONGER,,0,Mektup işleri şarapçıdan geçer. Spinola'ya sor. Her şey Spinola'dan geçer. Şarap da.,Letter business goes through the wine merchant. Ask Spinola. Everything goes through Spinola. Wine included.,oyun
D10G_F_AGAIN,10,SPK_FISHMONGER,,0,Balık? Taze. Mektup? Spinola. Keçi? Lomellino.,Fish? Fresh. Letters? Spinola. Goats? Lomellino.,ad
D10G_F_LETTER,10,SPK_FATIH,,0,"(Mektubu okur, bir şey söylemez. Uzun bir süre sonra) Sadrazamımın mektubunu bana getirdin. İlginç bir sadakat.",(Reads the letter and says nothing. After a long while) You brought me my Grand Vizier's letter. An interesting loyalty.,oyun
D10G_H_RADIO,10,SPK_HIKMET,[shouting],0,"(Telsiz) Üç ay mı?! Evlât, senin garantin çoktan bitti. Dayan, pencereyi açıyorum. Denizde de açılır mı bilmiyorum ama açıyorum.","(Radio) Three months?! Son, your warranty's long gone. Hang on, I'm opening the window. I don't know if it opens at sea, but I'm opening it.",oyun
D10G_N_1,10,SPK_NOTARY,,0,Mühürlü mektup. Kimden? (Mührü inceler) Çandarlı... Halil Paşa. (Kalemini bırakır),A sealed letter. From whom? (Examines the seal) Çandarlı... Halil Pasha. (Puts down his pen),oyun
D10G_N_3,10,SPK_NOTARY,,0,"Hayır. Bu mühür Lomellino için değil. Bu mühür Venedik içindir. Sadrazam Venedik'e bir şey soruyor. Barış mı, yardım mı, bilmem. Bilmek de istemem.","No. This seal isn't for Lomellino. This seal is for Venice. The Grand Vizier is asking Venice something. Peace or help, I don't know. And I don't want to.",oyun
D10G_N_5,10,SPK_NOTARY,[hesitant],0,Limanda Venedik kadırgası. Kaptan Morosini. Gemi çan çalınca kalkar. Çan... (Çan çalar) ...şimdi çaldı. Koş.,There's a Venetian galley in the harbour. Captain Morosini. The ship sails when the bell rings. The bell... (A bell rings) ...just rang. Run.,oyun
D10G_N_AGAIN,10,SPK_NOTARY,[excited],0,Neden hâlâ buradasın? Çan çaldı!,Why are you still here? The bell rang!,ad
D10G_N_EARLY,10,SPK_NOTARY,,0,Kayıt mı? Kimin tavsiyesiyle geldin? Tavsiyesiz kayıt olmaz. Şarapçıya sor.,Registration? On whose recommendation? No registration without a recommendation. Ask the wine merchant.,ad
D10G_T_01,10,SPK_TOLGA,,0,(Kayıkçıya) Teşekkürler. Bahşiş olarak... leblebi kabul ediyor musunuz? Etmiyorsunuz.,(To the boatman) Thanks. As a tip... do you take leblebi? You don't.,oyun
D10G_T_01_CARD,10,SPK_TOLGA,,0,(Kayıkçıya) Teşekkürler. Bahşiş olarak... kartvizit kabul ediyor musunuz? Etmiyorsunuz.,(To the boatman) Thanks. As a tip... do you accept business cards? You don't.,ad
D10G_T_02,10,SPK_TOLGA,,0,"Galata. Tarafsız bölge. Ceneviz tüccarı Lomellino'yu bulacağım, mektubu vereceğim, kaybolacağım. Basit.","Galata. Neutral territory. I find the Genoese merchant Lomellino, hand over the letter, and vanish. Simple.",oyun
D10G_T_C_2,10,SPK_TOLGA,,0,Venedik'e mi? Benim... pazartesi mesaim var.,To Venice? I've... got work on Monday.,oyun
D10G_T_D_2,10,SPK_TOLGA,,0,"Bu... tarafsızlık değil, çift taraflılık.",That's not... neutrality. That's double-dealing.,oyun
D10G_T_FATIH_1,10,SPK_TOLGA,,0,"(Burunda, muhafızlarının arasında, Galata'yı inceleyen genç bir adam. Kırmızı kaftan. Göz göze gelirler.)","(On the headland, between his guards, a young man studying Galata. A red kaftan. Their eyes meet.)",oyun
D10G_T_FATIH_2,10,SPK_TOLGA,,0,(Fatih bir şey söylemez. Sadece başını hafifçe eğer. Tolga da eğer. Gemi geçer.),(Mehmed says nothing. He only inclines his head slightly. Tolga does the same. The ship sails on.),oyun
D10G_T_F_2,10,SPK_TOLGA,,0,Mektubu olanı.,The one with a letter coming.,oyun
D10G_T_LETTER,10,SPK_TOLGA,,0,Sigortacıyım Sultanım. Belgeleri sahibine teslim ederim.,"I'm in insurance, my Sultan. I deliver documents to their rightful owner.",oyun
D10G_T_MISSED,10,SPK_TOLGA,[shouting],0,Gemi! Gemi kalkıyor! Bekleyin!,The ship! The ship's leaving! Wait!,oyun
D10G_T_MISSED_2,10,SPK_TOLGA,,0,Tamam. Plan B. Plan B her zaman dürüstlüktür.,Right. Plan B. Plan B is always honesty.,oyun
D10G_T_N_2,10,SPK_TOLGA,,0,Lomellino'ya götürmem söylendi.,I was told to take it to Lomellino.,oyun
D10G_T_N_4,10,SPK_TOLGA,,0,Venedik mi? Ben bunu kime vereceğim?,Venice? Who am I supposed to give this to?,oyun
D10G_T_RADIO,10,SPK_TOLGA,,0,Acele edin Hikmet Amca. Kaptan bana kürek çektirmeye başladı.,"Hurry up, Uncle Hikmet. The captain's started making me row.",oyun
D10G_T_SAIL,10,SPK_TOLGA,,0,(Rıhtım uzaklaşıyor. Galata Kulesi küçülüyor. Tolga'nın midesi de.),(The quay slips away. The Galata Tower shrinks. So does Tolga's stomach.),oyun
D10G_T_SEASICK,10,SPK_TOLGA,,0,(Küpeşteye eğilir) İyi denizci değilim.,(Leans over the rail) I'm not a good sailor.,oyun
D10G_T_TO_FATIH,10,SPK_TOLGA,,0,"Bu mektubu okuyacak biri varsa, o da Sultan'dır. Ona götüreceğim.","If anyone should read this letter, it's the Sultan. I'm taking it to him.",oyun
D10G_T_W_1,10,SPK_TOLGA,,0,"Bir kadeh alayım. Sulandırılmış olsun, mesaideyim.","I'll have a glass. Watered down, I'm on duty.",ad
D10G_T_W_2,10,SPK_TOLGA,,0,"Fıçılarınızı sigortalayayım mı? Yangın, sel, gülle...","Shall I insure your barrels? Fire, flood, cannonballs...",oyun
D10G_T_W_3,10,SPK_TOLGA,,0,"Sadece soruyorum. Şarap içmem, sigortacıyım.","I'm only asking. I don't drink, I'm in insurance.",ad
D10G_W_1,10,SPK_WINE,,0,Lomellino'yu arayan çok. Önce şarap al. Galata'da bilgi şarapla gelir.,"Lots of people are looking for Lomellino. Buy some wine first. In Galata, information comes with wine.",oyun
D10G_W_2,10,SPK_WINE,,0,Lomellino bugün meşgul. Mektubu mu var? Mühürlü mü? Noter'e git. Mühürlü her şey önce noterden geçer.,"Lomellino's busy today. A letter, is it? Sealed? Go to the notary. Everything sealed goes through the notary first.",oyun
D10G_W_AGAIN,10,SPK_WINE,,0,"Noter şurada. Mühür, kayıt, imza. Sonra belki Lomellino.","The notary's over there. Seal, register, sign. Then maybe Lomellino.",ad
D10G_W_EARLY,10,SPK_WINE,,0,"Şarap mı? Önce balıkçıya uğra, herkes önce balıkçıya uğrar. Gelenek.","Wine? Stop at the fishmonger first, everyone does. It's tradition.",ad
D10G_W_R1,10,SPK_WINE,,0,"Sulandırılmış! Cenevizli bir şarapçıya bu söylenir mi? ...Olsun, parasını ödedin.","Watered down! Is that what you say to a Genoese wine merchant? ...Never mind, you've paid.",ad
D10G_W_R2,10,SPK_WINE,,0,Gülle mi? Burası tarafsız bölge. Kim tarafsız bölgeye gülle atar? (Gökyüzüne bakar) ...Kaç duka?,Cannonballs? This is neutral territory. Who'd fire a cannonball at neutral territory? (Glances at the sky) ...How many ducats?,oyun
D10G_W_R3,10,SPK_WINE,,0,Şarap içmeyen biri Galata'da ne arar? Neyse. Sen tuhafsın ama zararsızsın.,"What's a man who doesn't drink doing in Galata? Anyway. You're strange, but harmless.",ad
D10H_E_01,10,SPK_ENVOY,,0,Frenk danışman. İçeride konuşmayı tercüman yapar. Sen yalnızca akıllı görün.,"Frankish adviser. Inside, the interpreter does the talking. You just look clever.",oyun
D10H_E_FIXED_2,10,SPK_ENVOY,,0,"(Lütfi'ye sert bir bakış) 'Güçlü bir belki', ha? Sultan'a doğrusunu götüreceğim. Sen de yanımda duracaksın, Lütfi.","(A hard look at Lütfi) 'A strong maybe', eh? I'll take the Sultan the truth. And you'll be standing beside me, Lütfi.",oyun
D10H_E_MAYBE,10,SPK_ENVOY,,0,Güçlü bir 'belki'... Sultan buna sevinecek. Galiba.,A strong 'maybe'... The Sultan will be pleased. I think.,oyun
D10H_E_OFFER,10,SPK_ENVOY,,0,"Sultan, şehrin barışla teslimini teklif eder. Halkın canı, malı ve inancı güvende olacaktır. İmparator dilediği yere gidebilir.","The Sultan offers the peaceful surrender of the city. The people's lives, property and faith will be safe. The Emperor may go wherever he wishes.",oyun
D10H_G_1,10,SPK_GIUST,,0,Frenk sigortacı! Yine sen. Ne satıyorsun bu gece?,The Frankish insurance man! You again. What are you selling tonight?,oyun
D10H_G_1_NEW,10,SPK_GIUST,,0,"Frenk sigortacı, öyle mi? Adını surlarda duydum. Ne satıyorsun bu gece?","The Frankish insurance man, is it? I've heard your name on the walls. What are you selling tonight?",kod
D10H_G_DONE,10,SPK_GIUST,,0,"Omzum sıcak, Frenk. Hâlâ neden bilmiyorum.","My shoulder's warm, Frank. I still don't know why.",kod
D10H_G_NOTHING,10,SPK_GIUST,,0,"Uğradın mı? Gece yarısı, kuşatmanın ortasında? Frenkler çok tuhaf.","Dropping by? At midnight, in the middle of a siege? Franks are very strange.",kod
D10H_G_PB,10,SPK_GIUST,,0,"(Kutuyu omzuna yerleştirir) Isınıyor! Cenova'da böyle bir şey yok. Kaç duka? ...Bedava mı? Frenk, sen tuhaf bir tüccarsın.","(Fits the box on his shoulder) It's warming up! There's nothing like this in Genoa. How many ducats? ...Free? Frank, you're a strange merchant.",oyun
D10H_G_WARN,10,SPK_GIUST,,0,"Omzuma mı? Bu bir tehdit mi, Frenk? ...Tehdit değil. Gözlerinden anlıyorum. (Omzuna bakar) Dikkat ederim.","My shoulder? Is that a threat, Frank? ...No, it isn't. I can see it in your eyes. (Glances at his shoulder) I'll be careful.",kod
D10H_H_RADIO,10,SPK_HIKMET,,0,(Telsiz) Evlât? Surların içinden mi konuşuyorsun? Sinyal çok garip. Paradoks göstergem tık tık ediyor.,(Radio) Son? Are you talking from inside the walls? The signal's very odd. My Paradox gauge is ticking.,oyun
D10H_H_RADIO_SAVE,10,SPK_HIKMET,,0,"...Bant her şeyi tutar evlât. Ama tarihi tutar mı, onu bilmiyorum.","...Tape holds everything, son. Whether it holds history, I don't know.",oyun
D10H_H_RADIO_SAVE_HELP,10,SPK_HIKMET,,0,"İtmek kolay evlât. Tarih geri iter mi, onu bilmiyorum.","Pushing is easy, son. Whether history pushes back, I don't know.",ad
D10H_K_01,10,SPK_EMPEROR,,0,"(Ağır ve sakin, Rumca) Sultan'ın elçilerine hoş geldiniz diyorum. Söyleyin, ne getirdiniz?","(Slow and calm, in Greek) I bid the Sultan's envoys welcome. Tell me, what have you brought?",oyun
D10H_K_ANSWER,10,SPK_EMPEROR,,0,"Şehri teslim etmek ne benim elimdedir ne de burada yaşayan herhangi birinin. Hepimiz kendi irademizle, canımızı esirgemeden şehrimizi savunmaya karar verdik.","It is not in my power, nor in that of anyone who lives here, to surrender this city. We have all resolved, of our own free will, to defend it without sparing our lives.",oyun
D10H_K_CANT_SAY,10,SPK_EMPEROR,,0,"(Gözlerini kapatır, bir an) Bu da bir cevap. Teşekkür ederim, yabancı. Git, Tanrı yolunu açık etsin.","(Closes his eyes for a moment) That too is an answer. Thank you, stranger. Go, and may God keep your road open.",oyun
D10H_K_CONFESS,10,SPK_EMPEROR,,0,"(Uzun uzun bakar. Gülmez.) Gelecekten. O zaman söyle bana, yabancı: şehrim ne olacak?","(Looks at him for a long time. Doesn't laugh.) From the future. Then tell me, stranger: what will become of my city?",oyun
D10H_K_FIXED_1,10,SPK_EMPEROR,,0,"(Theodoros'u dinler, başını hafifçe eğer) Anlıyorum. Açık sözlülüğün için teşekkür ederim, Frenk.","(Listens to Theodoros and nods slightly) I understand. Thank you for your plain speaking, Frank.",oyun
D10H_K_FRANK,10,SPK_EMPEROR,,0,(Tolga'ya döner) Sen. Frenk. Bir Osmanlı heyetinde ne arıyorsun?,(Turns to Tolga) You. The Frank. What are you doing in an Ottoman embassy?,oyun
D10H_K_FRANK_1,10,SPK_EMPEROR,,0,(Theodoros tercüme etmez. İmparator bekler. Kimse bir şey demez.) ...Bonjour.,(Theodoros doesn't translate. The Emperor waits. No one speaks.) ...Bonjour.,oyun
D10H_K_FRANK_2,10,SPK_EMPEROR,[laughs],0,"Risk. (Hafifçe gülümser) Bu şehrin riski bin yıldır aynı, Frenk. Buradayız.","Risk. (A faint smile) This city's risk has been the same for a thousand years, Frank. And here we are.",ad
D10H_K_FRANK_3,10,SPK_EMPEROR,,0,"(Uzun bir sessizlik) Ben de, Frenk. Ben de.","(A long silence) Nor do I, Frank. Nor do I.",oyun
D10H_K_HELP,10,SPK_EMPEROR,[laughs],0,"Bir Frenk, bir fes ve... o yapışkan bez. (Hafifçe gülümser) Peki. Theodoros, ona ne isterse ver.","A Frank, a fez and... that sticky cloth. (A faint smile) Very well. Theodoros, give him whatever he asks.",oyun
D10H_K_HELP_NOFEZ,10,SPK_EMPEROR,[laughs],0,"Bir Frenk, bir redingot ve... o yapışkan bez. (Hafifçe gülümser) Peki. Theodoros, ona ne isterse ver.","A Frank, a frock coat and... that sticky cloth. (A faint smile) Very well. Theodoros, give him whatever he asks.",varyant
D10H_K_HELP_NOTAPE,10,SPK_EMPEROR,[laughs],0,"Bir Frenk, bir fes ve... o boş bakışlar. (Hafifçe gülümser) Peki. Theodoros, ona ne isterse ver.","A Frank, a fez and... that blank look. (A faint smile) Very well. Theodoros, give him whatever he asks.",kod
D10H_K_HELP_NOTAPE_NOFEZ,10,SPK_EMPEROR,[laughs],0,"Bir Frenk, bir redingot ve... o boş bakışlar. (Hafifçe gülümser) Peki. Theodoros, ona ne isterse ver.","A Frank, a frock coat and... that blank look. (A faint smile) Very well. Theodoros, give him whatever he asks.",varyant
D10H_K_HOUSE,10,SPK_EMPEROR,,0,(Kaşları çatılır) Ev mi? Sultan'ınız... ev mi arıyor?,(He frowns) A house? Your Sultan is... looking for a house?,oyun
D10H_K_LETTER,10,SPK_EMPEROR,,0,"Sultan'ına bir mektubum var. Mühürlü. Onu sen götür, Frenk. Tercümana güvenmiyorum.","I have a letter for your Sultan. Sealed. You carry it, Frank. I don't trust the interpreter.",oyun
D10H_K_RENT,10,SPK_EMPEROR,,0,(Theodoros tercüme eder. İmparator uzun süre Tolga'ya bakar.) Şehrim kiralık değildir.,(Theodoros translates. The Emperor looks at Tolga for a long time.) My city is not for rent.,kod
D10H_K_SAFE,10,SPK_EMPEROR,,0,"(Başını sallar) İlet. Kim bilir, belki biri dinler.","(Nods) Pass them on. Who knows, perhaps someone will listen.",oyun
D10H_K_SHAME,10,SPK_EMPEROR,[whispers],0,"(Theodoros'un fısıltılarını dinler, yüzü sertleşir) Bu heyet benimle alay mı ediyor? Gidin. Sultan'ınıza söyleyin: şehir kendi cevabını verecek.",(Listens to Theodoros's whispers; his face hardens) Is this embassy mocking me? Go. Tell your Sultan: the city will give its own answer.,oyun
D10H_K_STAY,10,SPK_EMPEROR,,0,(Heyet çıkarken) Frenk. Sen bir an kal.,(As the embassy leaves) Frank. Stay a moment.,oyun
D10H_L_02,10,SPK_LUTFI,,0,Rahat ol ortak. Rumcam kusursuzdur. Bir Rum'dan öğrendim. Bir kere. Pazarda.,"Relax, partner. My Greek is flawless. I learned it from a Greek. Once. At the market.",oyun
D10H_L_04,10,SPK_LUTFI,,0,"Bak, saray. Kaftanını düzelt. Frenkler ne yapar? Eğilir mi, el mi sallar? İkisini birden yap.","Look, the palace. Straighten your kaftan. What do Franks do? Bow or wave? Do both.",oyun
D10H_L_ANSWER,10,SPK_LUTFI,[scared],0,"(Elçiye, Türkçe) İmparator 'belki' diyor. Ama güçlü bir 'belki'. Neredeyse 'evet'.","(To the envoy, in Turkish) The Emperor says 'maybe'. But a strong 'maybe'. Almost a 'yes'.",oyun
D10H_L_FIXED_1,10,SPK_LUTFI,,0,"(Tolga'ya, dişlerinin arasından) Ortak. Ben de tam onu diyecektim. Daha süslü söyleyecektim.","(To Tolga, through his teeth) Partner. That's exactly what I was about to say. Only with more flourish.",oyun
D10H_L_KAFTAN,10,SPK_LUTFI,,0,Dur! Frenk danışman böyle mi girer? Al şu kaftanı. Benim yedeğim. Biraz kısa ama elçilik uzun sürmez.,"Wait! Is that how a Frankish adviser goes in? Here, take this kaftan. My spare. A bit short, but embassies don't take long.",kod
D10H_L_OFFER,10,SPK_LUTFI,,0,"(Kendinden emin, Rumca) Sultan şehrinizi çok beğendi. Burada bir ev almak istiyor. Deniz manzaralı. Bütçesi geniş.","(Confidently, in Greek) The Sultan likes your city very much. He wishes to buy a house here. Sea view. Generous budget.",oyun
D10H_L_SHAME,10,SPK_LUTFI,,0,"(Kapıda, Tolga'ya) Gördün mü? Güçlü bir 'belki'. Neredeyse 'evet'.","(At the door, to Tolga) See? A strong 'maybe'. Almost a 'yes'.",oyun
D10H_N_1,10,SPK_NIKO,,0,Frenk! Gece gece surda ne arıyorsun? Zincir nöbetindeyim. Uyumamak için şarkı söylüyorum. Kötü söylüyorum.,Frank! What are you doing on the walls at this hour? I'm on chain watch. I sing to stay awake. Badly.,oyun
D10H_N_DONE,10,SPK_NIKO,,0,Nöbetçiler hâlâ çiğniyor. Zincir hiç bu kadar gürültülü korunmamıştı.,The guards are still chewing. The chain has never been guarded so noisily.,kod
D10H_N_K,10,SPK_NIKO,,0,"(Surun üstünden) Frenk! Gedik neden parlıyor? ...Yapışkan bez mi o? Urban'ın topunda da aynısından varmış, duydum. Sen iki tarafa da mı bant satıyorsun?",(From the top of the wall) Frank! Why is the breach shiny? ...Is that sticky cloth? I heard Urban's cannon has the same stuff on it. Are you selling tape to both sides?,oyun
D10H_N_K_ALT,10,SPK_NIKO,,0,(Surun üstünden) Frenk! Gedik neden parlıyor? ...Yapışkan bez mi o? Surları da mı sigortalıyorsun?,(From the top of the wall) Frank! Why is the breach shiny? ...Is that sticky cloth? Are you insuring the walls now?,kod
D10H_N_NOPEAS,10,SPK_NIKO,,0,Uyanık kalmak için bir şey lazım. Senin o çıtır şeylerden kalmadı mı? Yazık.,We need something to stay awake. Have you none of those crunchy things left? Pity.,kod
D10H_N_NOPEAS_NEW,10,SPK_NIKO,,0,Uyanık kalmak için bir şey lazım. Bir avuç bir şeyin yok mu? Çıtır bir şey? ...Yok. Yazık.,We need something to stay awake. Haven't you got a handful of something? Something crunchy? ...No. Pity.,kod
D10H_N_PEAS,10,SPK_NIKO,,0,(Bir avuç atar) Çıtır! ...Zincir nöbetçileri bu gece uyumayacak. Belki bir daha hiç uyumayacak.,(Throws back a handful) Crunchy! ...The chain guards won't sleep tonight. They may never sleep again.,oyun
D10H_TH_01,10,SPK_THEODOROS,[whispers],0,"(Tolga'ya fısıldar, kırık Türkçeyle) Ben Theodoros. Ordugâhtan hatırlarsın. Ben sana doğrusunu söyleyeceğim. Sessizce.",(Whispers to Tolga in broken Turkish) I am Theodoros. You remember me from the camp. I will tell you the truth of it. Quietly.,oyun
D10H_TH_01_NEW,10,SPK_THEODOROS,[whispers],0,"(Tolga'ya fısıldar, kırık Türkçeyle) Ben Theodoros. İmparator'un tercümanı. Ben sana doğrusunu söyleyeceğim. Sessizce.",(Whispers to Tolga in broken Turkish) I am Theodoros. The Emperor's interpreter. I will tell you the truth of it. Quietly.,kod
D10H_TH_ANSWER,10,SPK_THEODOROS,[whispers],0,"(Fısıldar, gözleri dolu) 'Hayır' dedi. Çok güzel, çok ağır bir 'hayır'. Tercümanınız başka bir şey söyledi.","(Whispers, his eyes wet) He said 'no'. A beautiful, very heavy 'no'. Your interpreter said something else.",oyun
D10H_TH_CONFESS,10,SPK_THEODOROS,[sad],0,(Tercüme ederken sesi titrer) Gelecekten... diyor.,(His voice shakes as he translates) From the future... he says.,oyun
D10H_TH_FRANK,10,SPK_THEODOROS,[whispers],0,(Fısıldar) Seni soruyor. Neden buradasın? Dikkatli cevap ver.,(Whispers) He is asking about you. Why are you here? Answer carefully.,oyun
D10H_TH_HELP,10,SPK_THEODOROS,,0,"Bu gece. Şehir uyurken. Ne yapacaksan yap, sonra beyaz bayrakla çık. Kimse seni görmesin.","Tonight. While the city sleeps. Do what you must, then leave under the white flag. Let no one see you.",oyun
D10H_TH_LETTER,10,SPK_THEODOROS,,0,(Mektubu Tolga'ya uzatır) İmparator'un kendi eliyle. Mührü kırma. Lütfen.,(Hands the letter to Tolga) In the Emperor's own hand. Don't break the seal. Please.,oyun
D10H_TH_OFFER,10,SPK_THEODOROS,[whispers],0,(Fısıldar) Tercümanınız Sultan'ınızın ev aradığını söyledi. Deniz manzaralı.,(Whispers) Your interpreter said your Sultan is house-hunting. Sea view.,oyun
D10H_TH_PASS,10,SPK_THEODOROS,,0,(Tolga'nın cebinden taşan kâğıdı görür) Bu benim mührüm! Yortu izni... Martıdan geri almışsın. Mührümü taşıyan adam yanlış çevirmez. İmparator'a öyle söyleyeceğim.,(Spots the paper poking out of Tolga's pocket) That's my seal! The feast-day permit... you got it back from the gull. A man who carries my seal doesn't mistranslate. I'll tell the Emperor so.,kod
D10H_T_03,10,SPK_TOLGA,,0,Bu cümlenin hiçbir kısmı beni rahatlatmadı.,No part of that sentence has relaxed me.,oyun
D10H_T_CANT_SAY,10,SPK_TOLGA,,0,"Bunu size söyleyemem, Majeste.","I can't tell you that, Your Majesty.",oyun
D10H_T_CONFESS,10,SPK_TOLGA,,0,Majeste... size bir şey söylemem lazım. Gelecekten geliyorum. Beş yüz yetmiş üç yıl sonrasından.,Your Majesty... I have to tell you something. I come from the future. Five hundred and seventy-three years from now.,oyun
D10H_T_EXIT_0,10,SPK_TOLGA,,0,Hiçbir şey yapmadan çıkıyorum. Belki de en doğrusu bu.,I'm leaving without doing a thing. Maybe that's for the best.,ad
D10H_T_EXIT_1,10,SPK_TOLGA,,0,Bir şey yaptım. Küçük bir şey. Tarih küçük şeyleri fark eder mi?,I did one thing. A small thing. Does history notice small things?,oyun
D10H_T_EXIT_2,10,SPK_TOLGA,,0,İki şey yaptım. Nihat Bey bunu kesin fark edecek.,I did two things. Mr Nihat is definitely going to notice.,ad
D10H_T_EXIT_2B,10,SPK_TOLGA,,0,İki şey yaptım. Birileri bunu kesin fark edecek.,I did two things. Somebody is definitely going to notice.,kod
D10H_T_EXIT_3,10,SPK_TOLGA,,0,Üçünü de yaptım. Ya tarihi değiştirdim ya da çok pahalı bir gece geçirdim.,I did all three. Either I've changed history or I've had a very expensive night.,oyun
D10H_T_FIX_1,10,SPK_TOLGA,,0,"(Theodoros'a) Lütfen doğrusunu söyleyin: teslim teklifi. Can, mal, inanç güvende.","(To Theodoros) Please tell him the real thing: an offer of surrender. Lives, property and faith kept safe.",oyun
D10H_T_FIX_2,10,SPK_TOLGA,,0,"Mahmud Ağa, doğrusu şu: İmparator 'hayır' diyor. Şehri teslim etmeyecekler. Bunu Sultan'a eksiksiz iletin.","Mahmud Agha, here's the truth of it: the Emperor says 'no'. They will not surrender the city. Take that to the Sultan word for word.",oyun
D10H_T_FRANK_1,10,SPK_TOLGA,,0,Bonjour.,Bonjour.,oyun
D10H_T_FRANK_2,10,SPK_TOLGA,,0,"Sigortacıyım, Majeste. Risk değerlendirmesi yapıyorum.","I'm in insurance, Your Majesty. I'm doing a risk assessment.",ad
D10H_T_FRANK_3,10,SPK_TOLGA,,0,"Kimse ölmesin istiyorum, Majeste. Hepsi bu.","I don't want anyone to die, Your Majesty. That's all.",oyun
D10H_T_G_PB,10,SPK_TOLGA,,0,"Bu kutu ısınıyor. Zırhın altına, omzunuza koyun. Soğuk demir kasları tutar. Belgeselde öyle diyordu. Aşağı yukarı.","This box warms up. Put it under your armour, on your shoulder. Cold iron stiffens the muscles. The documentary said so. More or less.",oyun
D10H_T_G_WARN,10,SPK_TOLGA,,0,Sağ omzunuza dikkat edin. Ciddiyim. Bir gün... sadece dikkat edin.,Mind your right shoulder. I'm serious. One day... just be careful.,kod
D10H_T_HELP,10,SPK_TOLGA,,0,Size yardım edebilirim. Ne olacağını... belgesellerden biliyorum. Birkaç şey. Küçük şeyler.,I can help you. I know what happens... from documentaries. A few things. Small things.,oyun
D10H_T_KEEP,10,SPK_TOLGA,,0,(Mektubu kaftanının içine koyar) Bu mektup Fatih'e ulaşacak. Sigortalı kargo gibi.,(Tucks the letter inside his kaftan) This letter will reach Mehmed. Like insured cargo.,oyun
D10H_T_K_1,10,SPK_TOLGA,,0,"Gedik. Urban'ın topları gündüz açıyor, savunucular gece kapatıyor. Tahta, fıçı, toprak. Belgeselde anlatıyordu. Bu gece bir de koli bandı olsun.","The breach. Urban's cannons open it by day, the defenders close it by night. Timber, barrels, earth. The documentary covered it. Tonight, let's add some duct tape.",oyun
D10H_T_K_2,10,SPK_TOLGA,,0,"(Dikmeler, tahtalar, fıçılar. Hepsi bantlı.) Tamam. Bu barikat artık bir top güllesini... en azından bir kere karşılar. Sigortacı olarak söylüyorum.","(Posts, planks, barrels. All taped.) Right. This barricade will now take a cannonball... at least once. I say that as an insurance man.",oyun
D10H_T_K_DONE,10,SPK_TOLGA,,0,Barikat bantlı. Gedik kapalı. Yarın sabaha kadar.,"The barricade's taped. The breach is closed. Until morning, anyway.",kod
D10H_T_K_NOTAPE,10,SPK_TOLGA,,0,Koli bandım yok. Barikatı elle tutacak değilim. Beş hafta boyunca.,I've no duct tape. I'm not holding the barricade up by hand. For five weeks.,kod
D10H_T_N_PEAS,10,SPK_TOLGA,,0,"Al. Leblebi. Bir tane ye, uyanık kalırsın. İki tane ye, sabaha kadar konuşursun.",Here. Chickpeas. Eat one and you stay awake. Eat two and you'll talk till morning.,oyun
D10H_T_OPEN,10,SPK_TOLGA,,0,(Kimse bakmıyorken mührü kırar) Sadece bir göz atacağım. Risk değerlendirmesi.,(Breaks the seal while no one is looking) Just a quick look. Risk assessment.,oyun
D10H_T_OPEN_2,10,SPK_TOLGA,,0,(Mektubu yavaşça katlar) ...Bunu okumamam gerekiyordu.,(Folds the letter slowly) ...I shouldn't have read that.,oyun
D10H_T_RADIO_LETTER,10,SPK_TOLGA,,0,İmparator'dan Fatih'e bir mektup taşıyorum. Sigortalı kargo.,I'm carrying a letter from the Emperor to Mehmed. Insured cargo.,oyun
D10H_T_RADIO_SAVE,10,SPK_TOLGA,,0,"Hikmet Amca, surdaki bir gediği koli bandıyla kapattım. Tarihi bantladım yani.","Uncle Hikmet, I closed a breach in the walls with duct tape. I taped history shut, basically.",oyun
D10H_T_RADIO_SAVE_HELP,10,SPK_TOLGA,,0,"Hikmet Amca, surdakilere biraz yardım ettim. Tarihi biraz ittim yani.","Uncle Hikmet, I helped the men on the walls a bit. Gave history a little push.",ad
D10H_T_RADIO_SHAME,10,SPK_TOLGA,,0,Heyet kovuldu. Lütfi hâlâ 'güçlü bir belki' diyor.,The embassy got thrown out. Lütfi's still saying 'a strong maybe'.,oyun
D10H_T_RENT,10,SPK_TOLGA,,0,Kiralama seçeneği de var. Uzun dönem. Depozito konuşulur.,There's a rental option too. Long term. The deposit's negotiable.,kod
D10H_T_SAFE,10,SPK_TOLGA,,0,"Barış dileklerimi iletirim, Majeste. Başka bir şey söyleyemem.","I'll pass on my wishes for peace, Your Majesty. I can't say anything more.",oyun
D10L_D_01,10,SPK_MINER,,0,Burası lağım. Kural bir: bağırma. Kural iki: iki kere kazdıysan tavanı destekle. Kural üç: mum sönerse yukarı çık.,"This is the tunnel. Rule one: don't shout. Rule two: if you've dug twice, prop up the roof. Rule three: if the candle goes out, get back up.",oyun
D10L_D_03,10,SPK_MINER,,0,Onlar yukarıda kalır. Sen buradasın. Demek ki yoksun.,They stay up top. You're down here. So you haven't got it.,oyun
D10L_D_05,10,SPK_MINER,,0,"Kazı yüzüne git. Kaz, destek koy, dinle. Toprak sana ne zaman durman gerektiğini söyler.","Go to the dig face. Dig, prop, listen. The earth will tell you when to stop.",oyun
D10L_D_CANDLE,10,SPK_MINER,,0,Yukarı. Hemen. Toprak bugün 'hayır' dedi. Yarın başka toprak.,"Up. Now. The earth said 'no' today. Tomorrow, different earth.",kod
D10L_D_DIG_1,10,SPK_MINER,,0,İyi. Toprak yumuşak. Surlar ağır ama toprak yumuşak.,"Good. The soil's soft. The walls are heavy, but the soil's soft.",oyun
D10L_D_DIG_2,10,SPK_MINER,,0,Kazma sesi yukarı gitmesin. Yumuşak vur. Kalbine vurur gibi.,Keep the pick quiet. Hit it softly. Like knocking on a heart.,ad
D10L_D_DIG_3,10,SPK_MINER,,0,Surların altına girdik sayılır. Şimdi sessiz ol.,We're as good as under the walls. Quiet now.,oyun
D10L_D_DIG_4,10,SPK_MINER,,0,Az kaldı. Toprak kokusu değişti. Taş kokuyor.,Nearly there. The earth smells different. It smells of stone.,ad
D10L_D_DIG_5,10,SPK_MINER,,0,Bir kazma daha. Belki iki.,One more stroke. Maybe two.,oyun
D10L_D_HEARD,10,SPK_MINER,,0,Karşı lağım. Bizanslılar. Onlar da bizi dinliyor. Toprağın altında herkes birbirini dinler.,"A countermine. The Byzantines. They're listening for us too. Under the ground, everybody listens to everybody.",oyun
D10L_D_SILENT,10,SPK_MINER,,0,Bir şey yok mu? Daha surlardan uzağız. Kaz.,Nothing? We're still far from the walls. Dig.,kod
D10L_D_SUPPORT,10,SPK_MINER,,0,(Dikmeleri çakar) Tamam. Tavan şimdi Macar topu kadar sağlam. Yani... bantlasak mı?,(Hammers in the posts) Right. The roof's as solid as a Hungarian cannon now. Which is to say... shall we tape it?,oyun
D10L_D_SUPPORT_NO,10,SPK_MINER,,0,"Destek var zaten. Tahtayı boşa harcama, orman yukarıda.","It's propped already. Don't waste timber, the forest's up top.",kod
D10L_D_SUPPORT_PLAIN,10,SPK_MINER,,0,(Dikmeleri çakar) Tamam. Tavan şimdi Macar topu kadar sağlam. Yani... dua etsek mi?,(Hammers in the posts) Right. The roof's as solid as a Hungarian cannon now. Which is to say... shall we pray?,ad
D10L_D_TRUCE,10,SPK_MINER,,0,"(Arkadan gelir, Bizanslıları görür, kazmasını indirir) ...Ekmek mi var? Bizde peynir var.","(Comes up behind, sees the Byzantines, lowers his pick) ...Is there bread? We've got cheese.",oyun
D10L_D_WARN,10,SPK_MINER,,0,"Tavan! İki kazma oldu, destek yok. Bir daha kazarsan toprak seni kazar.",The roof! That's two strokes and no prop. Dig once more and the earth digs you.,oyun
D10L_G_LEBLEBI,10,SPK_GRANT,,0,(Bir tane alır. Çiğner. Durur.) ...Bunu savaştan sonra da yemek isterim. Savaştan sonra kim nerede olursa.,(Takes one. Chews. Stops.) ...I would like to eat this after the war too. Wherever anyone ends up after the war.,oyun
D10L_G_MEET_2,10,SPK_GRANT,[scared],0,"(Latince ve Rumca karışık, sonra kırık Türkçe) ...Siz de mi kazıyorsunuz?","(A mix of Latin and Greek, then broken Turkish) ...You are digging too?",oyun
D10L_G_MEET_4,10,SPK_GRANT,,0,Ben Grant. Mühendis. İşim sizin tünellerinizi bulmak. Buldum. Şimdi... ne yapacağız?,I am Grant. Engineer. My job is to find your tunnels. I found one. Now... what do we do?,oyun
D10L_G_POLICY,10,SPK_GRANT,,0,(Uzun bir sessizlik. Kazmacılarına bakar.) ...Bir somun. Biz de zeytin koyarız.,(A long silence. He looks at his diggers.) ...One loaf. We'll add olives.,oyun
D10L_G_RETREAT,10,SPK_GRANT,,0,"Biz de hiç kazmadık. İyi akşamlar, görmediğimiz Frenk.","And we never dug. Good evening, Frank we never saw.",oyun
D10L_G_TRUCE,10,SPK_GRANT,,0,Surların üstünde düşmanız. Altında... komşuyuz. Kimse bilmesin.,"Up on the walls, we're enemies. Down here... we're neighbours. Let nobody know.",oyun
D10L_H_RADIO,10,SPK_HIKMET,,0,"(Telsiz, çok cızırtılı) Evlât? Sesin toprağın altından geliyor gibi.","(Radio, very crackly) Son? You sound like you're underground.",oyun
D10L_N_DIG_1,10,SPK_NIHAT,,0,"(Yukarıdan, kazma sesi. Bir ışık.) Bay Tolga. Toprak altında kalma formu. Üç nüsha. Önce doldurun, sonra çıkarırım.","(From above, the sound of a pick. A light.) Mr Tolga. The buried-alive form. In triplicate. Fill it in first, then I'll dig you out.",oyun
D10L_N_DIG_2,10,SPK_NIHAT,,0,"(İç çeker, kazmaya devam eder) Madde 9/k: 'Kalemsiz şüpheli sözlü beyanla kurtarılır.' Beyan edin.",(Sighs and keeps digging) Article 9/k: 'A suspect without a pen may be rescued on oral declaration.' Declare.,oyun
D10L_T_02,10,SPK_TOLGA,,0,Kural dört: kapalı alan fobisi olanlar?,Rule four: what about claustrophobics?,oyun
D10L_T_04,10,SPK_TOLGA,,0,(Kazmaya bakar) İş güvenliği eğitimi almadım. Ama sigortası var mı diye sormayacağım.,(Looks at the pick) I've had no health-and-safety training. But I won't ask if it's insured.,oyun
D10L_T_CANDLE,10,SPK_TOLGA,,0,Mum söndü. Karanlıkta kazmak... sigorta poliçelerinde buna 'ağır ihmal' denir.,The candle's out. Digging in the dark... insurance policies call that 'gross negligence'.,kod
D10L_T_COLLAPSE,10,SPK_TOLGA,,0,(Tavan çöker. Toz. Karanlık. Sonra sadece kendi nefesi.),(The roof gives way. Dust. Darkness. Then just his own breathing.),oyun
D10L_T_COLLAPSE_2,10,SPK_TOLGA,,0,Nihat Bey... kalemim yok.,Mr Nihat... I haven't got a pen.,oyun
D10L_T_COLLAPSE_2B,10,SPK_TOLGA,,0,Kim... kimsiniz? Kalemim yok.,Who... who are you? I haven't got a pen.,kod
D10L_T_HEARD,10,SPK_TOLGA,,0,...Tık. Tık. Karşıdan biri kazıyor. Bize doğru.,...Tick. Tick. Someone's digging from the other side. Towards us.,oyun
D10L_T_LEBLEBI,10,SPK_TOLGA,,0,(Cebinden bir avuç leblebi çıkarır) Çıtır. Karanlıkta daha çıtır.,(Takes a handful of leblebi from his pocket) Crunchy. Even crunchier in the dark.,oyun
D10L_T_LISTEN,10,SPK_TOLGA,,0,(Kulağını soğuk toprağa dayar),(Presses his ear to the cold earth),oyun
D10L_T_MEET_1,10,SPK_TOLGA,,0,(Toprak yıkılır. Karşıda bir oda. Mumlar. Kazmalar. Üç adam. Herkes donup kalır.),(The earth falls away. A chamber beyond. Candles. Picks. Three men. Everyone freezes.),oyun
D10L_T_MEET_3,10,SPK_TOLGA,,0,Sizi duymuştuk. Tık tık. Çok ritmik kazıyorsunuz.,We heard you. Tick-tick. You dig very rhythmically.,oyun
D10L_T_MEET_3B,10,SPK_TOLGA,,0,Merhaba. Ben... yanlış tünele girdim galiba.,Hello. I think I... took a wrong tunnel.,ad
D10L_T_POLICY,10,SPK_TOLGA,,0,"Bakın. İki tünel, tek poliçe. Toprak çökerse iki taraf da kurtarılır. Kimse kimseyi dumana boğmaz. Prim: bir somun ekmek.","Look. Two tunnels, one policy. If the earth caves in, both sides get rescued. Nobody smokes anybody out. Premium: one loaf of bread.",oyun
D10L_T_RADIO,10,SPK_TOLGA,,0,Toprağın altındayım Hikmet Amca. Piknikteyim. Uzun hikâye.,"I am underground, Uncle Hikmet. At a picnic. Long story.",oyun
D10L_T_RETREAT,10,SPK_TOLGA,,0,(Geri geri yürür) Biz... hiç gelmedik. Siz de bizi hiç görmediniz.,(Walks backwards) We... were never here. And you never saw us.,oyun
D10L_T_TRUCE,10,SPK_TOLGA,[shouting],0,"(Mum ışığında ekmek, peynir, zeytin. Kimse konuşmaz. Yukarıda toplar gürler.)","(Bread, cheese and olives by candlelight. Nobody talks. Above, the cannons roar.)",oyun
D10O_A_AGAIN,10,SPK_AGA,,0,Yine sen. Fesli olan. Bu sefer düşünerek cevap ver. Düşünerek ama hızlı.,"You again. The one with the fez. Think before you answer this time. Think, but quickly.",oyun
D10O_A_AGAIN_NOFEZ,10,SPK_AGA,,0,Yine sen. Redingotlu olan. Bu sefer düşünerek cevap ver. Düşünerek ama hızlı.,"You again. The one in the frock coat. Think before you answer this time. Think, but quickly.",varyant
D10O_A_BEGIN,10,SPK_AGA,[excited],0,Başlıyoruz!,We begin!,oyun
D10O_A_BYE,10,SPK_AGA,,0,Tepsili adama soru sorulmaz. Kural bu. ...Ama deve sorusunu yine de düşün.,A man with a tray is not questioned. That's the rule. ...But do think about the camel question anyway.,oyun
D10O_A_CHASE,10,SPK_AGA,[shouting],0,(Arkandan koşarak) Bir dakika! Bir dakika! Elçiye soru sorulmaz ama... üçüncü soru sayılmaz! Soruyorum!,"(Running after you) One moment! One moment! Envoys may not be questioned, but... the third question doesn't count! I'm asking it!",oyun
D10O_A_ENVOY_WRONG,10,SPK_AGA,,0,Yanlış. Ama elçisin. Elçi yanlış bilse de geçer. Diplomasi bu. (İç çeker),Wrong. But you're an envoy. An envoy passes even when he's wrong. That's diplomacy. (Sighs),kod
D10O_A_FEZ_VOUCH,10,SPK_AGA,,0,Hüseyin kefil olursa... Hüseyin sen misin? Fes sende. Peki. Kefalet kabul.,If Hüseyin vouches... are you Hüseyin? You've got the fez. Very well. Surety accepted.,kod
D10O_A_INTRO,10,SPK_AGA,,0,"Dur! Dergâh-ı Âlî'ye girmek isteyen, Sorucu Ağa'nın üç sorusuna cevap vermeli. Doğru cevap verirsen geçersin. Yanlış verirsen... hafifçe dışarı çıkarılırsın.",Halt! He who would enter the Sublime Porte must answer the Questioning Agha's three questions. Answer correctly and you pass. Answer wrongly and... you will be gently removed.,oyun
D10O_A_ITEM_BOOK,10,SPK_AGA,,0,Bu kitapta bir devenin günde kaç okka su içtiği yazıyor mu? Yazmıyorsa işe yaramaz.,Does this book say how many okka of water a camel drinks a day? No? Useless.,ad
D10O_A_ITEM_CHICKPEAS,10,SPK_AGA,,0,"Birinci soru: Bu ne? İkinci soru: Bir tane daha verir misin? ...Tamam, birinci soru geçildi.","Question one: what is this? Question two: may I have another? ...Very well, question one is passed.",ad
D10O_A_ITEM_COLOGNE,10,SPK_AGA,,0,"Kokulu adam. Soru: Neden kokulusun? ...Cevap verme, o soru sayılmaz.",A fragrant man. Question: why are you fragrant? ...Don't answer; that one doesn't count.,ad
D10O_A_ITEM_CUBE,10,SPK_AGA,,0,Bulmaca mı bu? Burada bulmacayı ben sorarım. Kıskandım.,Is that a puzzle? I do the puzzles around here. I'm jealous.,ad
D10O_A_ITEM_LIGHTER,10,SPK_AGA,[excited],0,Ateşi nereden aldın? Bu da bir soru. ...Sayılmaz. Sayılmaz!,Where did you get fire? That's also a question. ...It doesn't count. It doesn't count!,ad
D10O_A_ITEM_PHONE,10,SPK_AGA,,0,Bu kutu bana soru soruyormuş gibi bakıyor. Burada soruyu ben sorarım.,That box is looking at me like it wants to ask a question. I ask the questions here.,ad
D10O_A_ITEM_POWERBANK,10,SPK_AGA,,0,Kutsal taş mı? Kutsal taşı olana bir soru az sorulur. ...Yine de üç soru.,A holy stone? He who bears a holy stone is asked one question fewer. ...It's still three.,ad
D10O_A_ITEM_SELFIE,10,SPK_AGA,,0,Asa! Asası olan bilgedir. Bilgeye iki soru yeter.,A staff! A man with a staff is wise. Two questions will do for the wise.,oyun
D10O_A_ITEM_TAPE,10,SPK_AGA,,0,Ağzımı bantlamayı aklından bile geçirme. Denediler.,Don't even think about taping my mouth. It's been tried.,ad
D10O_A_ITEM_THERMOS,10,SPK_AGA,,0,Sorulardan önce bir yudum. ...Güzel. Şimdi üç soru.,A sip before the questions. ...Lovely. Now: three questions.,ad
D10O_A_NEXT,10,SPK_AGA,[excited],0,SIRADAKİ!,NEXT!,oyun
D10O_A_PASS,10,SPK_AGA,,0,"Üç soru, üç cevap. Kapı açılsın! ...Hafifçe.","Three questions, three answers. Open the gate! ...Gently.",oyun
D10O_A_Q1,10,SPK_AGA,,0,BİRİNCİ SORU! Adın ne?,FIRST QUESTION! What is your name?,oyun
D10O_A_Q1_LIE,10,SPK_AGA,[excited],0,Sultan'ın çocukluk arkadaşları bende kayıtlı. Hepsi. Sen yoksun. YALAN!,The Sultan's childhood friends are all on my list. All of them. You're not. A LIE!,oyun
D10O_A_Q1_OK,10,SPK_AGA,,0,Tolga. Kısa. Güzel. Geçer.,Tolga. Short. Good. It passes.,oyun
D10O_A_Q1_OK2,10,SPK_AGA,,0,Sigortacı... Ne olduğunu bilmiyorum ama dürüst bir kelimeye benziyor. Geçer.,"Insurance... I don't know what it is, but it sounds like an honest word. It passes.",ad
D10O_A_Q1_SKIP,10,SPK_AGA,,0,Birinci soruyu leblebi cevapladı. İkinci soruya geçiyoruz.,The leblebi answered question one. On to question two.,kod
D10O_A_Q1_SKIP_FEZ,10,SPK_AGA,,0,Birinci soruyu Hüseyin cevapladı. Fesinden tanıdım. İkinci soruya geçiyoruz.,Hüseyin answered question one. I knew him by the fez. On to question two.,kod
D10O_A_Q2,10,SPK_AGA,,0,İKİNCİ SORU! Buraya niye geldin?,SECOND QUESTION! Why have you come here?,oyun
D10O_A_Q2_LETTER,10,SPK_AGA,,0,Gizli mektup... ve bunu bana söylüyorsun. Gizli mektubu açık açık getiren ya çok dürüst ya çok aptal. İkisi de geçer.,A secret letter... and you tell me about it. A man who carries a secret letter openly is either very honest or very foolish. Both pass.,ad
D10O_A_Q2_LIE,10,SPK_AGA,[shouting],0,Tarih düzeltilmez! Tarih yazılır! Ve burada yazan benim! (Defterine bir şey karalar),History is not put right! History is written! And the one writing here is me! (Scribbles something in his ledger),ad
D10O_A_Q2_OK,10,SPK_AGA,,0,Herkes Sultan'ı görmeye gelir. Sıradan bir cevap. Sıradan cevaplar geçer.,Everyone comes to see the Sultan. An ordinary answer. Ordinary answers pass.,oyun
D10O_A_Q2_OK2,10,SPK_AGA,,0,Bir makineden... Tuhaf. Ama bu kapıda ilk kez biri 'bilmiyorum' dedi. Geçer.,Out of a machine... Odd. But this is the first time anyone at this gate has said 'I don't know'. It passes.,ad
D10O_A_Q2_SKIP,10,SPK_AGA,[excited],0,Asalı adama iki soru yeter dedim. İkinci soruyu atlıyoruz. Ama üçüncüsü var!,I said two questions suffice for a man with a staff. We skip the second. But there's still the third!,oyun
D10O_A_Q3_CAMEL,10,SPK_AGA,,0,ÜÇÜNCÜ SORU! Bir deve günde kaç okka su içer?,THIRD QUESTION! How many okka of water does a camel drink in a day?,oyun
D10O_A_Q3_CAMEL_TWIST,10,SPK_AGA,[excited],0,"Ne? Hörgüç mü? Onu... Onu bilmiyorum. Hiç düşünmedim. Hörgüç... (Kafası karışır, defterini karıştırır) Geç! Geç, düşünmem lazım!","What? Humps? That... I don't know. I never thought about it. Humps... (Confused, flipping through his ledger) Go through! Go, I need to think!",ad
D10O_A_Q3_IDK,10,SPK_AGA,,0,Bilmiyor musun? ...Kırk yıldır bu kapıdayım. Herkes bir şey uydurdu. İlk kez biri 'bilmiyorum' dedi. (Susar) Geç. Sultan dürüstlüğü sever.,You don't know? ...Forty years I've stood at this gate. Everyone made something up. You're the first to say 'I don't know'. (A pause) Go through. The Sultan loves honesty.,oyun
D10O_A_Q3_KAVUK,10,SPK_AGA,,0,ÜÇÜNCÜ SORU! Sultan'ın kavuğu kaç arşındır?,THIRD QUESTION! How many arşın is the Sultan's turban?,ad
D10O_A_Q3_KAVUK_TWIST,10,SPK_AGA,[excited],0,"Açık hâlde mi... Kavuk açılır mı? Açılırsa ne olur? Kim açar? (Sarığını tutar) Geç, geç, git!","Unwrapped... Does a turban unwrap? What happens if it does? Who unwraps it? (Clutches his own turban) Go through, go, go!",ad
D10O_A_Q3_LUCKY,10,SPK_AGA,,0,"...Doğru. Tahmin ettin, değil mi? Gözlerinden belli. Olsun. Doğru doğrudur.","...Correct. You guessed, didn't you? I can see it in your eyes. Never mind. Correct is correct.",kod
D10O_A_Q3_OK,10,SPK_AGA,,0,DOĞRU! ...Doğru mu? Doğru. Kimse bilmezdi. Sen nereden biliyorsun?,CORRECT! ...Correct? Correct. Nobody ever knew. How do you know?,oyun
D10O_A_Q3_POLES,10,SPK_AGA,,0,ÜÇÜNCÜ SORU! Sultan'ın otağının kaç direği var?,THIRD QUESTION! How many poles does the Sultan's tent have?,ad
D10O_A_Q3_POLES_TWIST,10,SPK_AGA,[sad],0,İçten mi... dıştan mı? İçeride hiç bulunmadım ki! Kapıdayım! Kırk yıldır kapıdayım! (Gözleri dolar) Geç...,Inside... or outside? I've never been inside! I'm at the gate! Forty years at the gate! (His eyes fill) Go through...,ad
D10O_A_Q3_WRONG,10,SPK_AGA,[excited],0,YANLIŞ! Kesinlikle yanlış! Deveci Yakup bile bunu bilirdi! ...Bilmezdi. Ama sen de bilmiyorsun!,WRONG! Utterly wrong! Even Yakup the Cameleer would know that! ...He wouldn't. But neither do you!,kod
D10O_A_SHOUT,10,SPK_AGA,[shouting],0,"SIRADAKİ! Otağa girecek olan, önce üç soruma cevap verecek! Üç! Ne eksik ne fazla!","NEXT! Whoever would enter the tent must first answer my three questions! Three! No more, no less!",oyun
D10O_A_TIMEOUT,10,SPK_AGA,[shouting],0,Cevap yok! Düşünen adam şüphelidir! Susan adam daha da şüphelidir!,No answer! A man who ponders is suspicious! A man who says nothing is more suspicious still!,kod
D10O_CAMELEER_1,10,SPK_CAMELEER,,0,"Üçüncü kez sıradayım. Üçüncü soruda hep yanıyorum. Deveyle ilgili soruyor, bilmiyorum. Devem biliyor ama o konuşmuyor.","Third time in the queue. I always fall at the third question. It's about camels and I don't know. My camel knows, but it won't talk.",oyun
D10O_CAMELEER_2,10,SPK_CAMELEER,,0,Kırk okka. Kırk! Her gün sayıyorum. Ağa'ya söylemeyi hiç akıl edemedim. Heyecandan.,Forty okka. Forty! I count it every day. I never think to tell the Agha. Nerves.,oyun
D10O_DERVISH_1,10,SPK_DERVISH,[hesitant],0,(Dönerken) Dönüyorum... çünkü her şey döner... sıra da döner... bir gün bana da gelir...,(Spinning) I turn... because everything turns... the queue turns too... one day it will reach me...,ad
D10O_DERVISH_2,10,SPK_DERVISH,,0,"On iki. Dönerken saydım. On iki ay, on iki burç, on iki direk. Başım da döndü tabii.","Twelve. I counted them while spinning. Twelve months, twelve signs, twelve poles. My head was spinning too, of course.",ad
D10O_F_TOMORROW,10,SPK_FATIH,,0,Yarın.,Tomorrow.,oyun
D10O_G_ENVOY,10,SPK_HASAN,[shouting],0,Elçi geliyor! Elçiye soru sorulmaz! Kapıyı açın! (Hasan ile Hüseyin birbirine çarpar),The envoy approaches! Envoys are not questioned! Open the gate! (Hasan and Hüseyin bump into each other),oyun
D10O_G_LIFT,10,SPK_HASAN,,0,(Hasan ile Hüseyin seni koltuk altlarından kaldırır) Hafifçe. Ağa hafifçe dedi.,(Hasan and Hüseyin lift you under the armpits) Gently. The Agha said gently.,oyun
D10O_G_LIFT2,10,SPK_HUSEYIN,,0,Ben Hasan'ım. Değilim. Hafifçe. Hop.,I'm Hasan. I'm not. Gently. Up we go.,oyun
D10O_G_LIFT2_HUCUBE,10,SPK_HUSEYIN,,0,Ben Hasan'ım. Değilim. (Küpü koynuna sokar) Hafifçe. Hop.,I'm Hasan. I'm not. (Tucks the cube into his shirt) Gently. Up we go.,varyant
D10O_G_LIFT2_HUFEZ,10,SPK_HUSEYIN,,0,Ben Hüseyin'im. Fesli. Hafifçe. Hop.,I'm Hüseyin. The fez. Gently. Up we go.,varyant
D10O_HU_FEZ_VOUCH,10,SPK_HUSEYIN,,0,Ağam! Biz bunu tanırız. Yedek fesini bana verdi. Adı Tolga. Hasan şahit.,Agha! We know this one. He gave me his spare fez. His name's Tolga. Hasan's my witness.,kod
D10O_K_COME,10,SPK_KADRI,,0,"(Kadri kalabalığı yarar) Sen! Fesli! Üç kere taşındın, kapıda zaman kaybettin. Mutfağa! Sultan'a yemek gidiyor, tepsiyi sen taşıyacaksın. Kapıdan tepsiyle girilir.","(Kadri shoulders through the crowd) You! Fez! Carried out three times, wasting time at the gate. To the kitchen! Supper's going to the Sultan and you're carrying the tray. You go in through the gate with a tray.",oyun
D10O_K_COME_NOFEZ,10,SPK_KADRI,,0,"(Kadri kalabalığı yarar) Sen! Redingotlu! Üç kere taşındın, kapıda zaman kaybettin. Mutfağa! Sultan'a yemek gidiyor, tepsiyi sen taşıyacaksın. Kapıdan tepsiyle girilir.","(Kadri shoulders through the crowd) You! Frock coat! Carried out three times, wasting time at the gate. To the kitchen! Supper's going to the Sultan and you're carrying the tray. You go in through the gate with a tray.",varyant
D10O_TAILOR_1,10,SPK_TAILOR,,0,Buongiorno! Sultan'ın kavuğunu ben ölçtüm. Şimdi faturayı getirdim. Kimse ödemiyor.,Buongiorno! I measured the Sultan's turban. Now I've brought the bill. Nobody is paying.,ad
D10O_TAILOR_2,10,SPK_TAILOR,,0,İki arşın. Tam iki. Ölçerken merdivene çıktım. Fatura da iki arşın.,Two arşın. Exactly two. I had to climb a ladder to measure it. The bill is two arşın as well.,ad
D10O_T_01,10,SPK_TOLGA,,0,Otağ kapısı. Önünde bir kuyruk var. Kuyruğun başında kocaman bıyıklı biri.,"The gate of the imperial tent. There's a queue. At the front, a man with an enormous moustache.",oyun
D10O_T_02,10,SPK_TOLGA,,0,Üç soru. Sigorta sınavında yüz soru vardı. Bunu geçerim. Yine de sıradakilere bir sorayım.,"Three questions. The insurance exam had a hundred. I can manage this. Still, I'll ask the people in the queue first.",oyun
D10O_T_CAMELEER_ASK,10,SPK_TOLGA,,0,Deveniz günde ne kadar su içiyor?,How much water does your camel drink a day?,oyun
D10O_T_DERVISH_ASK,10,SPK_TOLGA,,0,"Otağın kaç direği var, biliyor musunuz?",Do you know how many poles the imperial tent has?,ad
D10O_T_END,10,SPK_TOLGA,,0,"Tek kelime. Sigortada tek kelimelik cevap vermezler. Burada verilir. ...Yarın, Fatih'in huzurundayım.","One word. In insurance you never give one-word answers. Here you do. ...Tomorrow, I stand before Mehmed.",oyun
D10O_T_ENVOY,10,SPK_TOLGA,,0,"Cebimde İmparator'un mektubu var. Kapıda bir tören başladı: davullar, bayraklar. Benim için. Bir sigortacı için.","The Emperor's letter is in my pocket. A ceremony has begun at the gate: drums, flags. For me. For an insurance man.",oyun
D10O_T_INSIDE,10,SPK_TOLGA,,0,Kapının ardında otağın perdesi. Perdenin önünde bir gölge. Genç. Dimdik. Kavuğu gerçekten iki arşın.,"Beyond the gate, the curtain of the imperial tent. In front of the curtain, a figure in shadow. Young. Upright. The turban really is two arşın.",oyun
D10O_T_KITCHEN,10,SPK_TOLGA,,0,Huzura soru-cevapla giremedim. Tepsiyle gireceğim. Sigortada buna 'arka kapı' denir.,I couldn't get in with questions and answers. I'll get in with a tray. In insurance we call that the 'back door'.,oyun
D10O_T_TAILOR_ASK,10,SPK_TOLGA,,0,Kavuk ne kadar büyük?,How big is the turban?,ad
D10O_T_THROWN_1,10,SPK_TOLGA,,0,Beni hafifçe dışarı taşıdılar. Gerçekten hafifti. Neredeyse keyifliydi. Tekrar deneyeceğim.,They gently carried me out. It really was gentle. Almost pleasant. I'll try again.,oyun
D10O_T_THROWN_2,10,SPK_TOLGA,,0,İkinci taşınma. Artık Hasan'la Hüseyin'in hangisi hangisi ayırt edebiliyorum. Hasan sol taraf. Ya da sağ.,My second carrying. I can tell Hasan and Hüseyin apart now. Hasan's on the left. Or the right.,oyun
D10O_T_THROWN_2_HUFEZ,10,SPK_TOLGA,,0,İkinci taşınma. Fesli olan Hüseyin. Kendi fesimi her yerde tanırım.,My second carrying. The one in the fez is Hüseyin. I'd know my own fez anywhere.,varyant
D10O_T_TWIST,10,SPK_TOLGA,,0,(Soruyu soruyla cevapladım. Kırk yıllık bir sistemi çökerttim. Sigortacılıkta buna 'itiraz' denir.),"(I answered a question with a question. I've brought down a forty-year-old system. In insurance, we call that an 'objection'.)",kod
D10Z_BOTH,10,SPK_KADRI,,0,(Kadri ile Tolga aynı anda) BEN.,(Kadri and Tolga together) I DID.,oyun
D10Z_F_01,10,SPK_FATIH,,0,Üçüncü tabağı kim pişirdi?,Who cooked the third course?,oyun
D10Z_F_STAY,10,SPK_FATIH,[laughs],0,(Uzun bir sessizlik. Hafifçe gülümser.) İkiniz de kalın.,(A long silence. A faint smile.) You will both stay.,oyun
D10Z_F_TASTE_GOOD,10,SPK_FATIH,,0,"Yahni yumuşak, tatlı dengeli. Mutfağım bu akşam kendini aşmış.",The stew was tender and the sweet well balanced. My kitchen outdid itself tonight.,oyun
D10Z_F_TASTE_LEB,10,SPK_FATIH,,0,Çorbada bir çıtırtı vardı. Ömrümde böyle bir şey yemedim. Kimse yememiş.,There was a crunch in the soup. I have never eaten anything like it in my life. No one has.,oyun
D10Z_F_TASTE_OK,10,SPK_FATIH,,0,Tabakların biri eksikti. Ama diğerleri... dürüsttü. Dürüst yemek severim.,One of the courses fell short. But the others... were honest. I like honest food.,ad
D10Z_F_WHO,10,SPK_FATIH,,0,Bunu kim pişirdi?,Who cooked this?,oyun
D10Z_H_FIRE,10,SPK_HIKMET,[shouting],0,(Telsiz) Evlât! Paradoks göstergem kırmızıya döndü! Ne yaptın?!,(Radio) Son! My Paradox gauge has gone red! What did you do?!,oyun
D10Z_H_RADIO,10,SPK_HIKMET,,0,Evlât? Pencere için hazırlanıyorum. Yemek kokusu mu alıyorum telsizden?,Son? I'm getting ready for the window. Can I smell food through the radio?,oyun
D10Z_K_01,10,SPK_KADRI,,0,Yamak! Önlük boynunda mı? Güzel. Bu akşam yüz kişi yiyecek. Sultan dahil. Sultan en çok.,Kitchen boy! Apron on? Good. A hundred mouths tonight. The Sultan's included. The Sultan most of all.,oyun
D10Z_K_03,10,SPK_KADRI,,0,"O zaman bugün yüz kişilik yakmayacaksın. Önce menü. Üç tabak. Çorba, ana yemek, tatlı. Söyle.","Then today you won't burn it for a hundred. Menu first. Three courses. Soup, main, sweet. Speak.",oyun
D10Z_K_ASK_MAIN,10,SPK_KADRI,,0,Ana yemek! Sultan'ın önüne ne koyacağız?,The main course! What do we set before the Sultan?,oyun
D10Z_K_ASK_SOUP,10,SPK_KADRI,,0,Çorba! Ne pişiriyoruz?,Soup! What are we cooking?,oyun
D10Z_K_ASK_SWEET,10,SPK_KADRI,,0,Tatlı! Son tabak. Sultan'ın aklında kalacak olan.,Dessert! The last course. The one the Sultan remembers.,oyun
D10Z_K_CRIT_1,10,SPK_KADRI,,0,"(Tadar) Tuz az. Hayır, çok. Hayır, az. ...Sen ne diyorsun?","(Tastes) Not enough salt. No, too much. No, not enough. ...What do you say?",oyun
D10Z_K_CRIT_2,10,SPK_KADRI,,0,(Tadar) Bir şey eksik. Ne olduğunu bilmiyorum. Bilseydim eksik olmazdı.,"(Tastes) Something's missing. I don't know what. If I knew, it wouldn't be missing.",oyun
D10Z_K_CRIT_3,10,SPK_KADRI,,0,(Tadar) Güzel. Fazla güzel. Bu kadar güzel olmamalı. Şüphelendim.,(Tastes) Good. Too good. It shouldn't be this good. I'm suspicious.,oyun
D10Z_K_FIRE_1,10,SPK_KADRI,,0,Yamak... o kazan neden öyle ses çıkarıyor?,Kitchen boy... why is that pot making that noise?,oyun
D10Z_K_FIRE_3,10,SPK_KADRI,[shouting],0,"SU! SU GETİRİN! ...Leblebi de toplayın, israf etmeyin!","WATER! BRING WATER! ...And pick up the leblebi, don't waste it!",oyun
D10Z_K_FIRE_3_PLAIN,10,SPK_KADRI,[shouting],0,"SU! SU GETİRİN! ...Pirinci de toplayın, israf etmeyin!","WATER! BRING WATER! ...And pick up the rice, don't waste it!",ad
D10Z_K_FUSION,10,SPK_KADRI,,0,Füzyon... Bir tencerede iki kültür mü? Bizde buna 'artık' denir. Ama güzel bir kelime.,Fusion... Two cultures in one pot? Here we call that 'leftovers'. But it's a lovely word.,oyun
D10Z_K_LEBLEBI,10,SPK_KADRI,[hesitant],0,(Tadar. Durur. Bir daha tadar.) ...Çıtır. Yemeğin içinde çıtır. Bu... bu bir devrim yamak.,"(Tastes. Pauses. Tastes again.) ...Crunchy. Crunchy inside the dish. This... this is a revolution, kitchen boy.",oyun
D10Z_K_MAIN_NO,10,SPK_KADRI,,0,Patates ne? Yamak... bugün iki kere uydurdun. Bir daha uydurursan seni kazana koyarım.,What's a potato? Kitchen boy... that's twice today you've made something up. Do it again and you go in the pot.,oyun
D10Z_K_MAIN_OK_1,10,SPK_KADRI,,0,Kuzu yahnisi. Ağır ağır pişer. Sultan ağır ağır yer. Uyumlu.,Lamb stew. It cooks slowly. The Sultan eats slowly. A match.,oyun
D10Z_K_MAIN_OK_2,10,SPK_KADRI,,0,"Etli pilav. Pilavı ben yaparım, sen bakarsın. Yani sen yaparsın, ben bakarım.","Meat pilaf. I make the rice, you watch. I mean you make it, I watch.",ad
D10Z_K_SOUP_NO,10,SPK_KADRI,,0,"Domates ne? ...Yamak, sen uyduruyor musun? Öyle bir sebze yok.","What's a tomato? ...Kitchen boy, are you making things up? There's no such vegetable.",oyun
D10Z_K_SOUP_OK_1,10,SPK_KADRI,,0,"Tarhana. Ordunun çorbası. Asker sever, Sultan da sever. Olur.",Tarhana. The army's soup. The soldiers love it and so does the Sultan. Done.,oyun
D10Z_K_SOUP_OK_2,10,SPK_KADRI,,0,"Mercimek. Sade, dürüst, sıcak. Senin gibi değil ama olur.","Lentils. Plain, honest, warm. Not like you, but it'll do.",ad
D10Z_K_STOVE,10,SPK_KADRI,,0,Şimdi ocak. Her kazan için ateşi ayarla. Az ateş: çiğ. Çok ateş: kömür. Ortası: Sultan.,Now the stove. Set the fire for each pot. Too little: raw. Too much: charcoal. In between: the Sultan.,oyun
D10Z_K_STOVE_KTHERMOS,10,SPK_KADRI,,0,Şimdi ocak. Her kazan için ateşi ayarla. Az ateş: çiğ. Çok ateş: kömür. Ortası: Sultan. Senin sihirli testi de burada; dünden beri sıcak.,Now the stove. Set the fire for each pot. Too little: raw. Too much: charcoal. In between: the Sultan. Your magic jug is here too; still hot since yesterday.,varyant
D10Z_K_SWEET_NO,10,SPK_KADRI,[excited],0,Çikolata ne? Acı biber ne? Karabiber mi diyorsun? Pahalıdır ama olur. Tatlıya değil ama!,"What's chocolate? What's chilli? Do you mean black pepper? It's dear but fine. Not in a dessert, though!",oyun
D10Z_K_SWEET_OK_1,10,SPK_KADRI,,0,"Zerde! Safranı sayarak koyarız. Bir tane fazla, bir altın gider.",Zerde! We count the saffron threads in. One too many and there goes a gold coin.,oyun
D10Z_K_SWEET_OK_2,10,SPK_KADRI,,0,"Helva. Karıştırırsın, karıştırırsın, karıştırırsın. Kolun kopar. Sonra olur.","Halva. You stir, you stir, you stir. Your arm falls off. Then it's ready.",ad
D10Z_K_TASTE_BURNT,10,SPK_KADRI,,0,Yandı! Kokusunu ordugâhın öbür ucundan alırlar. Bir tane daha yakarsan...,Burnt! They'll smell it from the far end of the camp. Burn another one and...,oyun
D10Z_K_TASTE_BURNT2,10,SPK_KADRI,[shouting],0,"İKİNCİ KAZAN! Yamak, ateş... ateş kazana değil, çadıra gidiyor!","THE SECOND POT! Kitchen boy, the fire... the fire's going for the tent, not the pot!",oyun
D10Z_K_TASTE_OK_1,10,SPK_KADRI,,0,"(Tadar) ...Hmm. Olmuş. Söyleme kimseye, şımarırsın.","(Tastes) ...Hmm. It's good. Don't tell anyone, it'll go to your head.",oyun
D10Z_K_TASTE_OK_2,10,SPK_KADRI,,0,"(Tadar, gözlerini kapatır) Annem gibi. Annem kötü aşçıydı ama bu iyi.","(Tastes, closes his eyes) Like my mother's. My mother was a bad cook, but this is good.",oyun
D10Z_K_TASTE_OK_3,10,SPK_KADRI,,0,"(Tadar, bir süre konuşmaz) ...Bunu Sultan yiyecek. Ben de yiyeceğim. Önce ben.","(Tastes, says nothing for a while) ...The Sultan will eat this. So will I. Me first.",oyun
D10Z_K_TASTE_RAW,10,SPK_KADRI,,0,"Çiğ! Bu yemek değil, malzeme. Ateşten korkma yamak.","Raw! That's not food, that's ingredients. Don't be afraid of the fire, kitchen boy.",kod
D10Z_K_THERMOS_SAVE,10,SPK_KADRI,[shouting],0,"(Kadri termosu kapar, kaynar suyu taşan sosa boşaltır, kazanı ocaktan çeker) Sihirli testi! Yanmadı! ...Çiğ kaldı ama yanmadı.","(Kadri grabs the thermos, empties its boiling water into the overflowing sauce, hauls the pot off the fire) The magic jug! It didn't burn! ...It's raw, but it didn't burn.",kod
D10Z_K_TITLE,10,SPK_KADRI,,0,Sultan unvan verdi yamak! 'Matbah-ı Âmire'nin Gelecek Müşaviri.' Ezberle. Yanlış söylersen kazana.,"The Sultan gave you a title, kitchen boy! 'Future Counsellor of the Imperial Kitchen.' Learn it. Get it wrong and you go in the pot.",oyun
D10Z_K_WAIT,10,SPK_KADRI,,0,Sessiz. Yiyorlar. Hiç ses yok. Ya çok beğendiler ya hepsi öldü.,Quiet. They're eating. Not a sound. Either they love it or they're all dead.,oyun
D10Z_K_YES_1,10,SPK_KADRI,,0,Tabii haklıyım. Neyde haklıyım? Fark etmez.,Of course I'm right. Right about what? Doesn't matter.,oyun
D10Z_K_YES_2,10,SPK_KADRI,,0,Evet. Eksik olan senin 'haklısınız'ındı. Şimdi tamam.,Yes. What was missing was your 'you're right'. It's fine now.,ad
D10Z_K_YES_3,10,SPK_KADRI,,0,Haklıyım ama yine de şüpheleniyorum. Bu da haklı.,"I'm right, and I'm still suspicious. That's right too.",oyun
D10Z_T_02,10,SPK_TOLGA,,0,Yüz kişi. Evde iki kişilik makarnayı yakıyorum ben usta.,"A hundred. At home I burn pasta for two, chef.",oyun
D10Z_T_ENTER,10,SPK_TOLGA,,0,(Mutfağın kapısında Sultan. Kadri bir anda dimdik oluyor. Tolga da. Kaşık elinde.),(The Sultan is in the kitchen doorway. Kadri snaps upright. So does Tolga. Still holding a ladle.),oyun
D10Z_T_FIRE_2,10,SPK_TOLGA,,0,(Kazan patlar. Havaya yüzlerce patlamış leblebi fırlar. Leblebi yağmuru.),(The pot explodes. Hundreds of popped chickpeas fly into the air. It's raining leblebi.),oyun
D10Z_T_FIRE_2_PLAIN,10,SPK_TOLGA,,0,(Kazan patlar. Havaya yüzlerce pirinç tanesi fırlar. Pilav yağmuru.),(The pot explodes. Hundreds of grains of rice fly into the air. It's raining pilaf.),ad
D10Z_T_FIRE_4,10,SPK_TOLGA,,0,Mutfağı yaktım Hikmet Amca. Ama leblebi patlıyormuş. Bunu da öğrendik.,"I set the kitchen on fire, Uncle Hikmet. But it turns out leblebi pops. We learned that too.",oyun
D10Z_T_FIRE_4_PLAIN,10,SPK_TOLGA,,0,Mutfağı yaktım Hikmet Amca. Ama pirinç uçuyormuş. Bunu da öğrendik.,"I burned the kitchen down, Uncle Hikmet. But it turns out rice can fly. Learned that too.",ad
D10Z_T_FUSION,10,SPK_TOLGA,,0,"Buna füzyon mutfağı deniyor usta. İki kültür, bir tencere.","It's called fusion cuisine, chef. Two cultures, one pot.",oyun
D10Z_T_LEBLEBI,10,SPK_TOLGA,,0,(Kazana bir avuç leblebi atar) Gizli malzeme.,(Tosses a handful of leblebi into the pot) The secret ingredient.,oyun
D10Z_T_MAIN_MODERN,10,SPK_TOLGA,,0,Patates kızartması! Yanına köfte. Klasik.,Chips! With meatballs on the side. A classic.,oyun
D10Z_T_MENU_DONE,10,SPK_TOLGA,,0,"(Kendi kendine) Domates yok, patates yok, acı biber yok, çikolata yok. Hepsi Amerika'dan geliyormuş. Amerika da yok.","(To himself) No tomatoes, no potatoes, no chillies, no chocolate. They all come from America. And there's no America yet either.",oyun
D10Z_T_RADIO,10,SPK_TOLGA,,0,Unvan aldım Hikmet Amca. Tamamını söyleyemiyorum ama aldım.,"I got a title, Uncle Hikmet. I can't say the whole thing, but I got it.",oyun
D10Z_T_SOUP_MODERN,10,SPK_TOLGA,,0,"Menemen! Domates, biber, yumurta. Herkes bayılır.","Menemen! Tomatoes, peppers, eggs. Everyone loves it.",oyun
D10Z_T_SWEET_MODERN,10,SPK_TOLGA,,0,Çikolatalı sufle! Biraz da acı biberle. Çok moda.,A chocolate soufflé! With a bit of chilli. Very fashionable.,oyun
D10Z_T_TITLE,10,SPK_TOLGA,,0,Kalmak mı?,Stay?,oyun
D10Z_T_TITLE_2,10,SPK_TOLGA,[hesitant],0,Matbah-ı... Âmire'nin... Gelecek... Müş... (Telsiz cızırdar),Future... Counsellor... of the Imperial... Kit... (The radio crackles),oyun
D10Z_T_WAIT,10,SPK_TOLGA,,0,Genelde iyi bir işaret usta. Sanırım.,"That's usually a good sign, chef. I think.",oyun
D10Z_T_YES,10,SPK_TOLGA,,0,Haklısınız usta.,"You're right, chef.",oyun
D11_H_01,11,SPK_HIKMET,[shouting],0,"(Karanlıktan, pijamalı) DUR BAKALIM! O benim evlâdım! Fötr şapkalı, sen kimsin?","(Out of the dark, in pyjamas) HOLD IT! That's my lad! You in the fedora, who are you?",oyun
D11_H_03,11,SPK_HIKMET,,0,İhlal mi? Garanti belgesi var bende! 'İlk on dakika koşulsuz iade.' İmzalı.,"Violation? I've got a warranty! 'First ten minutes, unconditional returns.' Signed.",oyun
D11_H_05,11,SPK_HIKMET,,0,"Senin Z-1'inin arkasına bir devre şeması çizerim, anlamazsın bile.",I'll draw a circuit diagram on the back of your Z-1; you won't even understand it.,oyun
D11_H_07,11,SPK_HIKMET,[excited],0,Yönetmelik 3/a'yı kim yazdı? Ben yazmadım! (Kendi formunu çıkarır: bir hırdavat faturası),Who wrote Regulation 3/a? I didn't! (Pulls out a form of his own: a hardware-shop receipt),oyun
D11_H_GUN,11,SPK_HIKMET,,0,"Ruhsatı yok, fişeği de yok. İkimiz de boş silahla geziyoruz, fötr şapkalı. Seninki kâğıttan.","No licence, no cartridges. We're both walking around with empty weapons, fedora. Yours is made of paper.",kod
D11_M_FIRED,11,SPK_MUFIDE,,0,Büro Baskısı kritik seviyede. Görevden alındınız. Şapkanızı iade edin. Yerinize yeni model geliyor.,Bureau Pressure has reached a critical level. You are dismissed. Please return your hat. A new model is on the way.,oyun
D11_M_FOUND,11,SPK_MUFIDE,,0,"(Büro telsizi) Nihat Bey, raporunuz işleme alındı. Şüpheliyi bulun ve Form Z-1453'ü doldurtun. Bu gece.","(Bureau radio) Mr Nihat, your report has been processed. Find the suspect and get Form Z-1453 filled in. Tonight.",oyun
D11_M_ILLUM,11,SPK_MUFIDE,,0,"[Telsiz] Bugün 25 Nisan, Nihat Bey. Bir ay erken. Anomali formunda 'sebep' kutusuna ne yazayım?","[Radio] Today is the 25th of April, Mr Nihat. A month early. What do I put in the 'cause' box on the anomaly form?",oyun
D11_M_LOST,11,SPK_MUFIDE,,0,(Büro telsizi) Nihat Bey. Keçi raporunuz yukarıya ulaştı. Yukarısı gülmedi.,(Bureau radio) Mr Nihat. Your goat report reached upstairs. Upstairs did not laugh.,oyun
D11_NK_00,11,SPK_NIKO,,0,(Yamuk sarılmış bir sarık; altından kızıl bir Bizans pelerini görünüyor) Kimse beni tanımadı. Sarık her kapıyı açıyor.,(A crookedly wound turban; a red Byzantine cloak shows underneath) Nobody recognised me. A turban opens every door.,kod
D11_NK_01,11,SPK_NIKO,[shouting],0,"CASUS! Dostum! Kimse dokunamaz! Sinerji, SALDIR!","SPY! My friend! No one touches him! Synergy, ATTACK!",oyun
D11_NK_01_HEN,11,SPK_NIKO,[shouting],0,"CASUS! Dostum! Kimse dokunamaz! Tavuk, SALDIR!","SPY! My friend! No one touches him! Chicken, ATTACK!",kod
D11_NK_03,11,SPK_NIKO,[shouting],0,"Koş, casus! Ben bu adamı oyalarım. Hangi formu istiyorsa dolduracağım. Kırmızımsı!","Run, spy! I'll hold this man up. Whatever form he wants, I'll fill it in. Reddish!",oyun
D11_N_01,11,SPK_NIHAT,,0,Bay Tolga. Form Z-1453'ü doldurmadınız.,Mr Tolga. You haven't filled in Form Z-1453.,oyun
D11_N_03,11,SPK_NIHAT,,0,"Zaman Bürosu. Denetçi Zamanoğlu. İzinsiz zaman yolculuğu, fes, leblebi, bir keçi... Uzun bir liste.","The Time Bureau. Inspector Zamanoğlu. Unauthorised time travel, a fez, leblebi, a goat... It's a long list.",oyun
D11_N_03_HEN,11,SPK_NIHAT,,0,"Zaman Bürosu. Denetçi Zamanoğlu. İzinsiz zaman yolculuğu, fes, leblebi, bir tavuk... Uzun bir liste.","The Time Bureau. Inspector Zamanoğlu. Unauthorised time travel, a fez, leblebi, a chicken... It's a long list.",kod
D11_N_03_HEN_NOLEB,11,SPK_NIHAT,,0,"Zaman Bürosu. Denetçi Zamanoğlu. İzinsiz zaman yolculuğu, fes, kartvizit, bir tavuk... Uzun bir liste.","The Time Bureau. Inspector Zamanoğlu. Unauthorised time travel, a fez, business cards, a chicken... It's a long list.",ad
D11_N_03_NOLEB,11,SPK_NIHAT,,0,"Zaman Bürosu. Denetçi Zamanoğlu. İzinsiz zaman yolculuğu, fes, kartvizit, bir keçi... Uzun bir liste.","The Time Bureau. Inspector Zamanoğlu. Unauthorised time travel, a fez, business cards, a goat... It's a long list.",ad
D11_N_05,11,SPK_NIHAT,,0,Yönetmelik 7/c: sizi kendi zamanınıza ben götüremem. Sadece tutuklayabilir... ya da bırakabilirim.,Regulation 7/c: I cannot take you back to your own time. I can only arrest you... or let you go.,oyun
D11_N_AMBUSH,11,SPK_NIHAT,,0,"(Perde düşer, hemen yanında) Bay Tolga.","(The veil drops, right beside him) Mr Tolga.",kod
D11_N_ARREST,11,SPK_NIHAT,,0,"Tutuklusunuz, Bay Tolga. Yönetmelik gereği son sözünüzü söyleyebilirsiniz. Üç söz. Kısa olsun.","You're under arrest, Mr Tolga. Under the regulations you may have a final word. Three words. Keep it brief.",oyun
D11_N_ARRIVE,11,SPK_NIHAT,,0,Gece. Saha kapısı yine tarlanın ortasında. Bu sefer ay ışığında. Daha resmî duruyor.,"Night. The field door is in the middle of the field again. Moonlit, this time. It looks more official.",oyun
D11_N_BOOM,11,SPK_NIHAT,,0,(Topçu sahasında hâlâ duman tütüyor) Paradoks göstergem tavanı deldi. Form Z-1453'ün yanına bir de Form P-1 ekliyorum: 'Patlama.',(Smoke still rises from the artillery field) My Paradox gauge went through the ceiling. To Form Z-1453 I am adding Form P-1: 'Explosion.',kod
D11_N_BURIED,11,SPK_NIHAT,,0,Bay Tolga. Sizi bu sabah topraktan çıkardım. Şimdi de Form Z-1453'ü doldurmanızı bekliyorum. Sıra bu.,Mr Tolga. I dug you out of the earth this morning. Now I'm waiting for you to fill in Form Z-1453. That's the order of things.,kod
D11_N_BYZ,11,SPK_NIHAT,,0,Bay Tolga. Bizans tarafında 'gelecekten geliyorum' demişsiniz. Paradoks göstergem normalin iki katı hızla doluyor. Yönetmelik bunun için bir form bile öngörmemiş.,Mr Tolga. You told the Byzantines 'I come from the future'. My Paradox gauge is filling twice as fast as normal. The regulations don't even have a form for this.,kod
D11_N_CANT_HELP,11,SPK_NIHAT,,0,(Eli titriyor) Yardım etmek... Yönetmelik 7/c buna izin vermiyor. Ama bırakabilirim. Bu kadarını yapabilirim.,(His hand shakes) Helping... Regulation 7/c doesn't allow it. But I can let you go. I can do that much.,kod
D11_N_CUFF,11,SPK_NIHAT,[sad],0,"(Kelepçe yerine, bileğinize bir form bağlar) Zaman Bürosu Bekleme Salonu. Sıra numaranız: 4.582.119.","(Instead of handcuffs, he ties a form round your wrist) The Time Bureau Waiting Room. Your number: 4,582,119.",oyun
D11_N_DECIDE,11,SPK_NIHAT,,0,"(Elinde form. Karşısında fesli, yorgun bir adam. Ateş çıtırdıyor.)","(A form in his hand. Before him, a tired man in a fez. The fire crackles.)",oyun
D11_N_DECIDE_NOFEZ,11,SPK_NIHAT,,0,"(Elinde form. Karşısında başı açık, yorgun bir adam. Ateş çıtırdıyor.)","(A form in his hand. Before him, a tired, bare-headed man. The fire crackles.)",varyant
D11_N_FIRED,11,SPK_NIHAT,,0,...Şapkamı mı? Şapkam bende kalsın. Formu ben doldururum.,...My hat? I'll keep my hat. I'll fill in the form myself.,oyun
D11_N_FOUND,11,SPK_NIHAT,,0,Tarayıcı onu gösteriyor. Ateşin başında. Yarını bekliyor.,The scanner's pointing to him. By the fire. Waiting for tomorrow.,oyun
D11_N_FROZE,11,SPK_NIHAT,,0,(Karar veremedi. Yönetmelik onun yerine karar verdi.),(He couldn't decide. The regulations decided for him.),kod
D11_N_GIVE_UP,11,SPK_NIHAT,,0,"(Formu katlar, cebine koyar) ...Bu gece burada kimseyi görmedim. Siz de beni görmediniz. İyi geceler, Bay Tolga.","(Folds the form, pockets it) ...I saw nobody here tonight. And you didn't see me. Goodnight, Mr Tolga.",oyun
D11_N_HELP_1,11,SPK_NIHAT,,0,"Size yardım edeceğim, Bay Tolga. Yarın otağa sizinle geleceğim. Resmî denetim ziyareti. Fatih'e bir form göstereceğim.","I'm going to help you, Mr Tolga. Tomorrow I'll come to the imperial tent with you. An official inspection visit. I'll show Mehmed a form.",oyun
D11_N_HELP_1_ALT,11,SPK_NIHAT,,0,"Size yardım edeceğim, Bay Tolga. Bundan sonra yanınızdayım. Resmî denetim refakati. Formları ben doldururum.","I'm going to help you, Mr Tolga. From now on I'm at your side. An official inspection escort. I'll fill in the forms.",kod
D11_N_HELP_3,11,SPK_NIHAT,,0,Çünkü... raporumda 'mutlu' diye bir kutucuk yoktu. Kutucuğu ben ekledim.,Because... there was no box for 'happy' in my report. I added one.,oyun
D11_N_HONEST,11,SPK_NIHAT,,0,(Formu indirir) ...Pazartesi toplantısı. Benim de var. Hiç bitmiyor.,(Lowers the form) ...A Monday meeting. I have one too. It never ends.,oyun
D11_N_H_02,11,SPK_NIHAT,[hesitant],0,...Hikmet Bey? Burada? Pijamayla? Bu... bu bir ikinci ihlal.,...Mr Hikmet? Here? In pyjamas? This... this is a second violation.,oyun
D11_N_H_04,11,SPK_NIHAT,,0,Garanti belgesi Büro'ca tanınmaz. Form Z-1 tanınır. Z-1'in aslı bizde.,Warranties aren't recognised by the Bureau. Form Z-1 is. We hold the original Z-1.,oyun
D11_N_H_06,11,SPK_NIHAT,[shouting],0,Formun arkasına çizim yapılmaz! Yönetmelik 3/a!,Nothing may be drawn on the back of a form! Regulation 3/a!,oyun
D11_N_H_08,11,SPK_NIHAT,[hesitant],0,...Şüpheli kaçtı. Bu bir form savaşıydı ve ben... kazandım mı? Kimse kazanmadı. Tolga kazandı.,...The suspect has fled. That was a war of forms and I... won? Nobody won. Tolga won.,oyun
D11_N_H_GUN,11,SPK_NIHAT,,0,...Ve sırtınızdaki o şey. Ruhsatı var mı?,...And that thing on your back. Is it licensed?,kod
D11_N_ILLUM,11,SPK_NIHAT,,0,"Ordugâh baştan başa aydınlatılmış. Meşaleler, fenerler, ateşler. Kayıtlara göre bu şenlik ateşleri 26 Mayıs'ta yakılacaktı.","The whole camp is lit up. Torches, lanterns, bonfires. According to the records, these celebration fires were meant to be lit on the 26th of May.",oyun
D11_N_ILLUM_2,11,SPK_NIHAT,,0,Sebep: Tolga. Açıklama: Tolga. Ek: kırmızı bir fes.,Cause: Tolga. Explanation: Tolga. Attachment: one red fez.,oyun
D11_N_INSURANCE,11,SPK_NIHAT,,0,Sıfır form... Bu cümle bende bir şey kıpırdattı. Beğenmedim.,Zero forms... That sentence stirred something in me. I didn't care for it.,oyun
D11_N_ITEM_ANY,11,SPK_NIHAT,,0,"(Eşyaya bakar, not alır) Envantere eklendi.","(Looks at the item, makes a note) Added to the inventory.",kod
D11_N_ITEM_BOOK,11,SPK_NIHAT,,0,"Bu kitabın yarısı artık yanlış. Siz yanlış yaptınız, kitap da yanlış oldu.","Half this book is now wrong. You did wrong, so the book went wrong.",ad
D11_N_ITEM_CHICKPEAS,11,SPK_NIHAT,,0,Leblebi mi? ...Kavrulmuş. Bu bir rüşvet mi? (Bir tane alır) Rüşvet değil. İkram.,Leblebi? ...Roasted. Is this a bribe? (Takes one) It isn't a bribe. It's hospitality.,oyun
D11_N_ITEM_CUBE,11,SPK_NIHAT,,0,"Bırakın küpü. Küp değil, benim kariyerim karışık.",Put the cube down. It's not the cube that's scrambled. It's my career.,ad
D11_N_ITEM_PHONE,11,SPK_NIHAT,,0,Artık form yok. Formlar bitti. Siz bitirdiniz.,There are no more forms. The forms have run out. You ran them out.,ad
D11_N_ITEM_TAPE,11,SPK_NIHAT,,0,Koli bandı. Hikmet Bey'in imzası. ...Selamımı söyleyin.,Duct tape. Mr Hikmet's signature. ...Give him my regards.,ad
D11_N_ITEM_THERMOS,11,SPK_NIHAT,,0,Bir bardak daha. Bu saatten sonra fark etmez.,Another cup. It hardly matters now.,ad
D11_N_KNOWN,11,SPK_NIHAT,,0,"Arşivden beri yine karşılaştık, Bay Tolga. Bu sefer resmî konuşacağım.","We meet again, Mr Tolga, since the archive. This time I shall be formal.",kod
D11_N_LOST_1,11,SPK_NIHAT,,0,Tarayıcı... hiçbir şey göstermiyor. İz kaybolmuş. Raporuma 'keçi' yazmıştım.,The scanner... shows nothing. The trail's gone. I wrote 'goat' in my report.,oyun
D11_N_LOST_2,11,SPK_NIHAT,,0,Yarın yeniden ararım. Tarayıcıyı şarj edeyim. Şarj nerede? 1453'te priz yok.,I'll look again tomorrow. Let me charge the scanner. Where do you charge it? There are no sockets in 1453.,oyun
D11_N_NK_02,11,SPK_NIHAT,,0,(Fötr şapkasının üstünde bir tavuk) ...Şapkamda bir tavuk var. Bu da bir form mu?,(A chicken on top of his fedora) ...There's a chicken on my hat. Is this also a form?,oyun
D11_N_NK_04,11,SPK_NIHAT,,0,...Kaçtı. Tavuk hâlâ şapkamda. Büro Baskısı'na yazmıyorum. Bu bir tavuk kazası.,...He's gone. The chicken's still on my hat. I'm not putting this in the Bureau Pressure log. It was a chicken accident.,oyun
D11_N_RELEASE,11,SPK_NIHAT,,0,"Sizi bırakıyorum, Bay Tolga. Raporuma 'şüpheli yerinde, tehlikesiz, fesli' yazacağım. Yarın huzura çıkıyorsunuz. Formu sonra doldurursunuz.","I'm letting you go, Mr Tolga. My report will say 'suspect located, harmless, wearing a fez'. You go before the Sultan tomorrow. You can fill in the form afterwards.",oyun
D11_N_RELEASE_ALT,11,SPK_NIHAT,,0,"Sizi bırakıyorum, Bay Tolga. Raporuma 'şüpheli yerinde, tehlikesiz, fesli' yazacağım. Nereye gidecekseniz gidin. Formu sonra doldurursunuz.","I'm letting you go, Mr Tolga. My report will say 'suspect located, harmless, wearing a fez'. Go wherever you're going. You can fill in the form afterwards.",kod
D11_N_RELEASE_ALT_NOFEZ,11,SPK_NIHAT,,0,"Sizi bırakıyorum, Bay Tolga. Raporuma 'şüpheli yerinde, tehlikesiz, fessiz' yazacağım. Nereye gidecekseniz gidin. Formu sonra doldurursunuz.","I'm letting you go, Mr Tolga. My report will say 'suspect located, harmless, no fez'. Go wherever you're going. You can fill in the form afterwards.",varyant
D11_N_RELEASE_NOFEZ,11,SPK_NIHAT,,0,"Sizi bırakıyorum, Bay Tolga. Raporuma 'şüpheli yerinde, tehlikesiz, fessiz' yazacağım. Yarın huzura çıkıyorsunuz. Formu sonra doldurursunuz.","I'm letting you go, Mr Tolga. My report will say 'suspect located, harmless, no fez'. You go before the Sultan tomorrow. You can fill in the form afterwards.",varyant
D11_N_RUMOR,11,SPK_NIHAT,,0,Efsane beni takip ediyor. Efsaneler Büro'dan hızlı.,The legend is following me. Legends are faster than the Bureau.,kod
D11_N_RUN_FAIL,11,SPK_NIHAT,,0,"(Tek adımda önünde) Denetçiler koşmaz, Bay Tolga. Denetçiler zaten oradadır.","(One step and he's in front of you) Inspectors don't run, Mr Tolga. Inspectors are simply already there.",kod
D11_N_RUN_OK,11,SPK_NIHAT,,0,"(Arkasından bakar) ...Kaçan birini kovalamak için Form Z-9 lazım. Bende yok. Güle güle, Bay Tolga.","(Watches him go) ...Pursuing a fleeing person requires Form Z-9. I don't have one. Goodbye, Mr Tolga.",oyun
D11_N_SAW_FLY,11,SPK_NIHAT,,0,Kaldırma Formu Z-9. Sizin makinenizden daha güvenli. Onaylı.,Lift Form Z-9. Safer than your machine. Approved.,kod
D11_N_TIME_UP,11,SPK_NIHAT,,0,"Süre doldu. Üç söz dedim, Bay Tolga.","Time's up. I said three words, Mr Tolga.",kod
D11_N_T_SILENT,11,SPK_NIHAT,,0,Susmak da bir cevaptır. Kötü bir cevap.,Silence is also an answer. A poor one.,kod
D11_N_WALL,11,SPK_NIHAT,[hesitant],0,Yardım... Yönetmelikte 'yardım' diye bir fiil var mı? Yok. Ama...,Help... Is there a verb 'to help' in the regulations? There isn't. But...,oyun
D11_N_WALL_KEPT,11,SPK_NIHAT,[sad],0,(Form sapasağlam) ...Yardım edemem. Ama tutuklamayacağım da. Rapor ederim. Sonra.,(The form is intact) ...I can't help. But I won't arrest you either. I'll report it. Later.,kod
D11_N_WALL_TORN,11,SPK_NIHAT,,0,(Kâğıtlar ateşe düşüyor) Yırttım. İkinci kez. Artık alışıyorum.,(Paper drifts into the fire) I tore it. Twice now. I'm getting used to it.,oyun
D11_RUMOR_1,11,SPK_WITNESS,,0,"Dün gökte fötr şapkalı bir cin uçmuş, duydun mu?",Did you hear? Yesterday a djinn in a fedora flew across the sky.,kod
D11_RUMOR_2,11,SPK_WITNESS,,0,Duydum. Kadri çorbasını ona ikram etmiş. Cin içmiş mi bilmiyorum.,I heard. Kadri offered it some soup. No idea if the djinn drank it.,kod
D11_T_02,11,SPK_TOLGA,,0,...Hangi form?,...What form?,oyun
D11_T_04,11,SPK_TOLGA,,0,Keçiyi sigortaladım sadece. Poliçesi var.,I only insured the goat. It has a policy.,oyun
D11_T_04_GOAT,11,SPK_TOLGA,,0,O keçi beni kendisi takip ediyordu. Ben bir şey yapmadım.,That goat was following me on its own. I didn't do anything.,ad
D11_T_04_HEN,11,SPK_TOLGA,,0,O tavuk benim değil. Hiç tanışmadık.,That chicken isn't mine. We've never met.,kod
D11_T_AMBUSH,11,SPK_TOLGA,[shouting],0,AAH! Nereden çıktınız?! Kalbim... Kalp krizi poliçede var ama bu yüzyılda değil!,"AAH! Where did you come from?! My heart... Heart attacks are in the policy, but not in this century!",kod
D11_T_BOOM,11,SPK_TOLGA,,0,(Yüzü hâlâ is içinde) Kimse yaralanmadı. Bunu yazın. Kimse yaralanmadı.,(Face still covered in soot) Nobody was hurt. Write that down. Nobody was hurt.,kod
D11_T_BURIED,11,SPK_TOLGA,,0,Hâlâ kulaklarımdan toprak çıkıyor.,There's still soil coming out of my ears.,kod
D11_T_BYZ,11,SPK_TOLGA,,0,Sadece bir barikatı bantladım.,I only taped a barricade.,kod
D11_T_BYZ_HELP,11,SPK_TOLGA,,0,Sadece surdakilere biraz yardım ettim.,I only helped the men on the walls a bit.,ad
D11_T_CUFF,11,SPK_TOLGA,,0,Dört milyon beş yüz... Bu bankadan bile uzun.,Four million five hundred... That's longer than the bank.,oyun
D11_T_EAVES,11,SPK_TOLGA,,0,"(Kendi kendine) Yarın Fatih'e ne diyeceğim... 'Evet, alınacak ama sigortası yok' mu?","(To himself) What do I tell Mehmed tomorrow... 'Yes, it'll fall, but it's not insured'?",kod
D11_T_EAVES_ALT,11,SPK_TOLGA,,0,"(Kendi kendine) Biri bana 'şehir alınacak mı' diye sorarsa ne diyeceğim... 'Evet, ama sigortası yok' mu?","(To himself) If someone asks me whether the city will fall, what do I say... 'Yes, but it's not insured'?",kod
D11_T_HELP_2,11,SPK_TOLGA,,0,Neden?,Why?,oyun
D11_T_HELP_4,11,SPK_TOLGA,,0,Bir Denetçi ve bir sigortacı Fatih'in huzurunda. Bu fıkra gibi başlıyor.,An inspector and an insurance man before Sultan Mehmed. This sounds like the start of a joke.,oyun
D11_T_HELP_4_ALT,11,SPK_TOLGA,,0,Bir Denetçi ve bir sigortacı 1453'te. Bu fıkra gibi başlıyor.,An inspector and an insurance man in 1453. This sounds like the start of a joke.,ad
D11_T_HONEST,11,SPK_TOLGA,,0,Ben sadece evime dönmek istiyorum. Pazartesi toplantım var. Kimse beni aramaz ama... ben orada olmak istiyorum.,"I just want to go home. I've a meeting on Monday. Nobody will miss me, but... I want to be there.",oyun
D11_T_INSURANCE,11,SPK_TOLGA,,0,"Bir risk analizi yapalım. Beni tutuklarsanız: bir form, üç nüsha, bir Bekleme Salonu. Bırakırsanız: sıfır form.","Let's do a risk analysis. Arrest me: one form, three copies, one Waiting Room. Let me go: zero forms.",oyun
D11_T_RELEASE,11,SPK_TOLGA,,0,Teşekkürler. Siz... iyi bir memursunuz. Bu bir iltifat. Sanırım.,Thank you. You're... a good civil servant. That's a compliment. I think.,oyun
D11_T_RUN,11,SPK_TOLGA,,0,(Ateşin etrafından dolanıp karanlığa koşar),(Runs round the fire and into the dark),oyun
D11_T_SAW_FLY,11,SPK_TOLGA,,0,Siz... uçtunuz mu? Az önce gökte bir fötr şapka vardı. Sizin fötr şapka.,You... were you flying? There was a fedora in the sky just now. Your fedora.,kod
D11_T_SURRENDER,11,SPK_TOLGA,,0,Tamam. Teslim oluyorum. En azından formu doldurmayı bitirelim.,All right. I give up. Let's at least finish filling in the form.,oyun
D12B_H_RADIO,12,SPK_HIKMET,,0,"(Telsiz, çok uzaktan) Evlât... pencere yarın sabah. 07:15. Hazır ol.","(Radio, very far away) Son... the window's tomorrow morning. 07:15. Be ready.",oyun
D12B_H_RADIO_DUSK,12,SPK_HIKMET,,0,"(Telsiz, çok uzaktan) Evlât... pencereyi son dakikaya aldım: 07:29. Senin orada güneş batarken açılacak. Yani birazdan. Hazır ol.","(Radio, very far away) Son... I've pushed the window to the last minute: 07:29. At your end it opens as the sun goes down. So, shortly. Be ready.",varyant
D12B_K_01,12,SPK_EMPEROR,,0,Frenk. Gelmişsin. Theodoros seni yine beyaz bayrakla içeri aldı. Bu şehirde kurallar senin için esniyor.,Frank. You came. Theodoros brought you in under the white flag again. This city bends its rules for you.,oyun
D12B_K_03,12,SPK_EMPEROR,,0,Bak. Güneş Sultan'ın çadırlarının üstüne batıyor. Bin yıldır her akşam bu surlara batıyor.,Look. The sun is setting over the Sultan's tents. For a thousand years it has set over these walls every evening.,oyun
D12B_K_CANT_SAY,12,SPK_EMPEROR,,0,(Başını sallar) Doğru cevap. Bilmemek bazen en büyük lütuftur.,(Nods) The right answer. Sometimes not knowing is the greatest mercy.,oyun
D12B_K_COUNT,12,SPK_EMPEROR,[tired],1,Kuşatmadan önce Sfrancis'e surları tutabilecek adamları saydırdım. Dört bin yedi yüz yetmiş üç Rum. Yabancılarla birlikte beş bin bile değil. Bu sayıyı ondan başka kimse bilmiyor. Şimdi sen de biliyorsun.,Before the siege I had Sphrantzes count the men who could hold the walls. Four thousand seven hundred and seventy-three Greeks. Not even five thousand with the foreigners. No one knows that number but him. Now you do too.,kod
D12B_K_COUNT2,12,SPK_EMPEROR,[sad],1,"Saymadım. Saymak istemedim. Ateşlerini sayıyorum, o yetiyor.",I didn't count them. I didn't want to. I count their fires. That is enough.,kod
D12B_K_DONE_1,12,SPK_EMPEROR,,0,Theodoros bana dün gece surdaki gediği yapışkan bezle sağlamlaştırdığını söyledi. Garip bir hediye. Ama bir hediye.,Theodoros told me that last night you reinforced the breach in our wall with sticky cloth. A strange gift. But a gift.,oyun
D12B_K_DONE_2,12,SPK_EMPEROR,,0,"Bir gedik kapanmış, bir komutanın omzu ısınmış. Garip hediyeler, Frenk. Ama hediyeler.","A breach closed, a commander's shoulder warmed. Strange gifts, Frank. But gifts.",oyun
D12B_K_DONE_3,12,SPK_EMPEROR,,0,"Bir gedik, bir omuz, bir de sabaha kadar leblebi çiğneyen nöbetçiler. Bu şehir hiç böyle savunulmamıştı.","A breach, a shoulder, and guards chewing chickpeas until dawn. This city has never been defended quite like this.",oyun
D12B_K_END,12,SPK_EMPEROR,,0,"Bir şehrin kaderini bir adam değiştirmez, yabancı. Ama bir akşamı değiştirebilir. Teşekkür ederim.","One man does not change the fate of a city, stranger. But he can change an evening. Thank you.",oyun
D12B_K_LIE,12,SPK_EMPEROR,,0,"(Uzun bakar) Yalan söylüyorsun, Frenk. Ama iyi niyetle söylüyorsun. Teşekkür ederim.","(A long look) You are lying, Frank. But you lie kindly. Thank you.",oyun
D12B_K_Q,12,SPK_EMPEROR,,0,"Söyle bana, gelecekten gelen. Yaptığın şey yetecek mi?","Tell me, you who came from the future. Will what you have done be enough?",oyun
D12B_K_SHIPS,12,SPK_EMPEROR,,0,"Dört gün önce Sultan gemilerini tepelerin üstünden Haliç'e yürüttü. Yağlanmış kızaklarla, bir gece boyunca. Gemiler karada yürüdü, Frenk. Artık hiçbir şeye şaşırmıyorum.","Four days ago the Sultan marched his ships over the hills into the Golden Horn. On greased slipways, in a single night. Ships walked on land, Frank. Nothing surprises me anymore.",kod
D12B_K_WALK,12,SPK_EMPEROR,,0,"(Sfrancis'e döner) Gel, Yorgi. Surları dolaşalım. Her akşamki gibi.","(Turns to Sphrantzes) Come, Georgios. Let us walk the walls. As every evening.",kod
D12B_K_YEAR,12,SPK_EMPEROR,,0,"Bir yıl. Bir şehir için kısa, bir insan için uzun. Kabul ediyorum.","A year. Short for a city, long for a man. I accept it.",oyun
D12B_T_02,12,SPK_TOLGA,,0,"Çağırdınız, Majeste.","You sent for me, Your Majesty.",oyun
D12B_T_04,12,SPK_TOLGA,,0,"(Ordugâh. Ateşler yanmaya başlıyor. Tolga bir yerde, o ateşlerden birinin başında Kadri'nin çorba karıştırdığını biliyor.)","(The camp. The fires are coming alight. Somewhere down there, Tolga knows, Kadri is stirring soup over one of them.)",oyun
D12B_T_04_PLAIN,12,SPK_TOLGA,,0,(Ordugâh. Ateşler yanmaya başlıyor. Ateşlerin birinin başında biri çorba karıştırıyor; kokusu surlara kadar geliyor.),(The camp. The fires are coming alight. By one of them someone is stirring soup; the smell reaches all the way to the walls.),ad
D12B_T_CANT_SAY,12,SPK_TOLGA,,0,"Bunu size söyleyemem, Majeste.","I can't tell you that, Your Majesty.",oyun
D12B_T_COUNT,12,SPK_TOLGA,,0,"Karşıdakiler kaç kişi, Majeste?","And how many are over there, Your Majesty?",kod
D12B_T_LIE,12,SPK_TOLGA,,0,"Yetecek, Majeste. Şehriniz kurtulacak.","It will, Your Majesty. Your city will be saved.",oyun
D12B_T_RADIO,12,SPK_TOLGA,,0,"Hazırım, Hikmet Amca. Sanırım.","I'm ready, Uncle Hikmet. I think.",oyun
D12B_T_SHIPS,12,SPK_TOLGA,,0,(O kızaklardan birinden aşağı kaydığını hatırlar. Bir şey demez.),(He remembers sliding down one of those slipways. He says nothing.),kod
D12B_T_YEAR,12,SPK_TOLGA,,0,Belki size bir yıl kazandırır. Belki de sadece bir gün.,Perhaps it'll buy you a year. Or perhaps just a day.,oyun
D12_END_12_1_1,12,SPK_FATIH,,0,Doğru cevap.,The right answer.,oyun
D12_END_12_1_2,12,SPK_TOLGA,,0,...Öyle mi?,...Is it?,oyun
D12_END_12_1_3,12,SPK_FATIH,,0,"Geleceği bilen adam onu söylemez. Söylerse gelecek olmaz, sadece dedikodu olur. Hediyelerini al, Tolga. Evine dön.","A man who knows the future doesn't tell it. If he does, it stops being the future and becomes gossip. Take your gifts, Tolga. Go home.",oyun
D12_END_12_1_3_NONAME,12,SPK_FATIH,,0,"Geleceği bilen adam onu söylemez. Söylerse gelecek olmaz, sadece dedikodu olur. Hediyelerini al, yabancı. Evine dön.","A man who knows the future doesn't tell it. If he does, it stops being the future and becomes gossip. Take your gifts, stranger. Go home.",varyant
D12_END_12_2_1,12,SPK_FATIH,,0,Leblebi... kitapta yazıyormuş. Askere moral yemeği olacak.,Leblebi... it seems it's written in the book. It will be a morale food for the army.,oyun
D12_END_12_2_2,12,SPK_TOLGA,,0,"Sultanım, yani ben... tarihi değiştirdim mi?","Your Majesty, so I... have I changed history?",oyun
D12_END_12_2_3,12,SPK_FATIH,,0,Tarihi değil. Menüyü. Bazen ikisi aynı şeydir.,Not history. The menu. Sometimes they're the same thing.,oyun
D12_END_12_3_1,12,SPK_FATIH,,0,"Altı ay benim, altı ay onun. ...Hayır.","Six months mine, six months his. ...No.",oyun
D12_END_12_3_2,12,SPK_TOLGA,,0,Ama bakım masrafları—,But the maintenance costs—,oyun
D12_END_12_3_3,12,SPK_FATIH,,0,Hayır. İki hükümdara da hayır dedirttin. Bunu kimse başaramazdı. Galata'ya git. Orada seni anlarlar.,No. You've made two rulers say no. Nobody else could have managed that. Go to Galata. They'll understand you there.,oyun
D12_END_12_4_1,12,SPK_FATIH,,0,"(Telsiz-Kumanda'yı alır, kapağını açar. Üç dakika.) Bu kablo buraya değil, buraya. Bu bant... bant kalsın. İşte.","(Takes the Radio-Remote and opens it up. Three minutes.) This wire doesn't go here, it goes here. This tape... leave the tape. There.",oyun
D12_END_12_4_2,12,SPK_TOLGA,,0,Çalışıyor mu?,Does it work?,oyun
D12_END_12_4_3,12,SPK_FATIH,,0,"Sizin zamanınızda tamirciler kaç yaşında? ...Git, Tolga. Tam doğru zamana.","How old are the repairmen in your time? ...Go, Tolga. To exactly the right time.",oyun
D12_END_12_4_3_NONAME,12,SPK_FATIH,,0,"Sizin zamanınızda tamirciler kaç yaşında? ...Git, yabancı. Tam doğru zamana.","How old are the repairmen in your time? ...Go, stranger. To exactly the right time.",varyant
D12_END_12_5_1,12,SPK_FATIH,,0,Mutfak danışmanı Tolga. Kadri'nin yanında sana iyi bakarlar.,"Tolga, adviser to the kitchen. They'll look after you well with Kadri.",oyun
D12_END_12_5_1_NONAME,12,SPK_FATIH,,0,Yabancıyı mutfak danışmanı yapıyorum. Kadri'nin yanında sana iyi bakarlar.,I'm making the stranger an adviser to the kitchen. They'll look after you well with Kadri.,varyant
D12_END_12_5_2,12,SPK_TOLGA,,0,"Sultanım, bir dahaki sefere daha iyi hazırlanırım.","Your Majesty, next time I'll come better prepared.",oyun
D12_END_12_5_3,12,SPK_FATIH,,0,Bir dahaki sefere... gecelikli ihtiyarı da getir. Makinesini merak ettim.,Next time... bring the old man in the nightgown. I'm curious about his machine.,oyun
D12_END_12_5_3_NOH,12,SPK_FATIH,,0,Bir dahaki sefere... seni gönderen ustayı da getir. Onu merak ettim.,Next time... bring the master who sent you. I'm curious about him.,varyant
D12_END_12_6_1,12,SPK_FATIH,,0,"(Hikmet'le yere çömelmiş, halkaların çizimine bakıyor) Burada dişli değil, kayış olmalı. Kayış kaymaz mı?","(Crouched on the floor beside Hikmet, studying a drawing of the rings) This should be a belt, not a gear. Won't the belt slip?",oyun
D12_END_12_6_2,12,SPK_HIKMET,,0,"Kayar, Sultanım. Koli bandıyla sabitliyoruz.","It slips, Your Majesty. We fix it with duct tape.",oyun
D12_END_12_6_3,12,SPK_FATIH,,0,Mühendisler meclisi. Bunu her sabah toplayalım. ...Siz gidene kadar.,A council of engineers. Let us meet every morning. ...Until you leave.,oyun
D12_F_01,12,SPK_FATIH,,0,Gelecekten gelen adam. Sorucu Ağa senin için 'soruya soruyla cevap veriyor' dedi. Burada soruları ben sorarım. Cevapları da dinlerim. Dikkatle.,"The man from the future. The Questioning Agha says you 'answer a question with a question'. Here, I ask the questions. And I listen to the answers. Carefully.",oyun
D12_F_01_ARCHIVE,12,SPK_FATIH,,0,"Formun adamı. O Nihat Efendi'nin kâğıdında 'Zaman Bürosu' yazıyordu. Zamanın bürosu olur mu? Olursa, sen oradan geldin. Burada soruları ben sorarım. Cevapları da dinlerim. Dikkatle.","The man with the form. That Nihat Efendi's paper said 'Time Bureau'. Can time have a bureau? If it can, that is where you came from. Here, I ask the questions. And I listen to the answers. Carefully.",ad
D12_F_01_GATEFAIL,12,SPK_FATIH,,0,Kapıdan üç kez geri dönen adam. Sonunda mutfaktan girdin. Kapıda ceplerini de boşalttılar: konuşan bir kutu ve hiçbir ustamın yapamayacağı şeyler. Ya çok uzaktan geldin ya da çok ileriden. Burada soruları ben sorarım. Cevapları da dinlerim. Dikkatle.,"The man turned back three times at the gate. In the end you came in through the kitchen. At the gate they emptied your pockets too: a talking box, and things none of my craftsmen could make. Either you came from very far away, or from very far ahead. Here, I ask the questions. And I listen to the answers. Carefully.",ad
D12_F_01_HEYET,12,SPK_FATIH,,0,Heyetimle surların içine giren Frenk. Lütfi her şeyi anlattı; anlatabildiği kadarını. Ya çok uzaktan geldin ya da çok ileriden. Burada soruları ben sorarım. Cevapları da dinlerim. Dikkatle.,"The Frank who went inside the walls with my embassy. Lütfi told me everything; as much as he could manage. Either you came from very far away, or from very far ahead. Here, I ask the questions. And I listen to the answers. Carefully.",ad
D12_F_01_HIKMET,12,SPK_FATIH,,0,"Gelecekten gelen adam. Bu ihtiyar sabahtan beri anlatıyor: seni bir makineyle göndermiş, sonra da peşinden düşmüş. İnanayım mı, bilmiyorum. Burada soruları ben sorarım. Cevapları da dinlerim. Dikkatle.","The man from the future. This old man has been telling me since morning: he sent you with a machine, and then fell in after you. Whether to believe him, I do not know. Here, I ask the questions. And I listen to the answers. Carefully.",ad
D12_F_01_HONEST,12,SPK_FATIH,,0,Sorucu Ağa anlattı: o kapıda ilk kez biri 'bilmiyorum' demiş. Kapıda ceplerini de boşalttılar: konuşan bir kutu ve hiçbir ustamın yapamayacağı şeyler. Ya çok uzaktan geldin ya da çok ileriden. Burada soruları ben sorarım. Cevapları da dinlerim. Dikkatle.,"The Questioner Agha told me: for the first time at that gate, someone said 'I don't know'. At the gate they emptied your pockets too: a talking box, and things none of my craftsmen could make. Either you came from very far away, or from very far ahead. Here, I ask the questions. And I listen to the answers. Carefully.",ad
D12_F_01_KITCHEN,12,SPK_FATIH,,0,Mutfağımı yakan adam. Kadri yine de seni korudu: 'Ateşi bile şaşırttı' dedi. Ya çok uzaktan geldin ya da çok ileriden. Burada soruları ben sorarım. Cevapları da dinlerim. Dikkatle.,"The man who set my kitchen on fire. Kadri still stood up for you: 'He even surprised the fire,' he said. Either you came from very far away, or from very far ahead. Here, I ask the questions. And I listen to the answers. Carefully.",ad
D12_F_01_LETTER,12,SPK_FATIH,,0,"Çandarlı'nın mektubunu getiren adam. Okudum. Senden de söz ediyor: 'üstünde kimsenin görmediği bir kılık, cebinde konuşan bir kutu.' Ya çok uzaktan geldin ya da çok ileriden. Burada soruları ben sorarım. Cevapları da dinlerim. Dikkatle.","The man who brought Çandarlı's letter. I have read it. It mentions you too: 'on him a garb no one has ever seen, in his pocket a talking box.' Either you came from very far away, or from very far ahead. Here, I ask the questions. And I listen to the answers. Carefully.",ad
D12_F_01_MINE,12,SPK_FATIH,,0,"Lağımdan çıkan adam. Dragan senin için 'toprağın altında bile korkmuyor, sadece çok konuşuyor' dedi. Ya çok uzaktan geldin ya da çok ileriden. Burada soruları ben sorarım. Cevapları da dinlerim. Dikkatle.","The man who came up out of the mine. Dragan said of you: 'he isn't afraid even under the ground, he just talks a lot.' Either you came from very far away, or from very far ahead. Here, I ask the questions. And I listen to the answers. Carefully.",ad
D12_F_01_POCKETS,12,SPK_FATIH,,0,Adamlarım ceplerini boşalttı: konuşan bir kutu ve hiçbir ustamın yapamayacağı şeyler. Ya çok uzaktan geldin ya da çok ileriden. Burada soruları ben sorarım. Cevapları da dinlerim. Dikkatle.,"My men emptied your pockets: a talking box, and things none of my craftsmen could make. Either you came from very far away, or from very far ahead. Here, I ask the questions. And I listen to the answers. Carefully.",ad
D12_F_01_RIGHT,12,SPK_FATIH,,0,Sorucu Ağa üç soruya da düzgün cevap verdiğini söyledi; o kapıda nadir olur. Kapıda ceplerini de boşalttılar: konuşan bir kutu ve hiçbir ustamın yapamayacağı şeyler. Ya çok uzaktan geldin ya da çok ileriden. Burada soruları ben sorarım. Cevapları da dinlerim. Dikkatle.,"The Questioner Agha says you answered all three questions properly; that is rare at that gate. At the gate they emptied your pockets too: a talking box, and things none of my craftsmen could make. Either you came from very far away, or from very far ahead. Here, I ask the questions. And I listen to the answers. Carefully.",ad
D12_F_01_TWIST,12,SPK_FATIH,,0,Sorucu Ağa senin için 'soruya soruyla cevap veriyor' dedi. Kapıda ceplerini de boşalttılar: konuşan bir kutu ve hiçbir ustamın yapamayacağı şeyler. Ya çok uzaktan geldin ya da çok ileriden. Burada soruları ben sorarım. Cevapları da dinlerim. Dikkatle.,"The Questioner Agha said of you: 'he answers a question with a question'. At the gate they emptied your pockets too: a talking box, and things none of my craftsmen could make. Either you came from very far away, or from very far ahead. Here, I ask the questions. And I listen to the answers. Carefully.",ad
D12_F_01_URBAN,12,SPK_FATIH,,0,Urban'ın Frenk çırağı. Topun başında hiçbir ustamın bilmediği bir yolla hesap yapıyordun; Urban bile şaşırmış. Ya çok uzaktan geldin ya da çok ileriden. Burada soruları ben sorarım. Cevapları da dinlerim. Dikkatle.,"Urban's Frankish apprentice. At the cannon you did your sums in a way none of my craftsmen know; even Urban was astonished. Either you came from very far away, or from very far ahead. Here, I ask the questions. And I listen to the answers. Carefully.",ad
D12_F_AGAIN,12,SPK_FATIH,,0,Yine sen. Mutfak sana iyi gelmiş. Tekrar soruyorum: kimsin?,You again. The kitchen has done you good. I ask again: who are you?,oyun
D12_F_ALL,12,SPK_FATIH,,0,"Sizin zamanınızda herkes mi böyle gelir? Gecelikle, formla ve fesle?","In your time, does everyone come like this? In a nightgown, with a form, and in a fez?",kod
D12_F_ALL_NOFEZ,12,SPK_FATIH,,0,"Sizin zamanınızda herkes mi böyle gelir? Gecelikle, formla ve başı açık?","In your time, does everyone come like this? In a nightgown, with a form, and bare-headed?",varyant
D12_F_CANDARLI,12,SPK_FATIH,[laughs],0,"(Okur, gülümsemez) Halil Paşa. Barış istiyor. Her zaman barış istiyor. ...Mektubu getirdiğin için teşekkür ederim. Halil Paşa etmeyecek.",(Reads it; does not smile) Halil Pasha. He wants peace. He always wants peace. ...Thank you for bringing me the letter. Halil Pasha won't thank you.,kod
D12_F_CANNON,12,SPK_FATIH,,0,"Urban'ın topu üç günde bir çatlıyor. Gelecekten gelen adam, sen ne dersin?","Urban's cannon cracks every three days. Man from the future, what do you say?",oyun
D12_F_CANNON_A,12,SPK_FATIH,,0,(Katibe döner) Yaz. Yavaş soğuma. Kalın namlu. (Tolga'ya) Urban bunu üç haftadır bana anlatamadı.,(Turns to the scribe) Write it down. Slow cooling. Thick barrel. (To Tolga) Urban has failed to explain this to me for three weeks.,oyun
D12_F_CANNON_B,12,SPK_FATIH,,0,Geçici çözümle şehir alınmaz. Ama bandı gördüm. Güzel bant.,You don't take a city with a temporary fix. But I've seen the tape. Good tape.,ad
D12_F_CANNON_C,12,SPK_FATIH,,0,Urban da öyle diyor. Urban'ı dinlemiyorum.,Urban says the same. I don't listen to Urban.,oyun
D12_F_CANNON_D,12,SPK_FATIH,,0,Hasar tespiti. Kötü bir şey olduktan sonra gelen adam. Dürüst bir cevap.,Assessing damage. The man who comes after the bad thing has happened. An honest answer.,ad
D12_F_CONFESS,12,SPK_FATIH,,0,Bir imparatorun mektubunu açıp bana söyleyen ilk adamsın. Muhtemelen son adam da.,"You're the first man to open an emperor's letter and then tell me so. Probably the last, too.",kod
D12_F_CUBE_2,12,SPK_FATIH,,0,Otuz yıl mı?,Thirty years?,oyun
D12_F_FRANK,12,SPK_FATIH,,0,(Eşyaları bırakır) Bunların hiçbiri bir Frenk diyarından gelmedi. Sen başka bir zamandansın. ...Bonjour.,(Sets the things down) None of these came from any Frankish land. You are from another time. ...Bonjour.,kod
D12_F_HIDE,12,SPK_FATIH,,0,Yol engebeliydi. Anlıyorum. (Anladığı her hâlinden belli),The way was bumpy. I understand. (It's quite clear that he does),kod
D12_F_HIKMET_1,12,SPK_FATIH,,0,Yanındaki yaşlı adam... gecelik giymiş. Sizin zamanınızda saraya gecelikle mi gelinir?,"The old man beside you... is wearing a nightgown. In your time, does one come to court in nightclothes?",oyun
D12_F_HIKMET_3,12,SPK_FATIH,,0,Kabahatini söyleyen adam. Nadir görülür. Kal. Dinle.,A man who admits his fault. That is rare. Stay. Listen.,oyun
D12_F_ITEMS,12,SPK_FATIH,,0,Yanında getirdiklerini göster. Gelecek elinde ne taşıyor?,Show me what you've brought. What does the future carry in its hands?,oyun
D12_F_ITEMS_B,12,SPK_FATIH,,0,Frenk değilsin. Yanında getirdiklerini göster; ne olduğunu onlar söylesin.,You are no Frank. Show me what you've brought; let them tell me what you are.,kod
D12_F_ITEM_BOOK,12,SPK_FATIH,,0,(Sayfaları çevirir) Burnumu büyük çizmişler. ...Bütün bir hayatı iki satıra sığdırmışlar.,(Turning pages) They've made my nose rather large. ...And fit an entire life into two lines.,oyun
D12_F_ITEM_CHICKPEAS,12,SPK_FATIH,,0,"Kavrulmuş nohut. Askerin taşıması kolay, bozulmaz. Bunu kim düşündü?","Roasted chickpeas. Light for a soldier to carry, and they keep. Whose idea was this?",oyun
D12_F_ITEM_COLOGNE,12,SPK_FATIH,,0,(Elini uzatır) Limon. Güzel bir âdet. Sizin zamanınızda herkes bunu mu yapıyor?,(Holds out his hands) Lemon. A pleasant custom. Is this done by everyone in your time?,ad
D12_F_ITEM_CUBE,12,SPK_FATIH,,0,"(Küpü çevirir. Kırk saniye.) Altı yüz, dokuz parça, bir kural. ...İşte.","(Turns the cube. Forty seconds.) Six faces, nine pieces, one rule. ...There.",oyun
D12_F_ITEM_LIGHTER,12,SPK_FATIH,,0,"Çakmaktaşıyla demir, küçültülmüş. Güzel. Ama savaşları çakmak kazanmaz.","Flint and steel, made small. Clever. But wars aren't won with lighters.",ad
D12_F_ITEM_PHONE,12,SPK_FATIH,[hesitant],0,"Işık saçan bir levha, hesap yapıyor. Nasıl çalıştığını anlat. ...Anlatamıyor musun? Taşıdığın şeyi bilmiyorsun. Yine de... hesap makinesi. Güzel.",A glowing tablet that calculates. Explain how it works. ...You can't? You carry a thing you don't understand. Still... a calculating machine. Fine work.,oyun
D12_F_ITEM_POWERBANK,12,SPK_FATIH,,0,Taş gibi ama taş değil. İçinde ne var?,"Like a stone, yet not a stone. What's inside?",ad
D12_F_ITEM_SELFIE,12,SPK_FATIH,,0,Bu bir asa mı? Sorucu Ağa asalı adamlara bir soru eksik sorar. Ben sormam.,Is this a staff? The Questioning Agha asks men with staffs one question fewer. I don't.,ad
D12_F_ITEM_TAPE,12,SPK_FATIH,,0,"Yapışıyor, kopuyor, yine yapışıyor. Her mühendisin rüyası. Kaç tane var?","It sticks, it tears, it sticks again. Every engineer's dream. How much do you have?",oyun
D12_F_ITEM_THERMOS,12,SPK_FATIH,,0,Sıcağı saklayan bir kap. İlginç. Tadı ise... Sizin zamanınızda bunu herkes mi içiyor?,A vessel that keeps its heat. Curious. And the taste... Does everyone in your time drink this?,ad
D12_F_KEY,12,SPK_FATIH,,0,"Madem gelecektensin, söyle bakalım. Bu şehir alınacak mı?","Since you are from the future, tell me. Will this city be taken?",oyun
D12_F_KEY_BOOK,12,SPK_FATIH,,0,Cevabı o kitaba mı soruyorsun? (Bekler) Kitap ne derse desin. Ben seni dinliyorum.,You're asking that book for the answer? (Waits) Whatever the book says. I'm listening to you.,kod
D12_F_KEY_B_NO,12,SPK_FATIH,,0,Salı. (Katibe) Yazma. ...Geleceği bilen adam her şeyi bozar. Ama sen iyi bir adamsın. İyi adamlar mutfakta işe yarar.,Tuesday. (To the scribe) Don't write that down. ...A man who knows the future spoils everything. But you're a good man. Good men are useful in the kitchen.,kod
D12_F_KEY_C_NO,12,SPK_FATIH,,0,"Hayır. (Kısa, net) Mutfağa.","No. (Short, final) To the kitchen.",kod
D12_F_KEY_SILENT,12,SPK_FATIH,,0,Sessizlik. ...Sessizlik de bir cevaptır. Çoğu zaman en doğrusu.,Silence. ...Silence is also an answer. Often the truest one.,kod
D12_F_KITCHEN,12,SPK_FATIH,,0,Yeterince merak etmedim. Sana bir unvan vereceğim: danışman. Mutfakta danışman. Kadri seni bekliyor.,I haven't grown curious enough. I'll give you a title: adviser. Adviser to the kitchen. Kadri is waiting for you.,oyun
D12_F_LETTER,12,SPK_FATIH,,0,(Okur. Uzun süre.) ...'Hepimiz kendi isteğimizle ölmeye karar verdik.' (Mektubu katlar) Onu gördün. Nasıl bir adam?,"(Reads. For a long time.) ...'We have all decided, of our own free will, to die.' (Folds the letter) You saw him. What kind of man is he?",oyun
D12_F_MACHINE,12,SPK_FATIH,,0,"(Öne eğilir) Halkalar. Ne ile döner? Dişli mi, kayış mı? (Tolga'yı unutmuş gibi)",(Leans forward) The rings. What turns them? Gears or a belt? (As if he has forgotten Tolga),oyun
D12_F_NIHAT_2,12,SPK_FATIH,,0,(Okur) ...Üçüncü satırda 'Konstantinopolis' yanlış yazılmış. Bir 'n' eksik.,"(Reads) ...On the third line, 'Constantinople' is misspelt. There's an 'n' missing.",oyun
D12_F_POWERBANK_2,12,SPK_FATIH,,0,(Not alır) Elektrik.,(Noting it down) Electricity.,kod
D12_F_RETRY,12,SPK_FATIH,,0,Mutfaktan dönen adam. Kadri seni övdü. Kadri kimseyi övmez. Bir kez daha deneyelim.,The man back from the kitchen. Kadri praised you. Kadri praises no one. Let us try once more.,oyun
D12_F_SEAL,12,SPK_FATIH,,0,Mühür kırık.,The seal is broken.,kod
D12_F_SELFIE_2,12,SPK_FATIH,,0,(Ekrana bakar) Ressamım var. Ama... kendi yüzümü bu kadar küçük görmemiştim.,(Looking at the screen) I have a painter. But... I've never seen my face so small.,kod
D12_F_TEZKIRE,12,SPK_FATIH,,0,Bir şey daha. Bu tezkire seninle. Ordugâhta tuğramı tanımayan yoktur; yolunu kesen olursa göster.,"One more thing. This warrant goes with you. There's no one in the camp who doesn't know my tughra; if anyone blocks your way, show it.",ad
D12_F_TEZKIRE_HIKMET,12,SPK_FATIH,,0,Bir şey daha. Bu tezkire seninle. İhtiyara da yazdırırdım ama geceliğin cebi yok.,"One more thing. This warrant goes with you. I'd have one written for the old man too, but a nightgown has no pockets.",kod
D12_F_WHO,12,SPK_FATIH,,0,Kimsin? Ve neden buradasın?,Who are you? And why are you here?,oyun
D12_F_WHO_A,12,SPK_FATIH,,0,Sigortacı. Yani kötü şeyler olmadan önce para toplayan adam. İlginç bir meslek. Biraz da cesur.,"Insurance. So, a man who collects money before bad things happen. An interesting profession. Rather bold, too.",kod
D12_F_WHO_B,12,SPK_FATIH,,0,Frenk elçileri Frenkçe konuşur. Sen bir kelime konuştun. Aynı kelimeyi iki kez.,"Frankish envoys speak Frankish. You spoke one word. The same word, twice.",oyun
D12_F_WHO_C,12,SPK_FATIH,[hesitant],0,(Uzun bir sessizlik) ...Bu otağa her gün biri gelir ve her şeyi bildiğini söyler. Sen ilk defa bilmediğini söyleyensin. Otur. ...Ayakta dur. Ama yaklaş.,(A long silence) ...Every day someone comes into this tent and claims to know everything. You are the first to say you know nothing. Sit. ...Stand. But come closer.,oyun
D12_H_02,12,SPK_HIKMET,,0,"Pijama değil, Sultanım. Gece mesaisi kıyafeti. Makineyi ben yaptım. Evlâdı ben gönderdim. Kabahat bende.","They're not pyjamas, Your Majesty. Night-shift wear. I built the machine. I sent the lad. The fault is mine.",oyun
D12_H_ALREADY,12,SPK_HIKMET,,0,"Sonra anlatırım evlât. Sabah buraya düştüm, o zamandan beri anlatıyorum. Sen şimdi cevap ver; ben arkandayım.","I'll explain later, son. I fell in here this morning, and I've been talking ever since. You answer now; I'm right behind you.",kod
D12_H_MACHINE,12,SPK_HIKMET,,0,"Sultanım, müsaade ederseniz: makine. İki halka, bir huni, koli bandı. Zamanı büker. Kasnağı...","Your Majesty, if I may: the machine. Two rings, a funnel, duct tape. It bends time. The pulley...",oyun
D12_K_01,12,SPK_KADRI,,0,"Danışman! Otağdan danışman gelmiş! Ne danışacaksın? Soğan mı doğrayacaksın, akıl mı vereceksin?",An adviser! An adviser from the imperial tent! What'll you advise? Will you chop onions or give advice?,oyun
D12_K_03,12,SPK_KADRI,,0,"Git, geri dön. Sultan seni tekrar çağırıyor. Bu sefer düzgün konuş. Düzgün konuşamıyorsan dürüst konuş.","Go on, back you go. The Sultan's calling for you again. Speak properly this time. If you can't speak properly, speak honestly.",oyun
D12_N_01,12,SPK_NIHAT,,0,"(Bir form uzatır) Sultanım, Zaman Bürosu adına. Form Z-1453. Üç nüsha. Lütfen burayı imzalayın.","(Holds out a form) Your Majesty, on behalf of the Time Bureau. Form Z-1453. In triplicate. Please sign here.",oyun
D12_N_03,12,SPK_NIHAT,[scared],0,"(Gururla, titreyen sesle) ...Yazım hatası buldunuz. Kırk yıldır kimse formlarımı okumadı.","(Proudly, his voice trembling) ...You found a typo. In forty years nobody has ever read my forms.",oyun
D12_T_CANDARLI,12,SPK_TOLGA,,0,"Sultanım, bu mektup Çandarlı Halil Paşa'dan. Bana Galata'ya götürmemi söyledi. Ben size getirdim.","Your Majesty, this letter is from Çandarlı Halil Pasha. He told me to take it to Galata. I've brought it to you.",kod
D12_T_CANNON_A,12,SPK_TOLGA,,0,"Döküm yavaş soğumalı. Hızlı soğursa bronz gerilir, çatlar. Namluyu kalın, içini pürüzsüz yapın. Bunu... bir belgeselde duydum. Bu kısmı tam izledim.","The casting has to cool slowly. If it cools fast, the bronze is strained and it cracks. A thick barrel, a smooth bore. I heard that... in a documentary. I watched that part all the way through.",oyun
D12_T_CANNON_B,12,SPK_TOLGA,,0,Koli bandı. Geçici çözüm ama... sağlam bir geçici çözüm.,"Duct tape. A temporary fix, but... a solid temporary fix.",ad
D12_T_CANNON_C,12,SPK_TOLGA,[excited],0,Daha büyük yapın!,Make it bigger!,oyun
D12_T_CANNON_D,12,SPK_TOLGA,,0,Bilmiyorum. Ben sigortacıyım. Top konusunda sadece hasar tespiti yapabilirim.,"I don't know. I'm in insurance. When it comes to cannons, all I can do is assess the damage.",ad
D12_T_COLOGNE,12,SPK_TOLGA,,0,Bayramlarda.,On holidays.,kod
D12_T_CONFESS,12,SPK_TOLGA,,0,Ben açtım. Okudum. Özür dilerim. Merak ettim. Sigortacılar küçük harfleri okur.,I opened it. I read it. I'm sorry. I was curious. Insurance men read the small print.,kod
D12_T_CUBE,12,SPK_TOLGA,,0,Ben bununla otuz yıldır...,I've been at that for thirty years...,oyun
D12_T_ENTER,12,SPK_TOLGA,,0,"Otağın içi. Halılar, fenerler, altın. Ve karşımda... yirmi bir yaşında bir adam. Benden genç. Benden çok daha genç.","Inside the imperial tent. Carpets, lanterns, gold. And in front of me... a man of twenty-one. Younger than me. Much younger than me.",oyun
D12_T_ENTER_ARCHIVE,12,SPK_TOLGA,,0,Otağa ikinci kez giriyorum. İlkinde Nihat Bey'in formunu imzalatmaya gelmiştik. Bu sefer formsuz.,"My second time in this tent. The first time we came to get Mr Nihat's form signed. This time, no form.",ad
D12_T_ENTER_KITCHEN,12,SPK_TOLGA,,0,"Kadri beni mutfaktan alıp otağa getirdi. Önlüğüm hâlâ üstümde. Halılar, fenerler, altın. Ve karşımda yirmi bir yaşında bir adam.","Kadri brought me from the kitchen to the tent. I'm still wearing the apron. Carpets, lanterns, gold. And in front of me, a man of twenty-one.",ad
D12_T_ENTER_URBAN,12,SPK_TOLGA,,0,"Urban'ın ardından otağa girdim; bu sefer kapıda sıra beklemeden. Sultan topun başında beni görmüş: 'O Frenk çırağı getirin.' Halılar, fenerler, altın. Ve karşımda yirmi bir yaşında bir adam.","I came into the tent behind Urban; no queue at the gate this time. The Sultan saw me at the cannon: 'Bring me that Frankish apprentice.' Carpets, lanterns, gold. And in front of me, a man of twenty-one.",ad
D12_T_HIDE,12,SPK_TOLGA,,0,Yolda... kırılmış olmalı. Çok yol vardı. Engebeli.,It must have... broken on the way. It was a long way. Bumpy.,kod
D12_T_JEALOUS,12,SPK_TOLGA,,0,(Hikmet Amca'yla konuşuyor. Benimle değil. Ben de buradayım. Fesim de burada.),(He's talking to Uncle Hikmet. Not to me. I'm here too. So's my fez.),oyun
D12_T_JEALOUS_NOFEZ,12,SPK_TOLGA,,0,(Hikmet Amca'yla konuşuyor. Benimle değil. Ben de buradayım. Redingotumla buradayım.),(He's talking to Uncle Hikmet. Not to me. I'm here too. Me and my frock coat.),varyant
D12_T_KEY_A,12,SPK_TOLGA,,0,"Bunu size söyleyemem, Sultanım. Söylersem... o artık sizin kararınız olmaz. Benim olur. Ben de bir sigortacıyım.","That's something I can't tell you, Your Majesty. If I did... it would no longer be your decision. It would be mine. And I'm an insurance man.",oyun
D12_T_KEY_B,12,SPK_TOLGA,,0,Evet. 29 Mayıs'ta. Salı günü. Sabah. Kitabımda yazıyor.,Yes. On the 29th of May. A Tuesday. In the morning. It's in my book.,oyun
D12_T_KEY_B_NOBOOK,12,SPK_TOLGA,,0,Evet. 29 Mayıs'ta. Salı günü. Sabah. Lisede ezberlettiler.,Yes. On the 29th of May. A Tuesday. In the morning. They made us memorise it at school.,ad
D12_T_KEY_C,12,SPK_TOLGA,,0,"Şöyle düşünün: şehir altı ay sizin, altı ay İmparator'un. Ortak kullanım. Kimse kaybetmez. Bakım masrafları bölüşülür.",Think of it this way: the city is yours for six months and the Emperor's for six months. Shared use. Nobody loses. The maintenance costs are split.,oyun
D12_T_KEY_D,12,SPK_TOLGA,,0,"Sultanım, cevabı ben bilmiyorum. Ama Hikmet Amca'nın makinesi var. Birlikte bakarsanız... belki kimse soru sormadan eve dönebilirim.","Your Majesty, I don't know the answer. But Uncle Hikmet has a machine. If the two of you looked at it together... maybe I could go home without anyone having to ask questions.",oyun
D12_T_KEY_E,12,SPK_TOLGA,,0,"Sultanım, cevap vermeden önce size bir cihaz göstereyim. Telsiz-Kumanda. Koli bandıyla birleştirilmiş. Bozuk.","Your Majesty, before I answer, let me show you a device. The Radio-Remote. Held together with duct tape. It's broken.",oyun
D12_T_KEY_HMM,12,SPK_TOLGA,[hesitant],0,"Hmm... (Çantadan lise tarih kitabını çıkarır, sayfaları hızla karıştırır) Bir saniye... Bin dört yüz elli üç... Bin dört yüz elli üç...",Hmm... (Pulls the high-school history book out of the bag and flips through it fast) One second... Fourteen fifty-three... Fourteen fifty-three...,kod
D12_T_KITCHEN_END,12,SPK_TOLGA,,0,"Mutfak danışmanı. Sigortacıdan terfi mi, tenzili rütbe mi, bilemedim.","Kitchen adviser. From insurance, is that a promotion or a demotion? I really can't tell.",oyun
D12_T_K_02,12,SPK_TOLGA,,0,İkisini de denedim. Soğan daha kolay.,I've tried both. Onions are easier.,oyun
D12_T_LETTER,12,SPK_TOLGA,,0,"Sultanım, İmparator Konstantinos'un mektubu. Kendi elinden aldım.","Your Majesty, a letter from Emperor Constantine. I took it from his own hand.",oyun
D12_T_POWERBANK,12,SPK_TOLGA,,0,Elektrik.,Electricity.,kod
D12_T_SEE_HIKMET,12,SPK_TOLGA,[shouting],0,Hikmet Amca?! Pijamayla... Sultan'ın otağında?,Uncle Hikmet?! In pyjamas... in the Sultan's tent?,kod
D12_T_TEZKIRE,12,SPK_TOLGA,,0,Tuğralı bir kâğıt. Sigortacılıkta buna teminat mektubu derdik. Hiç bu kadar güzelini görmedim.,A paper with a tughra. In insurance we'd call this a letter of guarantee. I've never seen one this beautiful.,kod
D12_T_WHO_A,12,SPK_TOLGA,,0,Tolga. Sigortacıyım. 2026'dan. Yani... beş yüz yetmiş üç yıl sonrasından.,Tolga. I'm in insurance. From 2026. That's... five hundred and seventy-three years from now.,kod
D12_T_WHO_B,12,SPK_TOLGA,,0,Bonjour. Frenk elçisiyim. Frenkçe... bonjour.,Bonjour. I'm a Frankish envoy. In Frankish... bonjour.,oyun
D12_T_WHO_C,12,SPK_TOLGA,,0,"Aslında... hiçbir şey bilmiyorum. Bir garajdaydım, bir düğmeye bastılar, buraya düştüm. Sizi belgesellerden biliyorum ama belgeselleri de yarım izledim.","Honestly... I don't know anything. I was in a garage, someone pressed a button, and I fell here. I know you from documentaries, but I only half watched them.",oyun
D13_F_MISSED,13,SPK_FATIH,,0,"Gidemedin. ...Burada da bir yerin var, Tolga. Otur.","You couldn't go. ...There's a place for you here too, Tolga. Sit.",oyun
D13_F_MISSED_NONAME,13,SPK_FATIH,,0,"Gidemedin. ...Burada da bir yerin var, yabancı. Otur.","You couldn't go. ...There's a place for you here too, stranger. Sit.",kod
D13_H3_01,13,SPK_HIKMET,,0,"Evlât, Urban'ın topu. Bir de senin Telsiz-Kumanda. Topun gücünü kumandaya verirsek pencereyi buradan açarız.","Son, Urban's cannon. And your Radio-Remote. If we feed the cannon's power into the remote, we can open the window from here.",oyun
D13_H3_FAIL,13,SPK_HIKMET,,0,"Kaçırdık. Frekans gitti. ...Burada biraz daha kalacağız, evlât. Urban çay yapar mı?","We missed it. The frequency's gone. ...We'll be here a little longer, son. Does Urban make tea?",kod
D13_H3_MISSED,13,SPK_HIKMET,,0,"Kaçırdık... İkimiz de buradayız artık, evlât. Komşu olduk. Sen çayı demle, ben Urban'a bir tabure isteyeyim.","We missed it... We're both stuck here now, son. We're neighbours. You brew the tea, I'll ask Urban for a stool.",kod
D13_H3_OPEN,13,SPK_HIKMET,[shouting],0,Açıldı! Pencere açıldı! Çatlakta mavi bir ışık! Evlât!,It's open! The window's open! Blue light in the crack! Son!,oyun
D13_H3_STAY,13,SPK_HIKMET,[sad],0,"(Gözleri dolar) ...Git, evlât. Ben burada dans ederim. Top dökerek.","(His eyes fill) ...Go, son. I'll dance here. By casting cannons.",oyun
D13_H3_TOGETHER,13,SPK_HIKMET,,0,Tut elimi. Terliklerim çıkmasın.,Hold my hand. Mind my slippers stay on.,oyun
D13_H3_TUNE,13,SPK_HIKMET,,0,"Frekansı sen ayarla, evlât. Benim ellerim titriyor. Senin de titriyor ama daha genç titriyor.","You set the frequency, son. My hands are shaking. Yours are too, but they shake younger.",oyun
D13_H_01,13,SPK_HIKMET,,0,Pazartesi. 07:15. Servis 07:30'da. Evlâdın ofiste olması lazım. Kimse fark etmeyecek ama... olması lazım.,"Monday. 07:15. The bus is at 07:30. The lad needs to be at the office. Nobody will notice, but... he needs to be there.",oyun
D13_H_01_DUSK,13,SPK_HIKMET,,0,Pazartesi. 07:29. Servis 07:30'da. Bir dakika! Pencereyi son dakikaya aldım; evlât surlardaydı. Ofiste olması lazım.,Monday. 07:29. The bus is at 07:30. One minute! I pushed the window to the last minute; the lad was up on the walls. He needs to be at the office.,varyant
D13_H_02,13,SPK_HIKMET,,0,Makine hazır. Ben hazırım. Çay demlendi. Hadi bakalım.,"The machine's ready. I'm ready. The tea's brewed. Right, then.",oyun
D13_H_1977_2,13,SPK_HIKMET,,0,"(Genç Hikmet, utangaç) Sen kimsin? Fesli... Dans mı ediyorsun?","(Young Hikmet, shy) Who are you? In a fez... Are you dancing?",oyun
D13_H_1977_4,13,SPK_HIKMET,[shy] [nervous],1,(Genç Hikmet gözlüğünü düzeltir) ...Sarı elbiseli olan. Bana baktı. Kalkarsam herkes güler.,"(Young Hikmet adjusts his glasses) ...The one in the yellow dress. She looked at me. If I get up, everyone will laugh.",kod
D13_H_1977_6,13,SPK_HIKMET,[excited] [shouting],1,"(Halayın başından, mendili sallayarak) Fesli! Ne dikiliyorsun orada? Gel! Bu halayı sen başlattın!","(From the head of the halay, waving the handkerchief) Hey, fez! What are you standing there for? Come on! You started this halay!",kod
D13_H_BACK_1,13,SPK_HIKMET,[shouting],0,EVLÂT! Geldin! Fesin de geldi! Kaftanın da geldi!,SON! You're back! Your fez came too! And your kaftan!,oyun
D13_H_BACK_1_NOKAFTAN,13,SPK_HIKMET,[shouting],0,EVLÂT! Geldin! Fesin de geldi! Tek parça geldin!,SON! You're back! Your fez came too! You're in one piece!,kod
D13_H_BACK_3,13,SPK_HIKMET,,0,"07:26. Servis dört dakikaya burada. Git, evlât. Kimseye bir şey söyleme. Söylesen de inanmazlar.","07:26. The bus is here in four minutes. Go, son. Don't tell anyone. They wouldn't believe you anyway.",oyun
D13_H_BACK_3_DUSK,13,SPK_HIKMET,,0,"07:29 ve elli saniye. Servis köşeyi döndü. Koş, evlât! Kimseye bir şey söyleme. Söylesen de inanmazlar.","07:29 and fifty seconds. The bus is round the corner. Run, son! Don't tell anyone. They wouldn't believe you anyway.",varyant
D13_H_CARD,13,SPK_HIKMET,,0,(Kartı uzatır) Ajan H. Yönetmelik 7/c.,(Hands over the card) Agent H. Regulation 7/c.,oyun
D13_H_DEPOT_1,13,SPK_HIKMET,,0,"Büro deposu. Gri yağmurluk, laminasyonlu kart, altında pijama. Ajan H. görevde.","The Bureau depot. Grey raincoat, laminated card, pyjamas underneath. Agent H. on duty.",oyun
D13_H_FOUND,13,SPK_HIKMET,,0,"İşte orada. Makinem. Bir rafa konmuş, üstüne üç etiket yapıştırılmış. Kırk dokuz yılın emeği, üç etiket.","There it is. My machine. On a shelf, with three labels stuck on it. Forty-nine years of work, three labels.",oyun
D13_H_LEVER,13,SPK_HIKMET,,0,Kolu çekiyorum. Ellerim titremesin. Titriyor. Olsun.,I'm pulling the lever. Mustn't let my hands shake. They're shaking. Never mind.,oyun
D13_H_MISSED,13,SPK_HIKMET,,0,"(Telsiz, cızırtılı) Evlât... Kaçırdık. Yarın yeniden açarım. Yarın olmazsa ertesi gün. Dayan.","(Radio, crackling) Son... We missed it. I'll open it again tomorrow. If not tomorrow, the day after. Hold on.",oyun
D13_H_OPEN,13,SPK_HIKMET,[shouting],0,"PENCERE AÇIK! Evlât, duyuyor musun? Şimdi bas! Kırmızı düğme!","THE WINDOW'S OPEN! Son, can you hear me? Press it now! The red button!",oyun
D13_H_OPEN_THANKS,13,SPK_HIKMET,,0,Nihat Bey'e selam söyle. Çayı benden.,Give Mr Nihat my regards. The tea's on me.,kod
D13_H_PRESS,13,SPK_HIKMET,[shouting],0,(Telsiz) EVLÂT! BAS! Kırmızı düğme! Basılı tut!,(Radio) SON! PRESS IT! The red button! Hold it down!,oyun
D13_H_TOG_1,13,SPK_HIKMET,[shouting],0,Garaj! Benim garajım! Floresan hâlâ titriyor! Hiç bu kadar güzel titrememişti!,The garage! My garage! The fluorescent's still flickering! It's never flickered so beautifully!,oyun
D13_H_TOG_3,13,SPK_HIKMET,,0,"07:28. Koş, evlât. Ben çay koyarım. İki bardak. Bir de... Urban için bir tane. Alışkanlık.","07:28. Run, son. I'll pour the tea. Two glasses. And... one for Urban. Force of habit.",oyun
D13_H_TOG_3_DUSK,13,SPK_HIKMET,,0,"07:29 ve elli saniye. Koş, evlât. Ben çay koyarım. İki bardak. Bir de... Urban için bir tane. Alışkanlık.","07:29 and fifty seconds. Run, son. I'll pour the tea. Two glasses. And... one for Urban. Force of habit.",varyant
D13_H_TUNE,13,SPK_HIKMET,,0,Önce frekans. 1453. Bir derece kaçırırsam evlât başka bir yüzyıla düşer.,Frequency first. 1453. One degree off and the lad lands in a different century.,oyun
D13_H_TUNED,13,SPK_HIKMET,,0,1453. Tam isabet. Şimdi kol.,1453. Spot on. Now the lever.,oyun
D13_H_TUNE_DEPOT,13,SPK_HIKMET,,0,Makinem burada. Etiketinde 'Delil No: 1453-T' yazıyor. Frekans... çabuk.,My machine's here. The label says 'Evidence No: 1453-T'. The frequency... quickly.,oyun
D13_H_WRONG,13,SPK_HIKMET,[shouting],0,"Kaçırdım! Panel 1977 diyor. ...1977. O düğün. Neyse, açıyorum, zaman yok!","Missed it! The panel says 1977. ...1977. That wedding. Never mind, I'm opening it, there's no time!",oyun
D13_K_MISSED,13,SPK_KADRI,,0,Pencere mi kaçtı? Olsun. Soğan kaçmadı. Doğra.,Missed your window? Never mind. The onions haven't gone anywhere. Chop.,kod
D13_MECLIS_1,13,SPK_HIKMET,,0,"Fatih kayışı sevdi, evlât. Dişli yerine kayış. Kırk dokuz yıldır dişliyle uğraşıyordum.","Mehmed liked the belt, son. A belt instead of gears. I'd been struggling with gears for forty-nine years.",oyun
D13_MECLIS_2,13,SPK_TOLGA,,0,Mühendisler Meclisi. Ben de üyeyim. Fahri. Sigorta danışmanı olarak.,The Council of Engineers. I'm a member too. Honorary. As insurance adviser.,oyun
D13_N_MISSED,13,SPK_NIKO,,0,"Casus? Kırmızı düğme yanıp söndü, sen bakakaldın. Tamam. Kal. Zindan formunu birlikte doldururuz.",Spy? The red button flashed and you just stood there. Fine. Stay. We'll fill in the dungeon form together.,kod
D13_N_MISSED_STRANGER,13,SPK_NIKO,,0,"(Nöbetçi) Sen kimsin? Kırmızı düğme yanıp söndü, sen bakakaldın. Casus musun? ...Tamam. Kal. Ama gözüm üstünde.",(Sentry) Who are you? The red button flashed and you just stood there. A spy? ...Fine. Stay. But I've got my eye on you.,kod
D13_R_CARD,13,SPK_RIZA,,0,Kart lütfen.,"Card, please.",oyun
D13_R_CARD_OK,13,SPK_RIZA,,0,(Uzun uzun bakar) ...Fotoğrafta pijama var. Ama laminasyon kusursuz. Geçin. Laminasyona saygım var.,(Looks at it for a long time) ...There are pyjamas in the photo. But the lamination is flawless. Go through. I respect lamination.,oyun
D13_R_OPEN,13,SPK_RIZA,,0,Kapı açık. Nihat Bey açık bırakmış. 'Yaşlı bir beyefendi gelecek' dedi. Siz misiniz? Pijamayla?,The door's open. Mr Nihat left it open. He said 'an elderly gentleman will come'. Is that you? In pyjamas?,kod
D13_T3_02,13,SPK_TOLGA,,0,Topun gücünü mü? Topun gücü... patlama değil mi?,The cannon's power? Isn't the cannon's power... an explosion?,oyun
D13_T3_STAY,13,SPK_TOLGA,,0,"Sen kal, Hikmet Amca. Kırk dokuz yıl bekledin. Burası senin düğünün.","You stay, Uncle Hikmet. You waited forty-nine years. This is your wedding.",oyun
D13_T3_TOGETHER,13,SPK_TOLGA,,0,"Birlikte dönüyoruz, Hikmet Amca. Servis ikimizi de bekliyor. Seni değil ama olsun.","We're going back together, Uncle Hikmet. The bus is waiting for both of us. Well, not for you, but still.",oyun
D13_T_1977_1,13,SPK_TOLGA,[hesitant],0,...Burası neresi? Herkes dans ediyor. Bir çalgı var. Bir de... genç bir Hikmet Amca. Köşede. Oturuyor.,...Where is this? Everyone's dancing. There's a band. And... a young Uncle Hikmet. In the corner. Sitting down.,oyun
D13_T_1977_3,13,SPK_TOLGA,,0,"Hayır, Hikmet Amca. SEN dans ediyorsun. Kalk. Hadi.","No, Uncle Hikmet. YOU are dancing. Up you get. Come on.",oyun
D13_T_1977_5,13,SPK_TOLGA,,0,"Gülsünler. Yarın kimse hatırlamaz. Sen ise bu geceyi kırk dokuz yıl hatırlayacaksın. Kalk, Hikmet Amca.","Let them laugh. Tomorrow nobody will remember. But you'll remember tonight for forty-nine years. Get up, Uncle Hikmet.",kod
D13_T_1977_7,13,SPK_TOLGA,,0,"Ben sigortacıyım, Hikmet Amca. Halay kapsam dışı. ...Tamam, tamam. Geliyorum.","I'm an insurance man, Uncle Hikmet. Halay isn't covered. ...Alright, alright. I'm coming.",kod
D13_T_1977_8,13,SPK_TOLGA,,0,(Flaş patlar) Düğün fotoğrafçısı. Kırk dokuz yıl sonra bir garajın duvarında boş bir çerçeve olacak. Belki artık boş kalmaz.,(A flash goes off) The wedding photographer. Forty-nine years from now there'll be an empty frame on a garage wall. Maybe it won't stay empty.,kod
D13_T_BACK_2,13,SPK_TOLGA,,0,Hikmet Amca... Saat kaç?,Uncle Hikmet... What time is it?,oyun
D13_T_BACK_4,13,SPK_TOLGA,,0,Fesi çıkarayım mı?,Should I take the fez off?,oyun
D13_T_MISSED,13,SPK_TOLGA,,0,...Kapandı. Pencere kapandı. Işık söndü.,...It's closed. The window's closed. The light's gone out.,oyun
D13_T_MISSED_GALATA,13,SPK_TOLGA,,0,Kaçırdım. Galata'da kaldım. En azından balık taze.,Missed it. Stuck in Galata. At least the fish is fresh.,kod
D13_T_PRESSED,13,SPK_TOLGA,[shouting],0,Basıyorum! Basıyorum! Sigortacı olarak söylüyorum: bu hiç güvenli değil!,I'm pressing it! I'm pressing! Speaking as an insurance man: this is not safe at all!,oyun
D13_T_TOG_2,13,SPK_TOLGA,,0,"Hikmet Amca, saat kaç?","Uncle Hikmet, what time is it?",oyun
D13_U3_03,13,SPK_URBAN,[shouting],0,Patlama güçtür! Güç pencere açar! Bu Macar mantığıdır!,An explosion is power! Power opens windows! That's Hungarian logic!,oyun
D13_U3_ASK,13,SPK_URBAN,,0,"(Hikmet'e) Mühendis, kal. Seninle dünyanın en büyük topunu yaparız. Pijama giyebilirsin.","(To Hikmet) Engineer, stay. We'll build the biggest cannon in the world together. You can wear your pyjamas.",oyun
D13_U3_FIRE,13,SPK_URBAN,[excited],0,ATEŞ!,FIRE!,oyun
D13_W4_1,13,SPK_HIKMET,,0,07:15. Pencereyi açmak için... bir dakika. Makine kendiliğinden ısınıyor?,07:15. To open the window... wait. Is the machine warming up by itself?,oyun
D13_W4_2,13,SPK_HIKMET,,0,Halkalar dönüyor. Ben dokunmadım. Panel: 1453. Biri öbür taraftan... tamir etmiş?,The rings are turning. I didn't touch anything. Panel: 1453. Someone on the other side has... repaired it?,oyun
D13_W4_3,13,SPK_TOLGA,[shouting],0,"Hikmet Amca! Fatih tamir etti! Üç dakikada! Kabloyu buradan değil, buradan geçirdi!","Uncle Hikmet! Mehmed repaired it! In three minutes! He ran the wire through here, not here!",oyun
D13_W4_4,13,SPK_HIKMET,,0,(Uzun sessizlik) ...Benden iyi tamir etmiş. Kimse duymasın.,(A long silence) ...He repaired it better than I did. Don't tell anyone.,oyun
D13_W4_5,13,SPK_TOLGA,,0,Kimseye söylemem. Zaten kimse inanmaz.,I won't tell anyone. Nobody would believe me anyway.,oyun
D14_M_02,14,SPK_MUFIDE,,0,(Kapıdan) Nihat Bey. Vaka 1453-T'nin son raporu. Bugün. Yukarısı bekliyor.,(From the doorway) Mr Nihat. The final report on Case 1453-T. Today. Upstairs is waiting.,oyun
D14_M_FIXED,14,SPK_MUFIDE,,0,Düzeltildi. Güzel. Yukarısı sever. Dünya normale döner... çoğunlukla.,Corrected. Good. Upstairs will like that. The world goes back to normal... mostly.,oyun
D14_M_FORGE,14,SPK_MUFIDE,[hesitant],0,Nihat Bey... bu raporda hiçbir şey yazmıyor. Bu bir rapor değil. Bu bir... şiir.,Mr Nihat... this report says nothing at all. It isn't a report. It's... a poem.,oyun
D14_M_NEW_1,14,SPK_MUFIDE,,0,"Yeni model Nihat, hoş geldiniz. Masanız hazır. Eskisinin bıraktığı bir not var.","New-model Nihat, welcome. Your desk is ready. Your predecessor left a note.",oyun
D14_M_NEW_3,14,SPK_MUFIDE,,0,Bilmiyoruz. Bırakın orada dursun. Rapor otomatik yazılacak.,We don't know. Leave it where it is. The report will be written automatically.,oyun
D14_M_RECRUIT,14,SPK_MUFIDE,,0,Bir şüpheliyi işe almak... Yönetmelikte buna dair bir madde yok. (Durur) Olsun. Yazarız.,Recruiting a suspect... There's no article in the regulations about that. (Pauses) Never mind. We'll write one.,oyun
D14_M_RESIGN,14,SPK_MUFIDE,,0,(Uzun sessizlik) ...Şapkanızı götürüyorsunuz sanırım.,(A long silence) ...I suppose you're taking your hat.,oyun
D14_M_SEEN,14,SPK_MUFIDE,,0,Bir de şu var Nihat Bey: 1453'te gökte fötr şapkalı bir adam görülmüş. Hava sahası ihlali. Dosyanıza işlendi.,"And there's this, Mr Nihat: a man in a fedora was seen in the sky in 1453. An airspace violation. It's been entered in your file.",kod
D14_M_SEEN_LEGEND,14,SPK_MUFIDE,,0,"Bir de şu var Nihat Bey: 'uçan fötr şapkalı cin' artık bir Osmanlı efsanesi. Üç kronikte, iki destanda. Bir de türküsü çıkmış.","And there's this, Mr Nihat: 'the flying djinn in a fedora' is now an Ottoman legend. In three chronicles and two epics. And there's a folk song.",kod
D14_M_T3,14,SPK_MUFIDE,,0,"(Kapıdan, bir dosya daha uzatır) Bir de bu var, Nihat Bey: şüpheli 1453'te değil. 1977'de bir mahalle düğününde görülmüş. Halayın kuyruğunda.","(From the doorway, holding out another file) And there's this, Mr Nihat: the suspect isn't in 1453. He was seen at a neighbourhood wedding in 1977. At the tail end of a halay.",kod
D14_NN_2,14,SPK_NIHAT,,0,(Notu okur) 'Kırmızımsı.' ...Bu ne demek?,(Reads the note) 'Reddish.' ...What does that mean?,oyun
D14_NN_4,14,SPK_NIHAT,,0,Otomatik. Güzel. Ben de otomatiğim.,Automatic. Good. I'm automatic too.,oyun
D14_NN_5,14,SPK_NIHAT,,0,(Notu çöpe atmaz. Nedenini bilmez.),(He doesn't throw the note away. He doesn't know why.),oyun
D14_N_01,14,SPK_NIHAT,,0,"Son rapor. Vaka 1453-T. Kırk yıldır rapor yazıyorum. Bu, ilk kez ne yazacağımı bilmediğim rapor.",The final report. Case 1453-T. I've been writing reports for forty years. This is the first one where I don't know what to write.,oyun
D14_N_03,14,SPK_NIHAT,,0,"Yukarısı hep bekler, Müfide Hanım. Bugün biraz daha beklesin.","Upstairs is always waiting, Mrs Müfide. Today it can wait a little longer.",oyun
D14_N_FIXED,14,SPK_NIHAT,,0,Çoğunlukla. Bir iz kalır. Hep bir iz kalır. Formlarda buna 'dipnot' denir.,Mostly. A trace remains. There's always a trace. On forms we call that a 'footnote'.,oyun
D14_N_FORGE,14,SPK_NIHAT,,0,İmzası sahte. Kendi imzamı taklit ettim. İlk kez. Çok kötü taklit ettim.,The signature is forged. I forged my own signature. For the first time. I did it very badly.,oyun
D14_N_RECRUIT,14,SPK_NIHAT,,0,"Madde 7/d: 'Sırada sabırla bekleyen şüpheli, sıranın öbür tarafına geçebilir.'",Article 7/d: 'A suspect who waits patiently in the queue may cross to the other side of the queue.',oyun
D14_N_RESIGN_1,14,SPK_NIHAT,,0,(Rozetini masaya bırakır) Müfide Hanım. Kırk yıl. Teşekkür ederim. Bir garajda çay beni bekliyor.,(Leaves his badge on the desk) Mrs Müfide. Forty years. Thank you. There's a cup of tea waiting for me in a garage.,oyun
D14_N_RESIGN_2,14,SPK_NIHAT,,0,Şapka benimdir. Form Z-1'e göre bile.,The hat is mine. Even according to Form Z-1.,oyun
D14_N_SEEN,14,SPK_NIHAT,,0,...Nakaratı var mı?,...Does it have a chorus?,kod
D14_N_T3,14,SPK_NIHAT,,0,Halayın kuyruğu. Yönetmelikte halay yok. ...Rapora dipnot düşerim: 'Şüpheli yanlış yılda. Doğru düğünde.',The tail end of a halay. There's nothing about halays in the regulations. ...I'll add a footnote: 'Suspect in the wrong year. At the right wedding.',kod
D14_N_TYPE,14,SPK_NIHAT,,0,(Daktilonun başına oturur. Kâğıdı takar. Parmakları tuşların üstünde bekler.),(He sits at the typewriter. Feeds in the paper. His fingers hover over the keys.),oyun
D14_N_W2,14,SPK_NIHAT,,0,"Sizin sıranız gelmeyecek, Bay Tolga. Ama size bir teklifim var.","Your number will not come up, Mr Tolga. But I have an offer for you.",oyun
D14_N_W4,14,SPK_NIHAT,,0,"Bu farklı. Gündüz sigortacı, gece... bizden biri. Form doldurmayı ben öğretirim.","This is different. An insurance man by day, and by night... one of us. I'll teach you to fill in forms.",oyun
D14_N_Z1,14,SPK_NIHAT,,0,Form Z-1. Büro'nun kuruluş belgesi. İmza: 'T.' Kırk yıldır kim olduğunu merak ederim.,Form Z-1. The Bureau's founding document. Signed: 'T.' I've wondered who that was for forty years.,oyun
D14_N_Z1_KNOWN,14,SPK_NIHAT,,0,Form Z-1. Büro'nun kuruluş belgesi. İmza: 'T.' Kırk yıl kim olduğunu merak ettim. Artık biliyorum. Bir sigortacı.,Form Z-1. The Bureau's founding document. Signed: 'T.' For forty years I wondered who. Now I know. An insurance salesman.,ad
D14_N_Z1_REFUSED,14,SPK_NIHAT,,0,Form Z-1. Büro'nun kuruluş belgesi. İmza yeri... hâlâ boş. Kimin imzalayacağını biliyorum. İmzalamadı.,Form Z-1. The Bureau's founding document. The signature line... still empty. I know who was supposed to sign it. He didn't.,ad
D14_N_Z1_SEEN,14,SPK_NIHAT,,0,Form Z-1. Her sabah günaydın dediğim imza: 'T.' Kırk yıldır kim olduğunu merak ederim. Bu sabah da günaydın dedim; yine cevap vermedi.,Form Z-1. The signature I say good morning to every day: 'T.' I've wondered who it was for forty years. I said good morning this morning too; still no answer.,ad
D14_T_W1,14,SPK_TOLGA,,0,Nihat Bey? Sıra ne zaman gelir? Burada biri 1204'ten beri bekliyormuş.,Mr Nihat? When does my number come up? Someone here has apparently been waiting since 1204.,oyun
D14_T_W3,14,SPK_TOLGA,,0,Teklif mi? 1453'te herkes bana teklif yaptı. Tavuk bile.,An offer? Everyone made me offers in 1453. Even the chicken.,oyun
D15_G_EAVES,15,SPK_HIKMET,,0,"(Çayını karıştırır) Evlât, sen oradayken birine şemsiye oldun mu? Yüzünde öyle bir hâl var. Yağmurda kalmış birini sokmuş gibi.","(Stirs his tea) Son, were you an umbrella for someone back there? You've got that look. Like you pulled someone in out of the rain.",ad
D15_G_EVENING,15,SPK_HIKMET,,0,"(Radyoyu kısar) Surların restorasyonunda bant bulmuşlar, evlât. 570 yıllık. ...Tutmuş ama bir akşam. Bazen bir akşam da azımsanmaz.","(Turns the radio down) They found tape in the wall restoration, son. 570 years old. ...It held, but for one evening. Sometimes one evening is no small thing.",ad
D15_G_EVENING_PLAIN,15,SPK_HIKMET,,0,"(Radyoyu kısar) Surların restorasyonunda 1453'ten bir yazı bulmuşlar, evlât: 'Bir akşam daha.' ...Bazen bir akşam da azımsanmaz.","(Turns the radio down) They found an inscription from 1453 in the wall restoration, son: 'One more evening.' ...Sometimes one evening is no small thing.",ad
D15_G_H1,15,SPK_HIKMET,,0,(Çayını karıştırır) Evlât servise yetişti. Kimse bir şey fark etmedi. Ben fark ettim. Hep ben fark ederim.,(Stirring his tea) The lad made the bus. Nobody noticed a thing. I noticed. I always notice.,oyun
D15_G_H2,15,SPK_HIKMET,,0,Makineyi aldılar. Olsun. Yedek parçam var. Zamanatör 3001. Bu sefer kayışlı.,They took the machine. Never mind. I've got spare parts. The Chrono-matic 3001. This time with a belt.,ad
D15_G_H3,15,SPK_HIKMET,,0,(Garaj boş. Radyo açık. Çayın buharı yok.),(The garage is empty. The radio is on. There is no steam from the tea.),ad
D15_G_N4,15,SPK_HIKMET,,0,"Nihat Bey, çayınız. Şekersiz. Formsuz.","Mr Nihat, your tea. No sugar. No forms.",oyun
D15_G_PYJAMA,15,SPK_HIKMET,,0,"Bir daha asla, evlât. Asla.","Never again, son. Never.",oyun
D15_G_PYJAMA_2,15,SPK_HIKMET,,0,1977. O düğünün şarkısı. (Kalkar) ...Kırk dokuz yıl geç kaldım.,1977. The song from that wedding. (Gets up) ...I'm forty-nine years late.,oyun
D15_G_PYJAMA_T,15,SPK_TOLGA,,0,"(Pijamalı, fesli) Asla. ...Radyoda ne çalıyor?",(In pyjamas and a fez) Never. ...What's that on the radio?,oyun
D15_G_T3_1,15,SPK_HIKMET,,0,"(Çayını karıştırır) Saat yedi kırk. Servis geldi, korna çaldı, gitti. Evlât yok. Panel hâlâ 1977 diyor.","(Stirring his tea) Seven forty. The bus came, honked, left. No sign of the lad. The panel still says 1977.",kod
D15_G_T3_2,15,SPK_HIKMET,[hesitant],0,(Duvara bakar) ...Bu çerçeve kırk dokuz yıldır boştu. Şimdi içinde bir düğün var. Başta mendil sallayan gözlüklü... benim. Ben dans etmişim.,"(Looks at the wall) ...That frame has been empty for forty-nine years. Now there's a wedding in it. The one in glasses at the front, waving the handkerchief... that's me. I danced.",kod
D15_G_T3_3,15,SPK_HIKMET,[shouting],0,Kuyruktaki fesli kim? Sağ ayağı yanlış... EVLÂT! Sen 1977'desin! O düğündesin!,And who's that in the fez at the tail end? Wrong foot... SON! You're in 1977! At that wedding!,kod
D15_G_T3_4,15,SPK_HIKMET,,0,(Panelin başına geçer) Panik yok. Frekans 1977'de. Sadece biraz kayıyor. Yetmişler böyleydi: her şey biraz kayıktı. Tutarsam seni geri çağırırım.,"(Goes over to the panel) No panic. The frequency's on 1977. It just drifts a bit. The seventies were like that: everything drifted a bit. If I can hold it, I can call you back.",kod
D15_G_T3_CALL,15,SPK_HIKMET,,0,"(Telsize eğilir) Evlât? Burası 2026. Duyuyor musun? ...Sakın orada iş bulma. Geliyorum. Yani, getiriyorum.","(Leans into the radio) Son? This is 2026. Can you hear me? ...Don't you go getting a job there. I'm coming. Well, I'm bringing you.",kod
D15_G_T3_DRIFT,15,SPK_HIKMET,,0,"Kaçtı! ...Ama izi var. Telsizden ararım; o da yetmişlerden kalma, anlaşırlar.","Lost it! ...But there's a trace. I'll call on the radio; it's from the seventies too, they'll get along.",kod
D15_G_T3_TUNED,15,SPK_HIKMET,,0,"Tuttum! ...Tutuyorum. Kayıyor ama tutuyorum. Kırk dokuz yıllık frekans bu, ağır.","Got it! ...I've got it. It's drifting, but I've got it. That's forty-nine years of frequency. It's heavy.",kod
D15_G_TWO,15,SPK_HIKMET,,0,"(Garaj boş. Masada iki boş çay bardağı. 1453'te, Urban'ın atölyesinde, iki adam koli bandı üzerine tartışıyor.)","(The garage is empty. Two empty tea glasses on the table. In 1453, in Urban's workshop, two men are arguing about duct tape.)",oyun
D15_G_W10,15,SPK_HIKMET,[hesitant],0,(Telsize eğilir) Evlât... radyoda 'Fethin 572. yılı' diyorlar. 1454'ün. ...Evlât ne yaptın?,"(Leans over the radio) Son... the radio says 'the 572nd anniversary of the Conquest'. Of 1454. ...Son, what did you do?",oyun
D15_G_W11,15,SPK_HIKMET,,0,Radyoda 'Uzun Bekleyiş' diye bir şeyden bahsediyorlar. Ben böyle bir şey hatırlamıyorum. Kimse bana inanmayacak.,The radio's on about something called 'the Long Wait'. I don't remember anything like that. Nobody's going to believe me.,oyun
D15_G_W12,15,SPK_HIKMET,,0,'Form Z-1453'ün aslı sergilendi' diyorlar. Altında 'T.' imzası varmış. Evlât... Nihat Bey'i arasak mı?,They say 'the original Form Z-1453 is on display'. It's signed 'T.' at the bottom. Son... should we ring Mr Nihat?,oyun
D15_G_W13,15,SPK_HIKMET,,0,"Haberlerde Marmaray kazısında iki tünel bulmuşlar. Ortada ekmek kırıntısı, zeytin çekirdeği... ve bir leblebi. Evlât?","The news says they found two tunnels in the Marmaray dig. Breadcrumbs in the middle, olive stones... and one leblebi. Son?",oyun
D15_G_W13_PLAIN,15,SPK_HIKMET,,0,"Haberlerde Marmaray kazısında iki tünel bulmuşlar. Ortada ekmek kırıntısı, zeytin çekirdeği... ve bir sigorta poliçesi. Evlât?","The news says they found two tunnels in the Marmaray dig. Breadcrumbs in the middle, olive stones... and an insurance policy. Son?",ad
D15_G_W4,15,SPK_HIKMET,,0,(Duvardaki portreye bakar) ...Benden iyi tamir etmiş. Kimse duymasın.,(Looking at the portrait on the wall) ...He repaired it better than I did. Don't tell anyone.,oyun
D15_G_W5,15,SPK_HIKMET,,0,Radyoda Galata'da bulunan 573 yıllık gülleli bir şarap fıçısından bahsediyorlar. Evlât... sen bir şey biliyor musun?,The radio's on about a 573-year-old wine barrel found in Galata with a cannonball in it. Son... do you know anything about this?,oyun
D15_G_W5B,15,SPK_HIKMET,,0,"Haberlerde 1453'te patlayan bir toptan bahsediyorlar. Olay yerinde bir fes bulunmuş. ...Evlât, fesin nerede?","The news is on about a cannon that blew up in 1453. They found a fez at the scene. ...Son, where's your fez?",oyun
D15_G_W6,15,SPK_HIKMET,,0,"Evlât, Venedik'ten kartpostal geldi. 1453 damgalı. Arkasında 'Deniz tuttu' yazıyor. ...Senin el yazın.","Son, a postcard came from Venice. Stamped 1453. On the back it says 'Seasick'. ...That's your handwriting.",oyun
D15_G_W7,15,SPK_HIKMET,,0,"Televizyonda 'saray mutfağının kayıp tarifi' diye bir şey gösteriyorlar. Leblebili pilav. ...Evlât, sen yemek yapmayı ne zaman öğrendin?","The TV's showing something about 'the palace kitchen's lost recipe'. Leblebi pilaf. ...Son, when did you learn to cook?",oyun
D15_G_W7_PLAIN,15,SPK_HIKMET,,0,"Televizyonda 'saray mutfağının kayıp tarifi' diye bir şey gösteriyorlar. Kadri Usulü Pilav. ...Evlât, sen yemek yapmayı ne zaman öğrendin?","The TV's showing something about 'the palace kitchen's lost recipe'. Kadri-Style Pilaf. ...Son, when did you learn to cook?",ad
D15_G_W8,15,SPK_HIKMET,,0,"Evlât, kapıya bir kartvizit bırakmışlar. 'Zaman Bürosu — Kuruluş: 1453, Konstantinopolis Arşivi.' Altında 'Kurucu üyemize saygılarla.'","Son, someone left a business card at the door. 'The Time Bureau — Founded 1453, Archive of Constantinople.' Underneath: 'With respects to our founding member.'",oyun
D15_G_WATER,15,SPK_HIKMET,,0,"Topkapı'daki çeşmeyi restore etmişler. 'Sakabaşı, 1453.' Fesli bir saka yaptırmış derler. ...Evlât, sen su taşımayı sevmezdin.","They've restored the fountain at Topkapı. 'The Water-Bearer, 1453.' They say a water carrier in a fez had it built. ...Son, you never liked carrying water.",ad
D15_N_N1,15,SPK_NIHAT,[formal],0,(Mühür vurur) Vaka 1453-T kapandı. Sıradaki vaka: 1204-K. Haçlılar. Uzun sürecek.,(Stamps) Case 1453-T is closed. Next case: 1204-K. The Crusaders. It'll take a while.,oyun
D15_N_N2,15,SPK_NIHAT,[laughs],0,"(Raporun altındaki sahte imzaya bakar, gülümser) ...Kötü taklit. Güzel taklit.",(Looks at the forged signature at the bottom of the report and smiles) ...A bad forgery. A good forgery.,oyun
D15_N_N3,15,SPK_NIHAT,,0,"(Yeni model, masada) Vaka 1453-T: düzeltildi. Masada bir not: 'Kırmızımsı.' Anlamı bilinmiyor.","(The new model, at his desk) Case 1453-T: corrected. A note on the desk: 'Reddish.' Meaning unknown.",oyun
D15_N_N4,15,SPK_MUFIDE,,0,(Masa boş. Rozet masada. Şapka yok.) Nihat Bey gitti. Şapkasını da götürdü.,(The desk is empty. The badge is on the desk. The hat is gone.) Mr Nihat has left. He took his hat.,oyun
D15_N_T3,15,SPK_NIHAT,,0,(Masaya yeni bir dosya düşer) Vaka 1977-T. Aynı fes. Bu sefer bir düğün. ...Yönetmelikte halay yok. Yazarız.,(A new file lands on the desk) Case 1977-T. Same fez. A wedding this time. ...There are no regulations on the halay. We'll write some.,kod
D15_N_T4,15,SPK_NIHAT,,0,"Bay Tolga, gece mesainiz 23:00'te başlıyor. Bugün Form Z-9: kaçan şüpheliyi kovalamak için izin.","Mr Tolga, your night shift starts at 23:00. Today: Form Z-9, permission to pursue a fleeing suspect.",oyun
D15_O_CARD,15,SPK_COWORKER_B,,0,"Tolga, Sinop'tan bir müze aradı. Bir yazmanın arasından senin kartvizitin çıkmış. Mürekkebi beş yüz yıllık diyorlar. Şaka mı bu?","Tolga, a museum in Sinop called. Your business card turned up inside a manuscript. They say the ink is five hundred years old. Is this a joke?",kod
D15_O_CARD_T,15,SPK_TOLGA,,0,"Hayat, kasko, konut... Sinop'a da gelirim demiştim.","Life, motor, home... I did say I'd come out to Sinop.",kod
D15_O_DOCS,15,SPK_TOLGA,,0,Bu konuda yirmi belgesel izledim. Risk... düşük. Ya da yüksek. Kesin bir şey.,I've watched twenty documentaries on this. The risk is... low. Or high. Definitely one of those.,oyun
D15_O_DOCS_2,15,SPK_MANAGER,,0,Güzel. Sunuma koy.,Great. Put it in the slides.,oyun
D15_O_EAVES_A,15,SPK_MANAGER,,0,Babaannem hep anlatırdı: 1453'te selde bir çocuğu fesli bir adam saçağa çekmiş. O çocuk bizim dedenin dedesinin...,My grandmother always told it: in 1453 a man in a fez pulled a child under the eaves in the flood. That child was our great-great...,ad
D15_O_EAVES_B,15,SPK_MANAGER,,0,Fesli mi? 1453'te? Babaannen de iyiymiş.,In a fez? In 1453? Your grandmother was quite something.,ad
D15_O_EVENING_A,15,SPK_MANAGER,,0,"Surlarda koli bandı bulmuşlar, gördün mü? 570 yıllık.",Did you see they found packing tape in the city walls? 570 years old.,ad
D15_O_EVENING_A_PLAIN,15,SPK_COWORKER_A,,0,"Surlarda 1453'ten bir kartvizit bulmuşlar, gördün mü? 'Hasar Tespit' yazıyor.",Did you see they found a business card from 1453 in the city walls? It says 'Damage Assessment'.,kod
D15_O_EVENING_B,15,SPK_MANAGER,,0,Olmaz öyle şey. Kesin restorasyoncuların şakası.,No way. It's the restorers' idea of a joke.,ad
D15_O_IDK,15,SPK_TOLGA,,0,Bilmiyorum. Araştırıp döneyim.,I don't know. Let me look into it and get back to you.,kod
D15_O_IDK_2,15,SPK_MANAGER,,0,(Müdür bir an durur) ...Tamam. Araştır. (Toplantı devam eder. Kimse bunun nereden geldiğini bilmez.),(The manager pauses for a moment) ...All right. Look into it. (The meeting carries on. Nobody knows where that came from.),kod
D15_O_Q,15,SPK_MANAGER,,0,"Günaydın. Pazartesi toplantısı. Tolga, Q2 için risk tahminin nedir?","Morning. Monday meeting. Tolga, what's your risk forecast for Q2?",oyun
D15_O_T2,15,SPK_MANAGER,,0,Tolga bugün de mi erken çıktı? ...Hiç gelmedi mi? Fark etmemişim.,Did Tolga leave early again today? ...Didn't he come in at all? I hadn't noticed.,oyun
D15_O_T2_1453,15,SPK_TOLGA,,0,"(1453'te, Urban'ın atölyesinde) Hikmet Amca, bant bitti. — Bitmedi evlât, ben sakladım.","(In 1453, in Urban's workshop) Uncle Hikmet, we're out of tape. — We're not, son. I hid some.",oyun
D15_O_T2_1453_TEA,15,SPK_TOLGA,,0,"(1453'te, Urban'ın atölyesinde) Hikmet Amca, çay bitti. — Bitmedi evlât, ben sakladım.","(In 1453, in Urban's workshop) Uncle Hikmet, we're out of tea. — We're not, son. I hid some.",kod
D15_O_T4,15,SPK_TOLGA,,0,"(Kendi kendine) Akşam 23:00'te Büro. Form Z-9. Kimse bilmiyor. Sigortacı gündüz, denetçi gece.","(To himself) The Bureau at 23:00 tonight. Form Z-9. Nobody knows. Insurance man by day, inspector by night.",oyun
D15_O_W10_A,15,SPK_COWORKER_A,,0,1453 değil miydi o?,Wasn't that 1453?,oyun
D15_O_W10_B,15,SPK_COWORKER_B,,0,"Hayır canım, 1454. İlkokulda ezberlettiler. 'Bin dört yüz elli dört, fetih oldu dört dört.'","No, silly, 1454. They made us memorise it at primary school. '1454, conquest at the door.'",oyun
D15_O_W11_A,15,SPK_COWORKER_A,,0,Bu çeyrek tıpkı Uzun Bekleyiş gibi. Rakamlar bir türlü gelmiyor.,This quarter's just like the Long Wait. The numbers never come.,oyun
D15_O_W11_B,15,SPK_COWORKER_B,,0,"Sabırlı olacağız. Bizans bir yıl bekledi, biz bir çeyrek bekleriz.",We'll be patient. Byzantium waited a year; we can wait a quarter.,oyun
D15_O_W12_A,15,SPK_COWORKER_A,,0,Fatura onaya gitmemiş. Yine form eksik.,The invoice never went for approval. A form's missing again.,oyun
D15_O_W12_B,15,SPK_COWORKER_B,,0,"Fetih bile form yüzünden üç yıl gecikmiş, sen bir faturaya mı üzülüyorsun?","Even the Conquest was three years late because of a form, and you're upset about one invoice?",oyun
D15_O_W6_A,15,SPK_COWORKER_A,,0,Tatil fotoğraflarımı paylaştım! Venedik. 'Kırmızı Şapkalı Türk Sokağı'nda çektim.,I've posted my holiday photos! Venice. I took them in 'the Street of the Turk in the Red Hat'.,oyun
D15_O_W6_B,15,SPK_COWORKER_B,,0,(Tolga fotoğrafa bakmadan beğenir) Tolga beğendi bile. Bakmadan.,(Tolga likes the photo without looking) Tolga's already liked it. Without looking.,oyun
D15_O_WATER_A,15,SPK_MANAGER,,0,Topkapı'daki çeşmeyi açmışlar yine. Sakabaşı Çeşmesi. Tabelada 'fesli bir saka' yazıyor.,They've reopened the fountain at Topkapı. The Water-Bearer's Fountain. The sign says 'a water carrier in a fez'.,ad
D15_O_WATER_B,15,SPK_MANAGER,,0,Fes 1453'te yoktu ki. Tabelayı yazan da biraz salmış.,There were no fezzes in 1453. Whoever wrote that sign got a bit carried away.,ad
D15_R_H_1,15,SPK_HIKMET,,0,"(Kolu bırakır, ter içinde) Geldin! Kırk dokuz yıl, bir gece, bir halay... Hoş geldin evlât.","(Lets go of the lever, drenched in sweat) You're back! Forty-nine years, one night, one halay... Welcome home, son.",kod
D15_R_H_3,15,SPK_HIKMET,,0,Servis gitti. Saat dokuzu geçiyor. Ama şuna bak.,The bus has gone. It's past nine. But look at that.,kod
D15_R_H_5,15,SPK_HIKMET,,0,Kırk dokuz yıldır o çerçeve boştu. Artık dolu. Sen ofise koş; ben bu fotoğrafa biraz daha bakacağım.,That frame was empty for forty-nine years. Now it's full. You run along to the office; I'm going to look at this photo a while longer.,kod
D15_R_M_1,15,SPK_MANAGER,,0,Tolga. Dokuz kırk yedi. Toplantının sonuna yetiştin. Servisi mi kaçırdın?,Tolga. Nine forty-seven. You've made the end of the meeting. Miss the bus?,kod
D15_R_M_2,15,SPK_MANAGER,,0,"(Gözlüğünü çıkarır) 1977... Rahmetli babamın acentesi o yıl açılmıştı. Kurtuluş'ta. Emniyet Sigorta. Hep anlatırdı: bir sabah fesli biri gelmiş, zorunlu deprem sigortası diye bir şey anlatmış, sonra cebindeki telsizle konuşup kaybolmuş.","(Takes off his glasses) 1977... My late father opened his agency that year. In Kurtuluş. Emniyet Insurance. He always told the story: one morning a man in a fez walked in, went on about something called compulsory earthquake insurance, then spoke into a radio in his pocket and vanished.",kod
D15_R_M_3,15,SPK_MANAGER,,0,"(Uzun bir sessizlik. Gözlüğünü takar) Q2 risk tahminini yarın sabah istiyorum, Tolga. Zamanında. Bu yüzyılda.","(A long silence. He puts his glasses back on) I want your Q2 risk forecast tomorrow morning, Tolga. On time. In this century.",kod
D15_R_T_2,15,SPK_TOLGA,,0,Hikmet Amca. Servis?,Uncle Hikmet. The bus?,kod
D15_R_T_4,15,SPK_TOLGA,,0,(Fotoğrafa bakar) Kuyruktaki fesli benim. Sağ ayağım yanlış.,(Looks at the photo) The one in the fez at the end is me. Wrong foot.,kod
D15_R_T_6,15,SPK_TOLGA,,0,"Kırk dokuz yıl kaçırdım, Müdür Bey. 1977'de bir acentede işe girdim; aynı sabah istifa ettim.","I missed forty-nine years, sir. I got a job at an agency in 1977; I resigned the same morning.",kod
D15_R_T_7,15,SPK_TOLGA,,0,...Ferit Bey. Bıyığı sizinkinden kalındı.,...Mr Ferit. His moustache was thicker than yours.,kod
D15_R_T_GO,15,SPK_TOLGA,,0,"Ferit Bey, teşekkürler. İlk günümde istifa ediyorum. Binayı sigortalatmayı unutmayın.","Thank you, Mr Ferit. I'm resigning on my first day. Don't forget to insure the building.",kod
D15_S7_F_1,15,SPK_AGENCY,,0,"Telsizi kapattın mı? Güzel. Müşteri bekletilmez ama telsiz bekletilir. Hoş geldin, sigortacı.","Switched the radio off? Good. You never keep a client waiting, but a radio can wait. Welcome aboard, insurance man.",kod
D15_S7_H_1,15,SPK_HIKMET,,0,(Tezgâhın çekmecesini açar) Kırk dokuz yıldır bu çekmecede. Hiç açmadım. Neden açmadığımı da bilmiyordum.,"(Opens the workbench drawer) Forty-nine years in this drawer. Never opened it. Never knew why, either.",kod
D15_S7_H_2,15,SPK_HIKMET,[laughs],0,"Acente: T. ...'Kırmızı düğmeye basma.' (Güler, gözleri dolar) Ben bunu hep sana derdim evlât. Meğer önce sen bana demişsin.","Agent: T. ...'Do not press the red button.' (Laughs, eyes welling up) I always told you that, son. Turns out you told me first.",kod
D15_S7_H_3,15,SPK_HIKMET,,0,"(Radyoyu açar; o şarkı çalar) Primler kırk dokuz yıldır zamanında yatıyor. Hayırlı olsun, sigortacı.","(Switches on the radio; that song is playing) The premiums have been paid on time for forty-nine years. Congratulations, insurance man.",kod
D15_S7_H_RADIO_LOST,15,SPK_HIKMET,[hesitant],0,(Telsiz) ...kaçtı... kayıyor... evlât? ...cızzzz,(Radio) ...lost it... it's drifting... son? ...kshhhh,kod
D15_S7_T_2,15,SPK_TOLGA,,0,Hikmet Am... Hikmet. Gel. Çayı da getir.,Uncle Hik... Hikmet. Come in. Bring the tea.,kod
D15_S7_T_4,15,SPK_TOLGA,,0,Poliçeyi ben yazarım. Teminat: her düğünde bir halay. Muafiyet yok.,I'll write the policy. Cover: one halay at every wedding. No excess.,kod
D15_S7_T_6,15,SPK_TOLGA,,0,"(Daktiloya yazar) O makine teminat dışı. Bir de özel şart, Hikmet: kırmızı düğmeye basma. Asla.","(Types) That machine is not covered. And one special condition, Hikmet: don't press the red button. Ever.",kod
D15_S7_T_LOST,15,SPK_TOLGA,,0,"Kaçtı. (Telsizi cebine koyar) Peki. Ferit Bey, daktilo şurada demiştiniz?","Gone. (Puts the radio in his pocket) Right. Mr Ferit, you said the typewriter was over there?",kod
D15_S7_T_OFF,15,SPK_TOLGA,,0,"(Telsize) Hikmet Amca... Ben kalıyorum. Burada ilk kez sigortalı değil, sigortacı gibi hissediyorum. Sen çayı demle. Kırk dokuz yıl sonra içeriz.","(Into the radio) Uncle Hikmet... I'm staying. For the first time I feel like the insurer, not the insured. Put the kettle on. We'll have that tea in forty-nine years.",kod
D15_S7_YH_1,15,SPK_HIKMET,,0,"(Kapıdan, elinde iki çay) Fesli abi! Seni her yerde aradım. Halaydan sonra yok oldun.","(In the doorway, two glasses of tea in hand) Hey, fez! I've looked everywhere for you. You vanished after the halay.",kod
D15_S7_YH_3,15,SPK_HIKMET,,0,(Sarı elbiseli kıza bakar) O gece kalktım işte. Şimdi bir sigorta lazım. Hayatımda ilk kez bir şeyi kaybetmekten korkuyorum.,"(Glances at the girl in the yellow dress) I got up that night, didn't I. Now I need insurance. It's the first time in my life I've been afraid of losing something.",kod
D15_S7_YH_5,15,SPK_HIKMET,,0,Bir de... ileride bir garajım olacak. İçine bir makine yapacağım. Onu da sigortalar mısın?,And... one day I'll have a garage. I'll build a machine in it. Will you insure that too?,kod
D15_S_FIXED,15,SPK_TOLGA,,0,Her şey normal. ...Şu tabela hariç. Neyse. Servis geldi.,Everything's normal. ...Except that sign. Never mind. The bus is here.,oyun
D15_S_N3,15,SPK_NIHAT,,0,(Durakta sivil kıyafetli bir adam. Fötr şapkalı. Yeni Nihat yanından geçer. Birbirlerine bakarlar.),(A man in civilian clothes at the bus stop. In a fedora. The new Nihat walks past him. They look at each other.),oyun
D15_S_T2,15,SPK_DRIVER,,0,(Servis bekledi. Kimse binmedi. Şoför omuz silkti ve gitti.),(The bus waited. Nobody got on. The driver shrugged and left.),oyun
D15_S_W1,15,SPK_TOLGA,,0,Servis. 07:30. Dakik. Dünya aynı. Ben de aynıyım. Sanırım.,The bus. 07:30. On time. The world's the same. So am I. I think.,oyun
D15_S_W10,15,SPK_TOLGA,,0,Fetih 1454 kutlamaları... Hep 1454'tü zaten. Değil mi? (Kulaklığını takar),The 1454 Conquest celebrations... It's always been 1454. Hasn't it? (Puts his earphones in),oyun
D15_S_W11,15,SPK_TOLGA,,0,'Uzun Bekleyiş.' Okulda bir ünite vardı. Hiç anlamamıştım. (Kulaklığını takar),'The Long Wait.' We had a unit on it at school. I never understood it. (Puts his earphones in),oyun
D15_S_W12,15,SPK_TOLGA,[laughs],0,'Evrakı tamamdır.' Fetih bile evrak bekliyormuş. (Güler) Hiç şaşırmadım.,'Paperwork complete.' Even the Conquest waited for paperwork. (Laughs) I'm not surprised.,oyun
D15_S_W13,15,SPK_TOLGA,,0,Marmaray yine arızalı: 'Tren 1454'e bağlandı.' Kazıda o piknik alanını bulduklarından beri bu hat hep böyle. (Kulaklığını takar),Marmaray's broken again: 'Train rerouted to 1454.' The line's been like this ever since they found that picnic spot in the dig. (Puts in his earphones),oyun
D15_S_W2,15,SPK_TOLGA,,0,Leblebipolis Merkez. ...Hep böyle miydi? Hep böyleydi herhalde. (Kulaklıklarını takar),Leblebipolis Central. ...Was it always like this? It must have been. (Puts his earphones in),oyun
D15_S_W3,15,SPK_TOLGA,,0,"Tavuk Sigorta. Kuruluş: Galata, 1453. Rakip firma. Logoları çok tanıdık.","Chicken Insurance. Founded: Galata, 1453. A rival firm. Their logo looks very familiar.",ad
D15_S_W5,15,SPK_TOLGA,,0,Galata. ...Şu şarapçı hep orada mıydı? 'Gülle geçirmez fıçılar.' Ne pazarlama ama.,Galata. ...Was that wine shop always there? 'Cannonball-proof barrels.' What marketing.,oyun
D15_S_W5B,15,SPK_TOLGA,,0,Askerî Müze. 'Olay yerinde bir fes bulunmuştur.' (Kulaklığını takar) Tarih ne tuhaf.,The Military Museum. 'A fez was found at the scene.' (Puts in his earphones) History's so weird.,oyun
D15_S_W6,15,SPK_TOLGA,,0,Venedik turu reklamı. 'Kırmızı Şapkalı Türk Sokağı.' Kimmiş o Türk? (Kulaklığını takar),"An ad for Venice tours. 'The Street of the Turk in the Red Hat.' Who was he, then? (Puts his earphones in)",oyun
D15_S_W7,15,SPK_TOLGA,,0,Öğlen yine Kadri Usulü Leblebili Pilav. Yıllardır yiyorum. Kadri kim acaba? (Merak etmez),"Kadri-Style Leblebi Pilaf again for lunch. I've eaten it for years. Who's Kadri, I wonder? (He doesn't wonder)",oyun
D15_S_W7_PLAIN,15,SPK_TOLGA,,0,Öğlen yine Kadri Usulü Pilav. Yıllardır yiyorum. Kadri kim acaba? (Merak etmez),"Kadri-Style Pilaf again for lunch. I've eaten it for years. Who's Kadri, I wonder? (He doesn't wonder)",ad
D15_S_W8,15,SPK_TOLGA,,0,(Durakta fötr şapkalı bir adam şapkasıyla selam verir. Tolga arkasına bakar; selamı başkasına sanır.),(A man in a fedora at the bus stop tips his hat. Tolga looks behind him; he thinks the greeting was for someone else.),oyun
D15_Y_F_01,15,SPK_AGENCY,,0,"(Başını dosyadan kaldırır) Buyrun? ...İş görüşmesine fesle mi geldiniz? Gelin bakalım, şöyle buyrun.","(Looks up from a file) Yes? ...You've come to a job interview in a fez? Well, come in, take a seat.",kod
D15_Y_F_02,15,SPK_AGENCY,,0,Ne kadar tecrübe?,How much experience?,kod
D15_Y_F_03,15,SPK_AGENCY,[laughs],0,"'Kasko' diyor. (Güler) Peki, bana bir şey sat. Mesela... şu masayı sigortala.","'Comprehensive car', he says. (Laughs) Fine, sell me something. Say... insure this desk.",kod
D15_Y_F_04,15,SPK_AGENCY,,0,"Zorunlu sigorta mı? Kim zorla sigorta yaptırır? Fesli, sen ya delisin ya kâhin.","Compulsory insurance? Who'd ever be forced to buy insurance? Fez, you're either mad or a prophet.",kod
D15_Y_F_05,15,SPK_AGENCY,[laughs],0,"Cepte telefon! (Kahkaha atar) Tamam, işe alındın. Bu hayal gücüyle reklamlarımızı sen yazarsın. Daktilon şurada, maaş ayın on beşinde.","A phone in your pocket! (Roars with laughter) Alright, you're hired. With that imagination you can write our adverts. Your typewriter's over there; payday's the fifteenth.",kod
D15_Y_F_RADIO,15,SPK_AGENCY,,0,Bu ses nereden geliyor? Radyo mu bu? ...Cebinden mi?,Where's that voice coming from? Is that a radio? ...In your pocket?,kod
D15_Y_H_HOLD,15,SPK_HIKMET,[shouting],0,"(Telsiz) Tutuyorum! Bas evlât, bas! Kırk dokuz yıl ağır!","(Radio) I've got it! Press it, son, press it! Forty-nine years is heavy!",kod
D15_Y_H_RADIO_1,15,SPK_HIKMET,[hesitant],0,"(Telsiz, cızırtılı) ...vlât... cızz... yetmiş... yedi... duyu... cızzzz","(Radio, crackling) ...on... kshh... seventy... seven... can you... kshhhh",kod
D15_Y_H_RADIO_CALL,15,SPK_HIKMET,[excited],0,"(Telsiz, bu sefer net) EVLÂT! Duyuyor musun? Frekansı tuttum! Kırk dokuz yılı tek elle tutuyorum, kolum kopacak! Kırmızı düğme! Basılı tut!","(Radio, clear this time) SON! Can you hear me? I've got the frequency! I'm holding forty-nine years with one hand, my arm's about to drop off! The red button! Hold it down!",kod
D15_Y_H_RADIO_CALL_DRIFT,15,SPK_HIKMET,[shouting],0,"(Telsiz, cızırtılı ama anlaşılır) EVLÂT! Frekans kayıyor ama bir pencere açıldı! Kırmızı düğme! Kısa sürer, çabuk ol!","(Radio, crackly but clear enough) SON! The frequency's drifting, but a window's open! The red button! It won't last, be quick!",kod
D15_Y_KV_3,15,SPK_KAHVECI,[shouting],0,"Fesli! Radyoyu karıştırma, birazdan maç var!","Hey, fez! Leave the radio alone, the match is about to start!",kod
D15_Y_K_01,15,SPK_NEWSAGENT,,0,(Fese bakar) Günaydın beyim. Kostüm balosu mu vardı? Gazete iki buçuk lira.,"(Eyes the fez) Morning, sir. Fancy-dress ball, was it? The paper's two and a half lira.",kod
D15_Y_K_02,15,SPK_NEWSAGENT,,0,"Bu ne? Piyango bileti mi? Rengi tuhaf. ...Al gazeteyi beyim, sonra getirirsin. Fesliye veresiye.","What's this? A lottery ticket? Funny colour. ...Take the paper, sir, pay me later. Credit for the man in the fez.",kod
D15_Y_T_01,15,SPK_TOLGA,[tired],0,(Esner) Halayın kuyruğunda uyuyakalmışım. Bir apartman merdiveninde. ...1977. Pazartesi. Servis yok. Ofis yok. Maaş yok.,(Yawns) I fell asleep at the tail end of the halay. On a stairwell. ...1977. Monday. No bus. No office. No salary.,kod
D15_Y_T_02,15,SPK_TOLGA,,0,Sigortacının birinci kuralı: risk varsa poliçe vardır. Benim riskim kırk dokuz yıl. Önce bir iş lazım. Gazete. İş ilanları.,"First rule of insurance: where there's a risk, there's a policy. My risk is forty-nine years. First I need a job. A newspaper. The job ads.",kod
D15_Y_T_03,15,SPK_TOLGA,,0,(Cebinden 2026'nın parasını uzatır) Buyrun. Üstü kalsın.,(Holds out a 2026 banknote) Here you go. Keep the change.,kod
D15_Y_T_04,15,SPK_TOLGA,,0,Tecrübeli sigorta prodüktörü. Sabırlı. ...Benden tecrübelisi yok. Kırk dokuz yıl ileri tarihli tecrübem var.,Experienced insurance agent. Patient. ...Nobody's more experienced than me. I've got forty-nine years of post-dated experience.,kod
D15_Y_T_05,15,SPK_TOLGA,,0,"Fes kurumsal kimliğimin parçası, Ferit Bey. İlana geldim. Tecrübeli sigorta prodüktörü.","The fez is part of my corporate identity, Mr Ferit. I'm here about the ad. Experienced insurance agent.",kod
D15_Y_T_06,15,SPK_TOLGA,,0,"Kırk dokuz yıl. ...Yani, ileri tarihli. Kasko, konut, seyahat sağlık. Hasar tespit de yaparım: fotoğraf, tarih, imza.","Forty-nine years. ...Post-dated, that is. Comprehensive car, home, travel health. I do damage assessment too: photo, date, signature.",kod
D15_Y_T_07,15,SPK_TOLGA,,0,"Masayı değil, binayı sigortalayalım Ferit Bey. Deprem. İstanbul'da her bina için zorunlu deprem sigortası. Adı DASK olacak. ...Olsa.","Not the desk, Mr Ferit, the building. Earthquakes. Compulsory earthquake insurance for every building in Istanbul. It'll be called DASK. ...If it existed.",kod
D15_Y_T_08,15,SPK_TOLGA,,0,"Sigortacıyım, Ferit Bey. Arada pek fark yok. Bir de: ileride araba sigortasını telefondan yaptıracaksınız. Cepteki telefondan.","I'm an insurance man, Mr Ferit. There isn't much difference. And another thing: one day you'll buy car insurance over the phone. The phone in your pocket.",kod
D15_Y_T_RADIO,15,SPK_TOLGA,,0,"Bir müşteri, Ferit Bey. Eski bir müşteri. Yani... gelecekten bir müşteri.","A client, Mr Ferit. An old client. Well... a client from the future.",kod
D15_Y_T_RADIO_2,15,SPK_TOLGA,,0,Hikmet Amca? ...Gitti. Kahvehanenin radyosu benim telsizden iyi çekiyor.,Uncle Hikmet? ...Gone. The café's radio gets better reception than my handset.,kod
D16_G_CATCH_1,16,SPK_HASAN,[shouting],0,"Tavuk! Hüseyin, tavuk kaçıyor! (Seni başa bırakırlar)","Chicken! Hüseyin, the chicken's getting away! (They put you back at the start)",oyun
D16_G_CATCH_2,16,SPK_HASAN,,0,Yine mi bu tavuk? Bu tavuk bir yere gitmeye çalışıyor.,This chicken again? This chicken is trying to get somewhere.,oyun
D16_G_CATCH_3,16,SPK_HUSEYIN,,0,Tavuğun bir planı var Hasan. Gözlerinden anlıyorum.,"The chicken has a plan, Hasan. I can see it in its eyes.",oyun
D16_HU_GONE,16,SPK_HUSEYIN,,0,Tavuk da yok. İkisi birden. (Uzun sessizlik) Bunu kimseye anlatmıyoruz.,The chicken's gone too. Both of them. (A long silence) We're not telling anyone about this.,oyun
D16_HU_GONE_HUCUBE,16,SPK_HUSEYIN,,0,Tavuk da yok. Frenk de. Küp bende ama. (Uzun sessizlik) Bunu kimseye anlatmıyoruz.,"The chicken's gone too. And the Frank. I've still got the cube, though. (A long silence) We're not telling anyone about this.",varyant
D16_HU_GONE_HUFEZ,16,SPK_HUSEYIN,,0,Tavuk da yok. Frenk de. Fes duruyor ama. (Uzun sessizlik) Bunu kimseye anlatmıyoruz.,"The chicken's gone too. And the Frank. The fez is still here, though. (A long silence) We're not telling anyone about this.",varyant
D16_H_GONE,16,SPK_HASAN,,0,...Hüseyin. Omzumuzdaki Frenk nereye gitti?,...Hüseyin. Where did the Frank on our shoulders go?,oyun
D16_H_GONE_HUFEZ,16,SPK_HASAN,,0,...Fesli. Omzumuzdaki Frenk nereye gitti?,...Fez. Where did the Frank on our shoulders go?,varyant
D16_S_01,16,SPK_SINERJI,,0,Gıdak.,Cluck.,oyun
D16_S_02,16,SPK_SINERJI,,0,(Sinerji kırmızı ışığa bakar. Kırmızı ışık Sinerji'ye bakar. Karar verilmiştir.) GIDAK.,(Synergy looks at the red light. The red light looks back. A decision has been made.) CLUCK.,oyun
D16_S_CAT,16,SPK_SINERJI,[excited],0,GIDAK! (Kedi. Kedi her zaman kedi.),CLUCK! (A cat. A cat is always a cat.),kod
D16_S_LATE,16,SPK_SINERJI,,0,Gıdak... (Kırmızı ışık söner. Çok geç.),Cluck... (The red light goes out. Too late.),oyun
D16_S_LEB,16,SPK_SINERJI,,0,(Sinerji leblebiye bakar. Leblebi Sinerji'ye bakar. Karar değişmiştir.) ...Gıdak.,(Synergy looks at the leblebi. The leblebi looks back. The decision has changed.) ...Cluck.,oyun
D17O_A_01,17,SPK_TOPCU,,0,"Fesli yamak! Büro'dan mı gönderdiler seni? Burada top var, soru yok. Barut nerede, gülle nerede, öğren.","The lad in the fez! Did the Bureau send you? Here there are guns, not questions. Learn where the powder is and where the stones are.",kod
D17O_A_02,17,SPK_TOPCU,,0,"Bu gece gözünü sudan ayırma. Frenkler donanmayı yakmaya gelecekmiş, haber geldi. Nereden geldi, sorma.","Tonight, keep your eyes on the water. Word came that the Franks will try to burn the fleet. Don't ask where the word came from.",kod
D17O_A_BURNED,17,SPK_TOPCU,,0,Kıçı yandı ama gövde sağlam. Kurtardık sayılır.,"The stern burned but the hull holds. We saved it, more or less.",kod
D17O_A_DAWN,17,SPK_TOPCU,[tired],1,"Gece geçti. Onların bir gemisi battı, bizim bir kadırgamız yandı. Savaşın hesabı böyle tutulur.","The night is over. They lost a ship, we had a galley burn. That's how war keeps its books.",kod
D17O_A_FIRE,17,SPK_TOPCU,[shouting],0,Ateş çömleği! Kadırgaya düştü! Kovalar! Kıyıdan kovaları kapın!,A firepot! It hit a galley! Buckets! Grab the buckets from the shore!,kod
D17O_A_HIT_OTHER,17,SPK_TOPCU,[shouting],1,Vuruldu! Yandaki top vurdu. Seninki de yakındı.,A hit! The next gun got it. Yours was close too.,kod
D17O_A_HIT_YOU,17,SPK_TOPCU,[shouting],0,Vurduk! Senin gülle! Fusta ikiye ayrıldı!,A hit! Your stone! The fusta has split in two!,kod
D17O_A_LIGHT,17,SPK_TOPCU,[shouting],1,İşte! Galata'da bir ışık. Kimin elinde olduğunu bilen yok. Ama bu gece geliyorlar.,There! A light at Galata. No one knows whose hand holds it. But they're coming tonight.,kod
D17O_A_LOAD_1,17,SPK_AGENT1,[shouting],0,"Doldur! Barut, tapa, gülle, sıkıştır. Nişan önden gelen fustaya!","Load! Powder, wad, stone, ram. Aim at the fusta in front!",ad
D17O_A_LOAD_2,17,SPK_AGENT1,[shouting],0,"Bir daha! Yaklaştı, bu sefer kaçmaz!","Again! It's closer, it won't get away this time!",ad
D17O_A_MISS,17,SPK_TOPCU,[excited],0,"Açıkta düştü. Nişanı sola, yamak!","Wide of the mark. Aim left, lad!",kod
D17O_A_NEAR,17,SPK_TOPCU,[shouting],0,Yakın! Suyu kaldırdık. Bir daha!,Close! We raised the water. Again!,kod
D17O_A_OUT,17,SPK_TOPCU,[excited],1,"Söndü! Gemi kurtuldu. Yamak, sen topçu değil itfaiyeciymişsin.","It's out! The ship is saved. Lad, you're no gunner, you're a firefighter.",kod
D17O_A_WATCH,17,SPK_TOPCU,[whispers],1,"Fenersiz gelirler. Sudaki bir gölge, küreğin şapırtısı. Gördüğün an bağır.","They'll come without lanterns. A shadow on the water, the splash of an oar. Shout the moment you see it.",kod
D17O_K_COME,17,SPK_KADRI,[shouting],0,"Frenk! Kazanları boşalttık, kovaları getirdik! Yamaklar, hatta!","Frank! We've emptied the pots and brought the buckets! Boys, get in line!",kod
D17O_K_DAWN,17,SPK_KADRI,,0,"Kazanlarım boş, kovalarım ıslak. Sultan'ın kadırgası kurtuldu; bana bir kepçe borçlu.",My pots are empty and my buckets are wet. The Sultan's galley is saved; he owes me a ladle.,kod
D17O_K_DAWN_BURNED,17,SPK_KADRI,,0,"Kıçı yandı ama gövdesi yüzüyor. Mutfakta da böyledir: tencerenin dibi tutar, yemek kurtulur.","The stern burned, but the hull still floats. Same in the kitchen: the bottom of the pot catches, the meal survives.",kod
D17O_T_01,17,SPK_TOLGA,,0,"Öğrenirim, Topçubaşı. Ben hızlı öğrenirim. Sigortada her ay yeni mevzuat çıkar.","I'll learn, master gunner. I learn fast. In insurance there are new regulations every month.",kod
D17O_T_END,17,SPK_TOLGA,,0,"Karşı kıyıda da biri şimdi aynı şeyi söylüyordur. Aynı hesap, öbür taraftan.","Someone on the other shore is saying the same thing right now. The same books, from the other side.",kod
D17O_T_HIT,17,SPK_TOLGA,[sad],1,"Batıyor. Suda insanlar var. Öbür kıyıda da, bu kıyıda da insanlar.","It's sinking. There are people in the water. People on that shore, people on this one.",kod
D17O_T_MISSED,17,SPK_TOLGA,[sighs],1,Kaçırdım... Nihat Bey not düşer herhalde.,"Missed it... Mr Nihat will make a note, I suppose.",kod
D17O_T_POUR_1,17,SPK_TOLGA,[panicked],1,Bir kova! Buhar... iyi işaret mi?,One bucket! Steam... is that a good sign?,ad
D17O_T_POUR_2,17,SPK_TOLGA,,0,İkinci! Kasko olsa hasar tespitini şimdiden yazardım.,Two! If this were car insurance I'd already be writing up the claim.,ad
D17O_T_POUR_3,17,SPK_TOLGA,[shouting],0,Üçüncü! Söndü mü? Söndü!,Three! Is it out? It's out!,ad
D17O_T_SPOT,17,SPK_TOLGA,[shouting],0,"Orada! Bir gölge... bir değil, üç! Önden gelen küçük ve hızlı!","There! A shadow... not one, three! The one in front is small and fast!",kod
D17_CO_01,17,SPK_COCO,[shouting],0,Beklemek yok! Şafaktan önce o gemiler yanacak. Ardımdan gelin!,No waiting! Those ships burn before dawn. Follow me!,kod
D17_CO_GO,17,SPK_COCO,[excited],0,"Gördüler mi görmediler mi, fark etmez. İleri!","Seen or not, it doesn't matter. Forward!",kod
D17_G_HELP,17,SPK_GENOESE,[excited],0,"Yeni gelen! Cattaneo'nun gemisinden iki kişiyiz. 20 Nisan'da küpeştede ipleri sen kesmiştin; kaptan ""borcunuzu ödeyin"" dedi. Halat bizden, sen çek!","New man! Two of us from Cattaneo's ship. On 20 April you cut the ropes at the rail; the captain said ""go pay your debt"". We'll hold the rope, you pull!",kod
D17_HINT_RESCUE,17,SPK_TOLGA,,0,"Korkuluğa git, aşağı bak, uzan. Tarih değişmez ama insan çekilir.","Go to the rail, look down, reach. History doesn't change, but people can be pulled out.",kod
D17_HINT_ROW,17,SPK_TOLGA,[whispers],1,"Yeşilde bas, şapırdatma. Pilates'te de böyle diyorlardı.","Press in the green, don't splash. That's what they said at Pilates too.",kod
D17_L_CHAIN,17,SPK_LOOKOUT,[shouting],0,"Leblebici Frenk! Üç gecedir uyumadık, uyuyamıyoruz da! Feneri tuttuk: suda üç kafa var!","Chickpea Frank! Three nights without sleep, and we couldn't if we tried! We've got the lantern on them: three heads in the water!",kod
D17_N_01,17,SPK_NIHAT,,0,"Tolga Bey. Huzurdan çıktınız, biliyorum. Oturun. ...Oturacak yer yok. Ayakta durun.","Mr Tolga. You've just left the audience, I know. Have a seat. ...There are no seats. Remain standing.",kod
D17_N_01_NOAUD,17,SPK_NIHAT,,0,Tolga Bey. Yine karşılaştık. Oturun. ...Oturacak yer yok. Ayakta durun.,Mr Tolga. We meet again. Have a seat. ...There are no seats. Remain standing.,kod
D17_N_01_WALLS,17,SPK_NIHAT,,0,"Tolga Bey. Sizi surlardan, İmparator'un yanından aldım, biliyorum. Oturun. ...Oturacak yer yok. Ayakta durun.","Mr Tolga. I took you off the walls, from the Emperor's side, I know. Have a seat. ...There are no seats. Remain standing.",kod
D17_N_02,17,SPK_NIHAT,,0,Şu ekrana bakın. Kuşatmanın 28 Nisan'dan sonrası. Her paragrafın yanında aynı şey: kaynak belirtilmeli.,"Look at that screen. The siege, everything after the 28th of April. Every paragraph says the same thing: citation needed.",kod
D17_N_03,17,SPK_NIHAT,,0,"Tanık zincirini kopardınız. Yönetmelik açık: görülmeyen olay kesinleşmez. Olaylar oluyor, ama kimse görmüyor.","You broke the chain of witnesses. The regulation is clear: an unseen event is not final. Things are happening, but nobody is watching.",kod
D17_N_04,17,SPK_NIHAT,,0,"Size bir aylık Geçici Tanık Sözleşmesi hazırladım. Form Z-1453/GT. Kadrolu olursunuz, Büro aracıyla kuşatmanın her gününe gidip dönersiniz.","I have prepared a one-month Temporary Witness Contract. Form Z-1453/TW. You become staff, so you can travel to every day of the siege in Bureau vehicles.",kod
D17_N_05,17,SPK_NIHAT,,0,"Siz hasar tespit uzmanısınız, değil mi?","You are a damage assessor, are you not?",kod
D17_N_06,17,SPK_NIHAT,,0,"Prensip aynı. Fotoğraf, tarih, imza. Her olayın bir karesini çekeceksiniz. Doğru anda, doğru şeyin.","Same principle. Photo, date, signature. You will take one frame of each event. The right thing, at the right moment.",kod
D17_N_07,17,SPK_NIHAT,,0,İlk kayıt: 28 Nisan gecesi. Venedikliler Haliç'teki Osmanlı gemilerini yakmaya gidecek. Başaramayacaklar. Siz onların kayığında olacaksınız.,First entry: the night of 28 April. The Venetians will try to burn the Ottoman ships in the Golden Horn. They will fail. You will be in their boat.,kod
D17_N_07O,17,SPK_NIHAT,,0,İlk kayıt: 28 Nisan gecesi. Venedikliler donanmayı yakmaya gelecek. Başaramayacaklar. Siz kıyıdaki topçuların yanında olacaksınız.,First entry: the night of 28 April. The Venetians will come to burn the fleet. They will fail. You will be with the gunners on the shore.,kod
D17_N_08,17,SPK_NIHAT,,0,"Tarih inatçıdır, Tolga Bey. Siz sadece orada olun.","History is stubborn, Mr Tolga. You just be there.",kod
D17_N_ARREST,17,SPK_NIHAT,,0,"Tutuklusunuz, biliyorum. Formu imzalarsanız bir aylığına tanık statüsüne geçersiniz. Bürokrasi her kapıyı açar, önce kendi kapısını.","You are under arrest, I know. If you sign the form, you become a witness for one month. Bureaucracy opens every door, starting with its own.",kod
D17_N_BACK,17,SPK_NIHAT,,0,"Büro zamanın dışındadır. İşiniz bitince sizi aldığım ana, 26 Nisan öğlesine bırakacağım. Hikmet Bey'in penceresi bir saniye bile kaymaz.","The Bureau is outside time. When you're done I will put you back at the moment I took you, noon on 26 April. Mr Hikmet's window will not shift by a second.",kod
D17_N_BACK_DUSK,17,SPK_NIHAT,,0,"Büro zamanın dışındadır. İşiniz bitince sizi aldığım ana, 26 Nisan gün batımına bırakacağım. Hikmet Bey'in penceresi bir saniye bile kaymaz.","The Bureau is outside time. When you're done I will put you back at the moment I took you, sunset on 26 April. Mr Hikmet's window will not shift by a second.",varyant
D17_N_CAM_1,17,SPK_NIHAT,,0,"Büro'nun tespit makinesi. Model Z-0, anlık baskı. Siz çekersiniz, dosya basar.","The Bureau's recording camera. Model Z-0, instant print. You take the picture, the file prints it.",kod
D17_N_CAM_2,17,SPK_NIHAT,,0,"Telefon karesi silinir, Tolga Bey. Bunun karesi elinize düşer, imzalanır, dosyaya girer. Buyurun.","A phone picture gets deleted, Mr Tolga. This one drops into your hand, gets signed and goes in the file. Here.",kod
D17_N_CAM_3,17,SPK_NIHAT,,0,Deneme karesi. Bana doğrultun; vizöre girince deklanşöre basın.,"A test frame. Point it at me; once I'm in the viewfinder, press the shutter.",kod
D17_N_CAM_4,17,SPK_NIHAT,,0,Gözümü kapatmışım. Büro fotoğrafında herkes gözünü kapatır. Dosyaya da öyle girer.,I've closed my eyes. Everyone closes their eyes in a Bureau photograph. That's how it goes in the file.,kod
D17_N_CLAIM,17,SPK_NIHAT,,0,"Dosyanızda bir sapma var, Tolga Bey: Heyet gecesi bir gedik, bir omuz, bir zincir. İmparator size 'yetecek mi' diye sordu. Cevabı 29 Mayıs şafağı verecek. O sabah surların içinde olursanız... tarih sizi dinleyebilir. Dışında olursanız dinlemez.","There's a deviation in your file, Mr Tolga: on the night of the embassy, a breach, a shoulder, a chain. The Emperor asked you 'will it be enough'. The dawn of 29 May will answer. If you're inside the walls that morning... history may listen to you. If you're outside, it won't.",ad
D17_N_CLAIM_NOQ,17,SPK_NIHAT,,0,"Dosyanızda bir sapma var, Tolga Bey: Heyet gecesi bir gedik, bir omuz, bir zincir. Yetip yetmeyeceğini 29 Mayıs şafağı söyleyecek. O sabah surların içinde olursanız... tarih sizi dinleyebilir. Dışında olursanız dinlemez.","There's a deviation in your file, Mr Tolga: on the night of the embassy, a breach, a shoulder, a chain. Whether it is enough, the dawn of 29 May will tell. If you're inside the walls that morning... history may listen to you. If you're outside, it won't.",ad
D17_N_CLAIM_SOME,17,SPK_NIHAT,,0,"Dosyanızda bir sapma var, Tolga Bey: Heyet gecesi surlara el attınız. Hepsine değil, ama el attınız. İmparator size 'yetecek mi' diye sordu. Cevabı 29 Mayıs şafağı verecek. O sabah surların içinde olursanız... tarih sizi dinleyebilir. Dışında olursanız dinlemez.","There's a deviation in your file, Mr Tolga: on the night of the embassy you put your hand to the walls. Not to all of it, but you did. The Emperor asked you 'will it be enough'. The dawn of 29 May will answer. If you're inside the walls that morning... history may listen to you. If you're outside, it won't.",ad
D17_N_CLAIM_SOME_NOQ,17,SPK_NIHAT,,0,"Dosyanızda bir sapma var, Tolga Bey: Heyet gecesi surlara el attınız. Yetip yetmeyeceğini 29 Mayıs şafağı söyleyecek. O sabah surların içinde olursanız... tarih sizi dinleyebilir. Dışında olursanız dinlemez.","There's a deviation in your file, Mr Tolga: on the night of the embassy you put your hand to the walls. Whether it is enough, the dawn of 29 May will tell. If you're inside the walls that morning... history may listen to you. If you're outside, it won't.",ad
D17_N_END,17,SPK_NIHAT,,0,"Kayda geçti, Tolga Bey. 28 Nisan'ın yanındaki etiket düştü. Dokuz tane daha var.","It's on the record, Mr Tolga. The tag next to 28 April is gone. Nine more to go.",kod
D17_N_END_ANY,17,SPK_NIHAT,,0,"Kayda geçti, Tolga Bey. 28 Nisan'ın yanındaki etiket düştü. Gerisi sırada.","It's on the record, Mr Tolga. The tag next to 28 April is gone. The rest are queued.",kod
D17_N_FEZ_ISSUE,17,SPK_NIHAT,,0,"Cebinizde durmasın. Ordugâhta başı açık bir Frenk göze batar. Takın, Tolga Bey; dosyadaki kılığınız bu.","Don't keep it in your pocket. A bare-headed Frank sticks out in the camp. Put it on, Mr Tolga; that's the appearance on your file.",kod
D17_N_FIRST_28,17,SPK_NIHAT,,0,"Bir düzeltme, Tolga Bey: Osmanlı nüshası daha erken açılmış. İlk kayıt 11 Nisan, Urban'ın bataryası. Kulaklarınızı kapatmanızı öneririm.","One correction, Mr Tolga: the Ottoman copy opens earlier. First entry: 11 April, Urban's battery. I suggest covering your ears.",ad
D17_N_FIRST_29,17,SPK_NIHAT,,0,"Bir düzeltme, Tolga Bey: dosya bir hafta önce açılmış. İlk kayıt 20 Nisan, zincirin önünde bir deniz savaşı. Yüzme biliyorsunuz, değil mi?","One correction, Mr Tolga: the file was opened a week earlier. First entry: 20 April, a sea battle in front of the chain. You can swim, can't you?",ad
D17_N_FIRST_33,17,SPK_NIHAT,,0,"Bir düzeltme, Tolga Bey: Osmanlı nüshası çok daha erken açılmış. İlk kayıt Ağustos 1452, Boğaz'ın en dar yerinde bir hisar. Kuşatmaya yedi ay var. Kendinize rastlamazsınız; rastladıklarınız sizi Nisan'da hatırlarsa, formda ona da kutu yok.","One correction, Mr Tolga: the Ottoman copy opens much earlier. First entry: August 1452, a fortress at the narrowest point of the Bosporus. Seven months before the siege. You won't run into yourself; if the people you run into remember you in April, there's no box on the form for that either.",ad
D17_N_INTRO_1,17,SPK_NIHAT,,0,"Tolga Bey. Tanışmadık; ama ben sizi iyi tanıyorum. Denetçi Nihat Zamanoğlu, Zaman Bürosu. Kartım.","Mr Tolga. We haven't met; but I know you well. Inspector Nihat Zamanoğlu, the Time Bureau. My card.",kod
D17_N_INTRO_2,17,SPK_NIHAT,,0,Rutin denetim. Sizi 1453'ten kısa bir süreliğine aldık; döndüğünüzde aynı dakikada olacaksınız. Oturun. ...Oturacak yer yok. Ayakta durun.,A routine inspection. We've taken you out of 1453 for a short while; when you go back it will be the same minute. Have a seat. ...There are no seats. Remain standing.,kod
D17_N_MISSED,17,SPK_NIHAT,,0,"Kaçırdınız. Not düşüyorum: 'Işık görüldü, fotoğraflanamadı.' Olur, olur.","You missed it. I'm noting: 'Light observed, not photographed.' It happens.",kod
D17_N_PHONE_ISSUE,17,SPK_NIHAT,,0,Bir dakika. Telefonunuz yok mu? Garajda mı bıraktınız? ...Büro'nun zimmet telefonu. Şarjı yüzde on dört. Hep yüzde on dört. İmza buraya.,One moment. You have no phone? Left it in the garage? ...The Bureau's issued phone. Battery fourteen percent. Always fourteen percent. Sign here.,ad
D17_N_POLICY,17,SPK_NIHAT,,0,"Büro personeli ölmez, Tolga Bey. Sadece geç kalır. Madde 9.","Bureau staff do not die, Mr Tolga. They are merely delayed. Clause 9.",kod
D17_N_RADIO_LIGHT,17,SPK_NIHAT,,0,"Tespit edin, Tolga Bey. Işığın karesi. Kimin yaktığını yazmayın, kaynaklar çelişiyor.","Record it, Mr Tolga. A frame of the light. Do not write who lit it; the sources disagree.",kod
D17_N_READ,17,SPK_NIHAT,,0,"Kırk iki sayfa. Özeti şu: değiştirmeyeceksiniz, belgeleyeceksiniz. Gerisi dipnot.",Forty-two pages. The summary: you will not change anything; you will document. The rest is footnotes.,kod
D17_N_RULE,17,SPK_NIHAT,,0,"Bir kural daha. Büro sizi birlikte çalışacağınız yerlilere adınızla ve görevinizle tanıtır; sizi tanıyormuş gibi davranırlar. Dosya kapanınca unuturlar. Öncesini de, sonrasını da.","One more rule. The Bureau introduces you to the locals you'll work with by name and by duty; they will treat you as someone they know. When the file closes, they forget. Before and after alike.",kod
D17_N_SHOT,17,SPK_NIHAT,,0,Titrek kare de karedir. Dosyaya girdi.,A shaky frame is still a frame. It's in the file.,kod
D17_N_SIDE,17,SPK_NIHAT,,0,Bir şey daha. Kuşatmanın kayıtları iki nüsha tutulur: surların önünden ve surların içinden. Birini siz tutacaksınız.,One more thing. The siege is recorded in two copies: from before the walls and from inside them. You will keep one.,kod
D17_N_SUGGEST_B,17,SPK_NIHAT,,0,Sizin dosyanıza bakılırsa surların içini daha iyi tanıyorsunuz. Ama karar sizin.,"Judging by your file, you know the inside of the walls better. But the choice is yours.",ad
D17_N_SUGGEST_O,17,SPK_NIHAT,,0,Sizin dosyanıza bakılırsa ordugâhı daha iyi tanıyorsunuz. Ama karar sizin.,"Judging by your file, you know the camp better. But the choice is yours.",ad
D17_TR_01,17,SPK_TREVISANO,,0,Büro'nun adamı sen misin? Kürek çekmeyi bilir misin?,You're the Bureau's man? Do you know how to row?,kod
D17_TR_02,17,SPK_TREVISANO,[whispers],1,"Coco önden gidecek, biz arkasından. Kürekler suya sessiz girecek. Ve neden ters oturuyorsun?","Coco goes ahead, we follow. Oars go into the water silently. And why are you sitting backwards?",kod
D17_TR_BACK,17,SPK_TREVISANO,[shouting],0,Geri! Geri çekiliyoruz! Bu gece yanan biz olduk.,Back! We pull back! Tonight it was us who burned.,kod
D17_TR_COCO,17,SPK_TREVISANO,[sad],1,"Coco dönmedi. Galata'da ışık yandı, diyorlar. Cenevizliler 'Coco acele etti' diyor. Kim bilir.",Coco didn't come back. They say a light burned in Galata. The Genoese say Coco was in a hurry. Who knows.,kod
D17_TR_FELL,17,SPK_TREVISANO,[shouting],0,Tolga suya düştü! Halat!,Tolga's overboard! Rope!,kod
D17_TR_GUNS,17,SPK_TREVISANO,[shouting],0,Toplar! Kıyıdan! Eğilin!,Guns! From the shore! Heads down!,kod
D17_TR_HIT,17,SPK_TREVISANO,[shouting],0,Coco! Coco'nun fustası vuruldu!,Coco! Coco's ship is hit!,kod
D17_TR_IDLE,17,SPK_TREVISANO,[shouting],0,"Kürek! Kürek bırakılmaz! Sen durursan kadırga durur, kadırga durursa Coco yalnız kalır!","Oars! You don't let go of the oar! You stop, the galley stops, and Coco's on his own!",kod
D17_TR_LIGHT,17,SPK_TREVISANO,[panicked],1,Durun! Işık... Galata'dan. Birisi işaret veriyor.,Stop! A light... from Galata. Someone is signalling.,kod
D17_TR_NOISE,17,SPK_TREVISANO,[shouting],0,Sessiz! Bütün Haliç duydu!,Quiet! The whole Horn heard that!,kod
D17_TR_RESCUE,17,SPK_TREVISANO,[shouting],0,"Kürekleri bırakın! Suya düşenleri çekin, çabuk!","Ship oars! Pull the men out of the water, quick!",kod
D17_TR_SHORT,17,SPK_TREVISANO,[excited],0,"Cattaneo'nun adamları 20 Nisan'dan beri karakayı onarıyor; bu gece bize kürekçi veremediler. Elimiz eksik, Büro adamı. Çabuk ol!","Cattaneo's men have been patching up the carrack since 20 April; they couldn't spare us oarsmen tonight. We're short-handed, Bureau man. Be quick!",kod
D17_TR_THANKS,17,SPK_TREVISANO,,0,Çektiğin adamlar sağ. Sana birer şarap borçlular.,The men you pulled out are alive. They each owe you a wine.,kod
D17_T_01,17,SPK_TOLGA,,0,Kano yaptım. Bir kere. Göletteydi.,I've kayaked. Once. On a pond.,kod
D17_T_02,17,SPK_TOLGA,,0,Yolu görmem lazım. Ben tespit uzmanıyım.,I need to see where we're going. I'm the assessor.,kod
D17_T_05,17,SPK_TOLGA,,0,"Kasko hasarı, Nihat Bey. Kuşatma değil.","Car insurance claims, Mr Nihat. Not sieges.",kod
D17_T_07,17,SPK_TOLGA,,0,Ne olacağını bile bile orada mı duracağım?,So I'll be standing there knowing how it ends?,kod
D17_T_CAM_1,17,SPK_TOLGA,,0,"Nihat Bey, bu makine dedemden eski. Telefonla çeksem olmaz mı?","Mr Nihat, this camera is older than my grandfather. Can't I just use my phone?",kod
D17_T_CHAIN,17,SPK_TOLGA,,0,İki tane yemişler. Hâlâ konuşuyorlar.,They ate two. They're still talking.,kod
D17_T_CLAIM,17,SPK_TOLGA,,0,Yani sınav 29 Mayıs'ta. Sigortada buna 'hasar anı' derler.,So the exam is on 29 May. In insurance we call that 'the moment of loss'.,kod
D17_T_END,17,SPK_TOLGA,,0,Ben biliyorum ve bilmiyorum. Tuhaf bir iş bu.,"I know, and I don't. Strange job, this.",kod
D17_T_FELL,17,SPK_TOLGA,[scared],1,Su... soğukmuş. Poliçede bu da yok.,The water... is cold. That's not in the policy either.,kod
D17_T_HIT,17,SPK_TOLGA,[sad],1,Batıyor... Suda insanlar var.,It's sinking... There are people in the water.,kod
D17_T_INTRO,17,SPK_TOLGA,,0,Zaman Bürosu mu? Hikmet Amca'nın garajının önündeki gri minibüs... Siz miydiniz?,The Time Bureau? The grey van outside Uncle Hikmet's garage... That was you?,kod
D17_T_POLICY,17,SPK_TOLGA,,0,Kuşatmada iş kazası kapsamda mı? Top güllesi mesela?,"Are workplace accidents covered during a siege? Cannonballs, say?",kod
D17_T_PRO_1,17,SPK_TOLGA,,0,"Ben ne yaptım ki? Leblebi yedim, bir iki kişiye kartvizit verdim.",What did I even do? I ate chickpeas and handed out a couple of business cards.,kod
D17_T_PRO_1_NOLEB,17,SPK_TOLGA,,0,"Ben ne yaptım ki? Biraz dolaştım, bir iki kişiye kartvizit verdim.",What did I even do? I wandered about and handed out a couple of business cards.,kod
D17_T_PULL_1,17,SPK_TOLGA,[shouting],1,Tuttum! Tuttum... ağırmış.,Got him! Got him... heavy.,ad
D17_T_PULL_2,17,SPK_TOLGA,[shouting],1,"Gel, gel. Kasko değil ama gel.","Come on, come on. Not covered, but come on.",ad
D17_T_PULL_3,17,SPK_TOLGA,[shouting],0,"Üçüncü! Bu hasar tespit değil, cankurtaranlık!","Third one! This isn't damage assessment, it's lifeguarding!",ad
D17_T_READ,17,SPK_TOLGA,,0,Önce bir okuyayım. Mesleki alışkanlık.,Let me read it first. Occupational habit.,kod
D17_T_RULE,17,SPK_TOLGA,,0,"Yani herkes beni bir aylığına tanıyacak, sonra hiç tanımamış olacak. Sigortada buna 'geçici teminat' denir.","So everyone will know me for a month, and then never have known me. In insurance we call that 'temporary cover'.",kod
D17_T_SHOT,17,SPK_TOLGA,,0,Çektim. Biraz titrek. Kayık sallanıyor.,Got it. A bit shaky. The boat's rocking.,kod
D17_T_SIDE_B,17,SPK_TOLGA,,0,"Surların içi. Niko'yu, Giustiniani'yi tanıyorum. Oradan başlayayım.","Inside the walls. I know Niko, I know Giustiniani. Let me start there.",ad
D17_T_SIDE_B_GIUST,17,SPK_TOLGA,,0,Surların içi. Giustiniani'yi tanıyorum. Oradan başlayayım.,Inside the walls. I know Giustiniani. Let me start there.,ad
D17_T_SIDE_B_NEW,17,SPK_TOLGA,,0,Surların içi. Orada kimseyi tanımıyorum. Belki iyi; kimse de beni tanımıyor.,Inside the walls. I don't know anyone there. Maybe that's good; nobody knows me either.,ad
D17_T_SIDE_B_NIKO,17,SPK_TOLGA,,0,Surların içi. Niko'yu tanıyorum. Oradan başlayayım.,Inside the walls. I know Niko. Let me start there.,ad
D17_T_SIDE_O,17,SPK_TOLGA,,0,"Ordugâh. Hasan'ı, Hüseyin'i, Urban'ı tanıyorum. Fesim de hazır.","The camp. I know Hasan, Hüseyin, Urban. And my fez is ready.",ad
D17_T_SIDE_O_NEW,17,SPK_TOLGA,,0,"Ordugâh. Çadırları, mutfağı, kapıdaki soruları biliyorum. Fesim de hazır.","The camp. I know the tents, the kitchen, the questions at the gate. And my fez is ready.",ad
D17_T_SIDE_O_NEW_NOFEZ,17,SPK_TOLGA,,0,"Ordugâh. Çadırları, mutfağı, kapıdaki soruları biliyorum. Fesim de cebimde.","The camp. I know the tents, the kitchen, the questions at the gate. And my fez is in my pocket.",ad
D17_T_SIDE_O_NOFEZ,17,SPK_TOLGA,,0,"Ordugâh. Hasan'ı, Hüseyin'i, Urban'ı tanıyorum. Fesim de cebimde.","The camp. I know Hasan, Hüseyin, Urban. And my fez is in my pocket.",ad
D17_T_WINDOW,17,SPK_TOLGA,[shouting],0,"Bir ay mı? Nihat Bey, Hikmet Amca pencereyi açacak! Servis kaçacak!","A month? Mr Nihat, Uncle Hikmet is about to open the window! I'll miss the bus!",kod
D18B_G_01,18,SPK_DEFENDER,,0,"Sen Büro'nun adamısın, değil mi? Tut şu tokmağı. Bak: fıçıların üstüne kalas, kalasın üstüne top. Sultan Haliç'i yürüyerek geçiyor.","""You're the Bureau's man, aren't you? Hold this rammer. Look: planks on barrels, a gun on the planks. The Sultan is walking across the Golden Horn.""",kod
D18B_G_02,18,SPK_DEFENDER,,0,"""Büyüğü var, ama surun kendisi yaşlı. Büyük barut koyarsan gülle köprüye gider, sur da bizim tepemize. Az koyarsan sur sağlam, gülle suya. Seç bakalım, kâtip.""","""We have a big one, but the wall itself is old. Load a big charge and the ball reaches the bridge, and the wall comes down on our heads. Load a small one and the wall's safe, the ball goes in the water. Your choice, clerk.""",kod
D18B_G_CRACK_1,18,SPK_HASAN,[nervous],1,Duydun mu? Taşlar oynadı. Mazgalın dibinde bir çatlak.,Did you hear that? The stones shifted. A crack at the foot of the embrasure.,ad
D18B_G_CRACK_2,18,SPK_HASAN,[nervous],1,Çatlak büyüyor. Bu sur Osmanlıdan önce bizim topumuza yenilecek.,The crack's growing. This wall will fall to our own gun before the Ottomans get it.,ad
D18B_G_END_HIT,18,SPK_DEFENDER,[proud],1,"Köprüyü sarstık. Yarın onarırlar, biliyorum. Ama Sultan da bildi ki biz buradayız.","""We shook the bridge. They'll repair it tomorrow, I know. But the Sultan knows now that we're here.""",kod
D18B_G_END_MISS,18,SPK_DEFENDER,,0,"Bugün köprüye bir şey olmadı. Olsun. Sur ayakta, top sağlam, biz buradayız.","""Nothing happened to the bridge today. Never mind. The wall stands, the gun's whole, we're here.""",kod
D18B_G_HIT_1,18,SPK_HASAN,[shouting],0,"Değdi! Fıçılardan biri yarıldı, bak eğiliyor!","A hit! One of the barrels split; look, it's tilting!",ad
D18B_G_HIT_2,18,SPK_HASAN,[shouting],0,Bir daha! Kalaslar suya kayıyor! Yarın yine yaparlar ama bugün yaptık!,"Again! The planks are sliding into the water! They'll fix it tomorrow, but today we did this!",ad
D18B_G_MISS,18,SPK_DEFENDER,,0,"Menzil yetti, nişan yetmedi. Köprünün yanından geçti.","The range was fine, the aim wasn't. It went past the bridge.",kod
D18B_G_SHORT,18,SPK_DEFENDER,,0,"Suya düştü. Az barut, az yol. Sur sağlam en azından.","Into the water. A small charge, a short trip. At least the wall's sound.",kod
D18B_N_01,18,SPK_NIHAT,,0,"Tolga Bey, Osmanlı nüshasında bu köprüyü kuranlar yazılı. Sizin nüshanızda ona bakanlar. Bu surdan bir top atıldığı da yazılı. Kaç tane, yazmıyor.","""Mr Tolga, the Ottoman copy records the men who built this bridge. Yours records the men who watched it. It also records that a gun fired from this wall. How many times, it doesn't say.""",kod
D18B_N_END,18,SPK_NIHAT,,0,"Kaydedildi. Mayıs başı, Bizans nüshası. Kaynaklar köprünün kuşatmanın sonuna kadar ayakta kaldığını yazar.","""Recorded. Early May, the Byzantine copy. The sources say the bridge stood until the end of the siege.""",kod
D18B_T_01,18,SPK_TOLGA,,0,Bizim topumuz neden bu kadar küçük?,Why is our gun so small?,kod
D18B_T_END,18,SPK_TOLGA,,0,"Karşıda köprüyü kuranlar, burada ona ateş edenler. İkisi de kendi işini iyi yapıyor.","""Over there, the men who built the bridge; here, the men firing at it. Both are good at their jobs.""",kod
D18B_T_REPLY,18,SPK_TOLGA,[panicked],1,Karşılık verdiler! Surun dibine... Kimse yaralı değil mi?,They're firing back! At the foot of the wall... Is anyone hurt?,kod
D18_HA_01,18,SPK_HASAN,,0,"Fesli! Köprü mü kuruyorsun? Biz fıçıyı tutarız, sen bağla. Nöbetten iyidir.","Fez boy! Building a bridge? We'll hold the barrels, you tie. Beats guard duty.",kod
D18_HU_01,18,SPK_HUSEYIN,,0,Ben Hasan'ım. ...Değilim. Hüseyin'im. Fıçıyı tutan da benim.,I'm Hasan. ...I'm not. I'm Hüseyin. And I'm the one holding the barrel.,kod
D18_HU_01_HUFEZ,18,SPK_HUSEYIN,,0,"Fesli olan Hüseyin. Yani ben. Fıçıyı ben tutarım, ipi sen bağla.",The one in the fez is Hüseyin. That's me. I'll hold the barrel; you tie the rope.,varyant
D18_N_01,18,SPK_NIHAT,,0,"Bu kayıt Osmanlı tarafında, Tolga Bey. Haliç'in iç ucuna fıçılar üstünde bir köprü kuruluyor. Siz yardım edeceksiniz ve... fes sizde, iyi.","This entry is on the Ottoman side, Mr Tolga. A bridge on barrels is being built across the head of the Horn. You'll help, and... you have the fez, good.",kod
D18_N_END,18,SPK_NIHAT,,0,"Kaydedildi. Mayıs başının etiketi düştü. Bu kayıtta iki tarafın da emeği var, Tolga Bey. Tarih ikisini de yazar.","Recorded. The tag for early May is gone. This entry holds the labour of both sides, Mr Tolga. History writes them both.",kod
D18_T_01,18,SPK_TOLGA,,0,"Usta, bu köprünün yapı sigortası var mı? Deprem, sel, düşman topu...","Master, does this bridge have construction insurance? Earthquake, flood, enemy cannon...",kod
D18_T_CANNON,18,SPK_TOLGA,,0,"Topu köprüye çekiyorlar. Köprü dediğin yol değil, top kundağıymış.",They're hauling the gun onto the bridge. So the bridge isn't a road; it's a gun platform.,kod
D18_T_END,18,SPK_TOLGA,,0,"Fıçı, halat, kalas. Savaşın büyük kısmı bunlarmış. Belgesellerde hep kılıç gösteriyorlar.","Barrels, rope, planks. Most of a war turns out to be this. Documentaries always show swords.",kod
D18_T_SECTION,18,SPK_TOLGA,,0,Bir bölüm daha. Poliçede bunun adı 'yüzer yapı'.,Another section. In a policy we'd call this a 'floating structure'.,kod
D18_U_01,18,SPK_USTA,,0,"Yeni yamak sen misin? Fesin düzgün, elin boş. İyi. Burada her el lazım.","You're the new hand? Your fez is straight, your hands are empty. Good. Every hand is needed here.",kod
D18_U_02,18,SPK_USTA,,0,"Deprem maddesi mi? Fıçı yüzer, evlat. Deprem suya ne yapar? Sıra şu: fıçı çiftini suya, halatla bağla, kalası döşe. Altı bölüm.","An earthquake clause? Barrels float, lad. What can an earthquake do to water? The order is this: a pair of barrels in the water, lash them, lay the planks. Six sections.",kod
D18_U_BARRELS,18,SPK_USTA,[shouting],0,Suya! İkisi yan yana! Şimdi bağla!,Into the water! Side by side! Now lash them!,kod
D18_U_CROOKED,18,SPK_USTA,,0,Bitti... biraz eğri. Ama ayakta. Top geçer mi? Geçer. Dua et.,Done... a little crooked. But it stands. Will a cannon cross it? It will. Pray.,kod
D18_U_DONE,18,SPK_USTA,[proud],1,Bitti! Dümdüz. Sultan buna bakınca gülümser.,Done! Straight as an arrow. The Sultan will smile at this.,kod
D18_U_END,18,SPK_USTA,,0,Artık surun bu ucu da topun menzilinde. Haliç bizim tarafa daraldı.,Now this end of the walls is in the gun's range too. The Horn has narrowed on our side.,kod
D18_U_MISS_1,18,SPK_USTA,[angry],1,Gevşek! Gevşek bağ köprüyü eğer.,Loose! A loose knot bends the bridge.,ad
D18_U_MISS_2,18,SPK_USTA,[excited],0,"Evlat, bu düğüm değil, dilek. Sıkı!","Lad, that's not a knot, it's a wish. Tight!",ad
D18_U_MISS_3,18,SPK_USTA,[excited],0,Koli bandı mı düşünüyorsun? Bu halat. Halat!,Are you thinking of your packing tape? This is rope. Rope!,ad
D18_U_SECTION_2,18,SPK_USTA,[excited],1,İki bölüm! Karşı kıyı bizi görüyor artık.,Two sections! The far shore can see us now.,ad
D18_U_SECTION_4,18,SPK_USTA,[proud],1,Dört! Yarısını geçtik. Sallanıyor mu? Sallanmıyor. Güzel.,Four! We're past halfway. Does it sway? It doesn't. Good.,ad
D18_U_TAPE,18,SPK_USTA,,0,"Bu ne? Yapışkan ip mi? ...Halatın üstüne sardın, düğüm yerinde kaldı. Venedik'te böyle bir şey yok.",What's that? Sticky rope? ...You wrapped it over the hawser and the knot stayed put. They don't have this in Venice.,kod
D18_U_TAPE_2,18,SPK_USTA,,0,Yine mi? Sultan bu köprüden geçerken şeritleri saymasın da.,Again? Let's hope the Sultan doesn't count the strips when he crosses.,kod
D18_U_TWINS,18,SPK_USTA,,0,İki yeniçeri fıçı tutuyor. Ömrümde görmedim. Tutun bakalım: fıçı oynamazsa düğüm kaçmaz.,"Two Janissaries holding barrels. Never seen it in my life. Hold on, then: if the barrel doesn't move, the knot doesn't slip.",kod
D19O_C_ANSWER,19,SPK_BRIG,[shouting],0,"Selamün... aleyküm! Gelibolu'ya gideriz, erzak için! Sultan'ın gemisiyiz!","Peace be... upon you! We go to Gallipoli, for supplies! We are the Sultan's ship!",kod
D19O_C_TELL,19,SPK_BRIG,[shouting],0,"Hah hah! Kâtibiniz şakacı! Rüzgâr arkanızda olsun, efendi!","Ha ha! Your clerk is a joker! May the wind be behind you, sir!",kod
D19O_C_WISH,19,SPK_BRIG,,0,"(Kaptan Tolga'ya uzun uzun bakar.) ...Size de. Grazie. Yani, sağ olun.","(The captain looks at Tolga for a long moment.) ...And to you. Grazie. I mean, thank you.",kod
D19O_N_01,19,SPK_NIHAT,,0,"Tolga Bey, bu gecenin Bizans nüshasında sarıklı bir gemi zincirden çıkar. Osmanlı nüshasında onu gören bir devriye var. Siz o devriyedesiniz.","""Mr Tolga, in the Byzantine copy of tonight a ship full of turbans slips out through the chain. In the Ottoman copy there's a patrol that sees it. You're on that patrol.""",kod
D19O_N_END,19,SPK_NIHAT,,0,"Kaydedildi. 3 ve 23 Mayıs, Osmanlı nüshası. Bizans nüshasında bu gemi haberi İmparator'a getirir: Venedik donanması yok.","""Recorded. 3 and 23 May, the Ottoman copy. In the Byzantine copy this ship brings the Emperor the news: there is no Venetian fleet.""",kod
D19O_N_GONE,19,SPK_NIHAT,,0,Kaydedildi. Brigantin Ege'ye çıktı. Bizans nüshasında yirmi gün boş ufuk yazar. Sizin nüshanızda yirmi gün devriye.,"""Recorded. The brigantine is out in the Aegean. The Byzantine copy has twenty days of empty horizon. Yours has twenty days of patrol.""",kod
D19O_R_01,19,SPK_PATROL,,0,"Kürek başına, kâtip. Hamza Bey zincirin önünde bir sinek uçsa bilmek ister. Bu gece sinek de biziz, göz de biziz.","""To the oar, clerk. Hamza Bey wants to know if a fly passes the chain. Tonight we're the fly and the eye both.""",kod
D19O_R_02,19,SPK_PATROL,[whispers],1,"Yeşil yerde çek. Erken çekersen su şapırdar, sur duyar. Geç çekersen kayık durur, ben duyarım.","""Pull on the green. Pull early and the water slaps, the wall hears it. Pull late and the boat stops, and I hear it.""",kod
D19O_R_BACK,19,SPK_PATROL,[excited],0,Şu yelkene bak. İki direk... Aynı gemi! Sarıklar yine ters! Kürek! Zincire girmeden yetişin!,"""Look at that sail. Two masts... The same ship! The turbans backwards again! Oars! Catch it before it reaches the chain!""",kod
D19O_R_CHAIN,19,SPK_PATROL,[nervous],1,Zinciri indiriyorlar! Açtılar... ve kapattılar. İçeride.,They're lowering the chain! Opened it... and closed it. It's inside.,kod
D19O_R_CLOSE,19,SPK_PATROL,[nervous],1,Bir kürek boyu kaldı. Bir kürek boyu! Hamza Bey buna inanmaz.,"""One oar's length. One oar's length! Hamza Bey won't believe this.""",kod
D19O_R_GUN,19,SPK_PATROL,[shouting],0,"Kürek dursun! Tolga, al şu tüfeği. Yelkendekileri düşür, o gemi yavaşlasın!","Rest oars! Tolga, take this gun. Drop the men on the sails, slow that ship down!",kod
D19O_R_HOOKS_BAD,19,SPK_PATROL,,0,"...Bir dakika. 20 Nisan'da Baltaoğlu'nun kadırgasında kancaları tutmayan kürekçi sen değil miydin? Barut az; iki atış senin, boşa gitmesin.","...Wait a moment. Weren't you the oarsman whose hooks wouldn't hold on Baltaoğlu's galley on 20 April? Powder's short; two shots are yours, don't waste them.",kod
D19O_R_HOOKS_OK,19,SPK_PATROL,,0,Donanmada anlatıyorlar: 20 Nisan'da Baltaoğlu'nun kadırgasında kancası tutan kürekçi sendin. Kanca tutan el tüfeği de tutar; beş atış senin.,They tell it all over the fleet: on 20 April you were the oarsman whose hook held on Baltaoğlu's galley. A hand that holds a hook holds a gun; five shots are yours.,kod
D19O_R_PASS,19,SPK_PATROL,,0,"Geçin. Sabah Hamza Bey sorarsa, bir erzak gemisi gördük derim. Doğru da söylemiş olurum. Belki.","""Go on. If Hamza Bey asks in the morning, I'll say we saw a supply ship. I'll even be telling the truth. Maybe.""",kod
D19O_R_SILENT,19,SPK_PATROL,,0,"Gelibolu, ha? Gece erzak alınır mı? ...Neyse. Benim işim zincir, Gelibolu değil.","""Gallipoli, eh? Who fetches supplies at night? ...Never mind. My job is the chain, not Gallipoli.""",kod
D19O_R_TELL,19,SPK_PATROL,,0,Frenk olsa sarık takar mı? Sen de fes takıyorsun; sen Frenk misin? ...Deme. Bilmek istemiyorum.,"""Would a Frank wear a turban? You wear a fez; are you a Frank? ...Don't answer. I don't want to know.""",kod
D19O_R_WATCH,19,SPK_PATROL,[whispers],1,"Dur. Zincirin açıklığında bir şey kıpırdadı. Sende göz var, bak bakalım.",Stop. Something moved at the gap in the chain. You've got eyes; take a look.,kod
D19O_T_01,19,SPK_TOLGA,,0,"Bizim şirkette buna ""saha ziyareti"" derler. Kürek yoktu ama.","At my company they call this a ""site visit"". There were no oars, though.",kod
D19O_T_BACK,19,SPK_TOLGA,,0,Döndüler. Hiçbir şey bulamadan döndüler. Kaçabilirlerdi; döndüler.,"""They came back. Found nothing and came back. They could have run; they came back.""",kod
D19O_T_END,19,SPK_TOLGA,,0,Sustum. Ben susmasam da geçerlerdi; tarih böyle yazıyor. Yine de kayda susmayı yazdım.,"""I kept quiet. They'd have passed even if I hadn't; that's how history reads. Still, I wrote the silence into the record.""",kod
D19O_T_END_TOLD,19,SPK_TOLGA,,0,"Söyledim ve inanmadı. Kayıt böyle diyor: gören vardı, inanan yoktu.","I said it and he didn't believe me. That's what the record says: someone saw, no one believed.",kod
D19O_T_GUN_BAD,19,SPK_TOLGA,,0,"Sallanan kayıkta nişan almak, metrobüste imza atmaya benziyor.",Aiming from a rocking boat is like signing a contract on a crowded bus.,kod
D19O_T_GUN_GOOD,19,SPK_TOLGA,,0,Yelken boşaldı! Şimdi kürek. Bu sefer yetişeceğiz… herhalde.,The sails are unmanned! Now row. This time we'll catch them… probably.,kod
D19O_T_NOTICE,19,SPK_TOLGA,,0,"(İçinden) Sarıklar ters sarılmış. Kaptan ""aleyküm""ü ""alé-kum"" diye söyledi. Ayağındaki çizme Venedik işi. Bu gemi Gelibolu'ya gitmiyor.","""(To himself) The turbans are wound backwards. The captain said """"aleykum"""" as """"alé-kum"""". The boots on his feet are Venetian. This ship isn't going to Gallipoli.""",kod
D19O_T_SPOT,19,SPK_TOLGA,[whispers],1,Orada! İki direkli bir gemi. Sancağı bizim sancak... galiba.,There! A ship with two masts. The flag is ours... I think.,kod
D19O_T_TELL,19,SPK_TOLGA,[whispers],1,"Reis, bunlar Frenk. Sarıklara bak. Çizmelere bak.","""Captain, they're Franks. Look at the turbans. Look at the boots.""",kod
D19O_T_WISH,19,SPK_TOLGA,[shouting],0,Hayırlı yolculuklar! Rüzgâr arkanızda olsun!,Safe travels! May the wind be behind you!,kod
D19_C_01,19,SPK_BRIG,,0,"Sarıklar tamam, sancak tamam. Sen Türkçe biliyorsun, değil mi? Biri sorarsa sen konuşacaksın.","Turbans ready, banner ready. You speak Turkish, don't you? If anyone asks, you'll do the talking.",kod
D19_C_02,19,SPK_BRIG,[whispers],1,Fes yeter. Zincirin ucundan çıkıyoruz. Sessiz.,The fez will do. We slip out at the end of the chain. Quietly.,kod
D19_C_ASK,19,SPK_BRIG,,0,"Sen de bu gemidesin, Büro adamı. Oyunu söyle.","You're on this ship too, Bureau man. Cast your vote.",kod
D19_C_BROKEN,19,SPK_BRIG,[nervous],1,Biz... Türk. Çok Türk. Balık.,We... Turk. Very Turk. Fish.,kod
D19_C_DECIDED,19,SPK_BRIG,,0,"Çoğunluk dönüyor. Tayfa, yelkenleri çevirin. Şehre.","The majority returns. Crew, bring the sails round. To the city.",kod
D19_C_EMPTY,19,SPK_BRIG,[tired],1,"Yirmi gün. Ne Venedik, ne Papa'nın gemileri, ne bir haber.","Twenty days. No Venetians, no papal ships, not a word.",kod
D19_C_GRAIN_HALF,19,SPK_BRIG,,0,"Tayfa senin oyunu yarım sayıyor, Büro adamı. Ben yine de tam yazdım.","The crew counts your vote as half, Bureau man. I've written it down as a whole one anyway.",kod
D19_C_PASSED,19,SPK_BRIG,,0,"Geçtik. Nefes alın. Önümüz Marmara, sonra Ege.","We're through. Breathe. Ahead is the Marmara, then the Aegean.",kod
D19_C_REPORT,19,SPK_BRIG,[tired],1,"Donanma yok, Niko. Hiçbir yerde. Bunu söylemek için döndük.","There is no fleet, Niko. Nowhere. We came back to say so.",kod
D19_C_REPORT_TEZKIRE,19,SPK_BRIG,,0,"Bir de... Devriyeyi bu Frenk'in kâğıdıyla geçtik, Niko. Sultan'ın tuğrası.","And... we got past the patrol on this Frank's paper, Niko. The Sultan's tughra.",kod
D19_C_TEZKIRE,19,SPK_BRIG,,0,"(Dişlerinin arasından) Venedik gemisinde Sultan'ın kâğıdı. Kimin adamısın sen, Büro adamı?","(Through his teeth) The Sultan's paper, on a Venetian ship. Whose man are you, Bureau man?",kod
D19_C_TEZKIRE_2,19,SPK_BRIG,,0,Ek teminat. Tayfa gördü. Oylamada unutmazlar.,Supplementary cover. The crew saw it. They won't forget it at the vote.,kod
D19_C_VOTE,19,SPK_BRIG,,0,Karar vakti. Donanma yok. Şehre dönersek belki ölürüz. Dönmezsek... kimse bizi suçlamaz.,"Time to decide. There is no fleet. If we go back to the city, we may die. If we don't... no one will blame us.",kod
D19_C_WHISPER,19,SPK_BRIG,[whispers],0,"(fısıltıyla) Konuş, Büro adamı. Şimdi.","(whispering) Talk, Bureau man. Now.",kod
D19_NK_01,19,SPK_NIKO,[excited],1,Geri döndünüz! Ne haber? Donanma nerede?,You're back! What news? Where's the fleet?,kod
D19_NK_02,19,SPK_NIKO,,0,...Dönmeniz yeter. İmparator sizi görmek isteyecek. Kaçabilirdiniz. Dönmüşsünüz.,...That you came back is enough. The Emperor will want to see you. You could have run. You came back.,kod
D19_NK_TEZKIRE,19,SPK_NIKO,,0,Tolga'nın mı? ...Saklasın. Şehir düşerse o kâğıt bir can kurtarır.,"Tolga's? ...Let him keep it. If the city falls, that paper will save a life.",kod
D19_N_01,19,SPK_NIHAT,,0,"Kayıt: on iki kişilik bir gemi, Türk kılığında, Venedik donanmasını aramaya çıkıyor. Siz on üçüncüsünüz, Tolga Bey. Fesiniz başınızda kalsın.","Entry: a ship of twelve men, disguised as Turks, sets out to look for the Venetian fleet. You are the thirteenth, Mr Tolga. Keep your fez on.",kod
D19_N_01_NOFEZ,19,SPK_NIHAT,,0,"Kayıt: on iki kişilik bir gemi, Türk kılığında, Venedik donanmasını aramaya çıkıyor. Siz on üçüncüsünüz, Tolga Bey. Fesinizi takın; bu gece kılığınız o.","Entry: a ship of twelve men, disguised as Turks, sets out to look for the Venetian fleet. You are the thirteenth, Mr Tolga. Put your fez on; tonight that's your disguise.",kod
D19_N_EMPTY,19,SPK_NIHAT,,0,"Bir hiçliği fotoğrafladınız, Tolga Bey. Büro'da buna 'olumsuz kanıt' deriz. En zor kanıt budur.","You photographed nothing, Mr Tolga. At the Bureau we call that 'negative evidence'. It is the hardest kind.",kod
D19_N_END,19,SPK_NIHAT,,0,"Kaydedildi: 3 Mayıs'tan 23 Mayıs'a. Kaynaklar tayfanın dönmeye oy verdiğini yazar. Tolga Bey, sizin oyunuz dipnotta.","Recorded: 3 May to 23 May. The sources say the crew voted to return. Mr Tolga, your vote is in the footnote.",kod
D19_N_END_TEZKIRE,19,SPK_NIHAT,,0,"Kaydedildi: 3 Mayıs'tan 23 Mayıs'a. Kaynaklar tayfanın dönmeye oy verdiğini yazar. Bir Osmanlı devriyesinin Venedik gemisine eğildiğini yazan kaynak yok. Dipnotunuz uzuyor, Tolga Bey.","Recorded: 3 May to 23 May. The sources say the crew voted to return. No source says an Ottoman patrol bowed to a Venetian ship. Your footnote is getting longer, Mr Tolga.",kod
D19_P_01,19,SPK_PATROL,[shouting],1,Hey! Kimsiniz? Bu saatte nereye?,Hey! Who are you? Where to at this hour?,kod
D19_P_BROKEN,19,SPK_PATROL,,0,"Çok Türk müsünüz? ...Hıh. Gece balığı. Geçin bakalım, ama sabah sizi arayan olursa bilmem.","Very Turk, are you? ...Huh. Night fishing. Go on, then; but if anyone comes looking for you in the morning, I know nothing.",kod
D19_P_INSURE,19,SPK_PATROL,,0,"Kasko? ...Deli bu. Geçin, geçin. Allah akıl fikir versin.","Insurance? ...He's mad. Go on, go on. May God grant you some sense.",kod
D19_P_SALAM,19,SPK_PATROL,,0,Gelibolu mu? Hayırlı yolculuklar. Rüzgâr arkanızda olsun.,Gallipoli? Safe travels. May the wind be behind you.,kod
D19_P_TEZKIRE,19,SPK_PATROL,[excited],0,"Hünkârın tuğrası... (Eğilir.) Kusura bakmayın efendi, bilemedik. Yolunuz açık olsun!","The Sultan's tughra... (He bows.) Forgive us, sir, we didn't know. Clear sailing to you!",kod
D19_S2_SAVED,19,SPK_SAILOR2,,0,Bir de şu var: 28 Nisan gecesi Haliç'te beni sudan bu adam çekti. Ben o şehre bir can borçluyum.,And there's this: on the night of 28 April this man pulled me out of the Horn. I owe that city a life.,kod
D19_S2_TEZKIRE_RETURN,19,SPK_SAILOR2,,0,Bırak onu. Kâğıdı olan adam bizimle ölmeye dönüyor. Bu bana yeter.,Leave him be. The man with the paper is going back to die with us. That's enough for me.,kod
D19_S_FLEE,19,SPK_SAILOR,,0,"Ben Venedik'e derim. Karım, çocuklarım orada. Şehre bir şey götürmeyeceğiz ki, sadece kötü haber.","I say Venice. My wife, my children are there. We'd carry nothing to the city but bad news.",kod
D19_S_GRAIN_BAD,19,SPK_SAILOR,,0,"Bir şey daha. 20 Nisan'da tahıl gemisindeydim, Cattaneo'nun karakasına bağlıydık. Bu adam o güvertedeydi ve gemi yaralı girdi. Onun oyu bana yarım sayılır.","One more thing. On 20 April I was on the grain ship, lashed to Cattaneo's carrack. This man was on that deck, and the ship came in wounded. His vote counts as half to me.",kod
D19_S_GRAIN_FLEE,19,SPK_SAILOR,,0,"Kanca kesen adam da ""kurtulalım"" diyor. Gördünüz mü? Yalnız değilim.","Even the man who cut the ropes says ""save ourselves"". You see? I'm not alone.",kod
D19_S_GRAIN_OK,19,SPK_SAILOR,,0,"Bir şey daha. 20 Nisan'da tahıl gemisindeydim, Cattaneo'nun karakasına bağlıydık. Kanca iplerini kesen bu adamdı. Ben onun oyuna uyarım.","One more thing. On 20 April I was on the grain ship, lashed to Cattaneo's carrack. This is the man who cut the grappling ropes. I'll vote the way he votes.",kod
D19_S_GRAIN_RETURN,19,SPK_SAILOR,,0,"Kanca kesen adam ""dönelim"" diyor. O zaman ben de dönerim. Karım beklesin.","The man who cut the ropes says ""we go back"". Then I go back too. My wife can wait.",kod
D19_S_RETURN,19,SPK_SAILOR2,,0,İmparator'a söz verdik. Kötü haber de haberdir. Götürmezsek bizi beklemeye devam ederler.,"We gave the Emperor our word. Bad news is still news. If we don't bring it, they'll keep waiting for us.",kod
D19_S_TEZKIRE,19,SPK_SAILOR,,0,"Önce kâğıdını göster, Frenk. Sultan'ın adamı ""dönelim"" derse tuzaktır, ""kaçalım"" derse daha beter.","Show us your paper first, Frank. If the Sultan's man says ""go back"", it's a trap; if he says ""run"", it's worse.",kod
D19_S_TEZKIRE_FLEE,19,SPK_SAILOR,,0,Gördünüz mü? Sultan'ın adamı şehre dönmemizi istemiyor.,See? The Sultan's man doesn't want us back in the city.,kod
D19_T_01,19,SPK_TOLGA,,0,Türkçe biliyorum. Ama 'kılık' konusunda deneyimim fes ile sınırlı.,I speak Turkish. But my experience with disguises stops at the fez.,kod
D19_T_ASHAMED,19,SPK_TOLGA,,0,Benim oyum kaybetti. İyi ki de kaybetti.,My vote lost. Just as well.,kod
D19_T_EMPTY,19,SPK_TOLGA,[sad],1,Ufuk bomboş. Tespit edilecek bir hasar yok. Sadece... yokluk var.,The horizon is empty. There's no damage to assess. Just... absence.,kod
D19_T_FLEE,19,SPK_TOLGA,[sad],1,Kurtulalım. ...Ne olacağını biliyorum. Keşke bilmeseydim.,We save ourselves. ...I know what happens. I wish I didn't.,kod
D19_T_INSURE,19,SPK_TOLGA,,0,Sigortacıyız reis. Hasar tespitine gidiyoruz. Kaskonuz var mı bu arada?,"We're insurers, captain. Off to assess some damage. Do you have boat insurance, by the way?",kod
D19_T_RETURN,19,SPK_TOLGA,,0,"Dönelim. Beklemek de, haber almamak da kötü. Götürelim.","We go back. Waiting is bad, and not knowing is worse. Let's take it to them.",kod
D19_T_SALAM,19,SPK_TOLGA,[nervous],1,"Aleyküm selam... yani, selamün aleyküm! Gelibolu'ya, erzak almaya gidiyoruz reis.","And peace... I mean, peace be upon you! We're off to Gallipoli for supplies, captain.",kod
D19_T_TEZKIRE,19,SPK_TOLGA,,0,"Reis, fenerini şuraya tut. Tuğrayı tanırsın.","Captain, bring your lantern over here. You'll know the tughra.",kod
D19_T_TEZKIRE_2,19,SPK_TOLGA,,0,Sigortacıyım kaptan. Herkesle poliçem var. Bu da... ek teminat.,"I'm an insurer, captain. I've got a policy with everyone. This is... supplementary cover.",kod
D20O_N_01,20,SPK_NIHAT,,0,"Bu kayıt günün öbür yüzü, Tolga Bey. Gündüz top gedik açar, gece gedik kapanır. Siz bugün gündüzdesiniz.","This entry is the other half of the day, Mr Tolga. By day the gun opens a breach, by night the breach is closed. Today you are in the day.",kod
D20O_N_END,20,SPK_NIHAT,,0,Kaydedildi. 7 Mayıs'ın gündüz yarısı. Gece yarısını da Bizans nüshası yazar.,Recorded. The daylight half of 7 May. The Byzantine copy writes the night half.,kod
D20O_N_NIGHT,20,SPK_NIHAT,,0,"Kayıtlara geçiyorum: 7 Mayıs gece yarısı, gediğe hücum, püskürtüldü. Senin katkın: dipnot.","Logging it: 7 May, midnight, assault on the breach, repulsed. Your contribution: a footnote.",kod
D20O_T_01,20,SPK_TOLGA,,0,"Usta, ben sadece gözlemci... Tamam, anladım, el lazım.","Master, I'm just an observer... All right, understood. Hands are needed.",kod
D20O_T_DUEL,20,SPK_TOLGA,,0,Molozun tepesine çıktık! …Geri çekilme borusu mu o? Tarih yine bildiğini okuyor.,We made it to the top of the rubble! …Is that the retreat horn? History is doing its own thing again.,kod
D20O_T_END,20,SPK_TOLGA,,0,"Gündüz açılan, gece kapanan bir yara. İki taraf da her gün aynı işi yapıyor.",A wound opened by day and closed by night. Both sides do the same work every day.,kod
D20O_T_LOST,20,SPK_TOLGA,,0,Geri çekiliyoruz… Ceneviz zırhı benim sigorta poliçemden kalın.,We're falling back… Genoese armour is thicker than my insurance policy.,kod
D20O_T_TAPE,20,SPK_TOLGA,,0,Bir dakika usta. Kıl payı çatlağa kıl payı çözüm.,"One moment, master. A hairline crack gets a hairline fix.",kod
D20O_U_01,20,SPK_URBAN,,0,"Sen! Fesli! Kazanı patlatan, sonra kaçan adam... Yoksa başkası mıydı? Neyse. Bugün bana el lazım.",You! The one in the fez! The man who blew up the cauldron and ran... or was that someone else? Never mind. Today I need hands.,kod
D20O_U_01_ULIGHTER,20,SPK_URBAN,[shouting],0,"Sen! Fesli! Bana ateş kutusunu bırakan çırak! Bak, hâlâ çakıyor. (Çakar.) Bugün bana el lazım.","You! The one in the fez! The apprentice who left me his fire box! Look, it still strikes. (Strikes it.) Today I need hands.",varyant
D20O_U_02,20,SPK_URBAN,,0,"Barut, tapa, gülle, tokmak. Sonra nişan. Her atıştan sonra namlu zeytinyağıyla soğur. Tunç sabır ister; sabırsız topçunun topu çatlar.","Powder, wad, stone, rammer. Then aim. After every shot the barrel cools with olive oil. Bronze wants patience; an impatient gunner's gun cracks.",kod
D20O_U_BED_CROOKED,20,SPK_URBAN,,0,Kızak o gün kaydığından beri yatak eğri oturuyor. Nişanı dar tut; gülle biraz kaçsa sayılmaz.,"Ever since the sled slipped that day, the bed has sat crooked. Keep your aim tight; a ball that strays even a little won't count.",kod
D20O_U_BED_SOUND,20,SPK_URBAN,,0,"Yatak o gün ilk seferde oturdu; kütükleri sen taşımıştın. Bu top elini tanıyor, biraz kaçsa da surda iz bırakır.","The bed settled first time that day; you carried the rollers. This gun knows your hands; even if it strays a little, it marks the wall.",kod
D20O_U_CHARGE,20,SPK_URBAN,[shouting],0,"Gedik benim eserim, gerisi sizin işiniz! Azaplar, ileri!","The breach is my work, the rest is yours! Azaps, forward!",kod
D20O_U_COOL,20,SPK_URBAN,[shouting],0,Yağ! Namluya yağ! Tunç kızgınken bir daha doldurursan çatlar!,Oil! Oil on the barrel! Load it again while the bronze is hot and it cracks!,kod
D20O_U_COOLED,20,SPK_URBAN,,0,İyi. Duyuyor musun? Cızırtı bitti. Şimdi yeniden.,Good. Hear that? The hissing has stopped. Now again.,kod
D20O_U_CRACK,20,SPK_URBAN,[excited],0,Tık... Duydun mu? Tunç sızlandı. Bir kıl payı çatlak. Bir dahakine sabret!,Tick... Did you hear it? The bronze complained. A hairline crack. Be patient next time!,kod
D20O_U_EDIRNE_OK,20,SPK_URBAN,,0,"Edirne'de direğin dibine inen gülle bu namludan çıkmıştı. Tunç sağlam, yamak; sen de elini sağlam tut.","The ball that landed at the foot of the post in Edirne came out of this barrel. The bronze is sound, lad; keep your hands sound too.",kod
D20O_U_EDIRNE_SHORT,20,SPK_URBAN,,0,"Edirne'de kısa düşen gülleyi hatırlıyor musun, yamak? Tunç orada yoruldu. Bak, namlunun karnında ince bir çizgi: bu top güne bir çatlakla başlıyor.","Remember the short shot in Edirne, lad? The bronze tired there. Look, a thin line on the barrel's belly: this gun starts the day with a crack.",kod
D20O_U_END_HOLD,20,SPK_URBAN,,0,Surlar bugün dayandı. Kötü surlar değil bunlar. Yarın yine deneriz.,The walls held today. These are not bad walls. We'll try again tomorrow.,kod
D20O_U_END_OPEN,20,SPK_URBAN,,0,"Gedik açık. Bu gece oradan fıçı, toprak, kalas taşıyacaklar. Onlar da inatçı.","The breach is open. Tonight they'll carry barrels, earth, planks into it. They're stubborn too.",kod
D20O_U_FLAW,20,SPK_URBAN,,0,"Ama dinle: kalıplar Sırp işiydi, demiştim. Tuncun karnında bir kabarcık var. Bu top güne bir çatlakla başlıyor.",But listen: I told you those moulds were Serbian work. There's a bubble in the bronze's belly. This gun starts the day with a crack.,kod
D20O_U_GUN,20,SPK_URBAN,,0,"Al şunu. Benim dökümüm değil, küçük ve terbiyesiz. Ama mazgaldan kafa çıkaranı susturur.","Take this. Not my casting, small and ill-mannered. But it'll silence whoever shows a head at the battlements.",kod
D20O_U_HIT_1,20,SPK_URBAN,[shouting],0,İsabet! Dış surda bir yara. Bir daha!,A hit! A wound in the outer wall. Again!,ad
D20O_U_HIT_2,20,SPK_URBAN,[shouting],0,İkinci! Taşlar düşüyor! Gedik açılıyor!,Two! The stones are falling! The breach is opening!,ad
D20O_U_HIT_3,20,SPK_URBAN,[excited],1,"Üç! İşte bu. Bu gece yine kapatacaklar, biliyorum. Yarın yine açarız.","Three! That's it. They'll close it again tonight, I know. We'll open it again tomorrow.",ad
D20O_U_LESS,20,SPK_URBAN,[shouting],0,Çatlak tunca tam barut konmaz. Yarım ölçü! Gülle kısa düşer: namluyu kaldır!,A cracked barrel doesn't get a full charge. Half measure! The ball will fall short: raise the muzzle!,kod
D20O_U_MISS,20,SPK_URBAN,[excited],0,"Hendeğe düştü. Nişan, yamak, nişan!","Into the moat. Aim, lad, aim!",kod
D20O_U_MORE,20,SPK_URBAN,[shouting],0,"Daha çok geliyorlar! Tolga, kalkanlıya tekme, kılıcı sonra!","More are coming! Tolga, kick the shield, sword after!",kod
D20O_U_NAME_1,20,SPK_URBAN,,0,"Bak: Pazartesi. Adını sen koymuştun, unutmadım. Bugün Rumlar için haftanın en uzun günü.",Look: Monday. You named it; I haven't forgotten. Today's the longest day of the week for the Greeks.,ad
D20O_U_NAME_2,20,SPK_URBAN,,0,"Bak: Koli. Adını sen koymuştun, unutmadım. Bez gibi tutsun demiştin; bugün tutacak mı, göreceğiz.","Look: Parcel. You named it; I haven't forgotten. Hold like the cloth, you said; today we'll see if it holds.",ad
D20O_U_NAME_3,20,SPK_URBAN,,0,"Bak: Sigorta. Adını sen koymuştun, unutmadım. Her şeyi karşılar demiştin; bugün surun bütün hasarını o karşılayacak.","Look: Insurance. You named it; I haven't forgotten. Covers everything, you said; today it covers all the damage to the wall.",ad
D20O_U_NAME_4,20,SPK_URBAN,[whispers],0,(Fısıltıyla) Bak: Küp. Kimseye söylemedim; ordu ona 'Büyük Top' diyor. Sen de öyle de.,(Whispering) Look: Cube. I told no one; the army calls it 'the Great Gun'. You call it that too.,ad
D20O_U_NAME_GONE,20,SPK_URBAN,,0,"Adını koyduğun top Nisan'da patladı, yamak; unutmadım. Bu onun ağabeyi. Bunun adını kimseye koydurmam.","The gun you named blew up in April, lad; I haven't forgotten. This is its big brother. Nobody names this one.",kod
D20O_U_SEVEN,20,SPK_URBAN,,0,"Bu top günde yedi kere konuşur, yamak. Yedi. Sekizinciyi isteyen hem tuncu gömer hem kendini.","This gun speaks seven times a day, lad. Seven. Ask it for an eighth and you bury the bronze and yourself with it.",kod
D20O_U_TAPED,20,SPK_URBAN,,0,Tık... Dur. Tutmuş! (Namlunun belindeki gri şeride vurur.) Senin o yapışkan şeridin! Hâlâ yerinde. Tunç sızlandı ama şerit bırakmadı.,"Tick... Wait. It held! (He slaps the grey strip round the barrel's waist.) That sticky strip of yours! Still there. The bronze complained, but the strip didn't let go.",kod
D20O_U_TAPE_AGAIN,20,SPK_URBAN,,0,"Yine mi şerit? Bu topun yarısı tunç, yarısı senin şeridin olacak.",More strip? Half this gun will be bronze and half your strip.,kod
D20O_U_TAPE_NEW,20,SPK_URBAN,,0,"Yapışkan bir şerit mi bu? ...Tuncu tutar mı? (Vurur, dinler.) Tutuyor. Adını koymadım ama tutuyor.","A sticky strip? ...Will it hold bronze? (He taps it and listens.) It holds. I haven't named it, but it holds.",kod
D20_G_01,20,SPK_GIUST,,0,"Büro'nun adamı. Eli boş gelmişsin. Güzel, burada eli boş olan taşır.","The Bureau's man. You came empty-handed. Good. Here, empty hands carry.",kod
D20_G_01_KNOWN,20,SPK_GIUST,,0,"Sigortacı! Büro'nun adamı olmuşsun demek. Eli boş gelmişsin. Güzel, burada eli boş olan taşır.","The insurance man! So you're the Bureau's man now. You came empty-handed. Good. Here, empty hands carry.",kod
D20_G_01_KNOWN_GBOOK,20,SPK_GIUST,,0,Sigortacı! Kitabını okudum. Bir sayfası uykumu kaçırıyor. Sonra konuşuruz. Eli boş gelmişsin; burada eli boş olan taşır.,"The insurance man! I read your book. One page keeps me up at night. We'll talk later. You came empty-handed; here, empty hands carry.",varyant
D20_G_01_KNOWN_GLIGHTER,20,SPK_GIUST,,0,"Sigortacı! Çakmağın bende; topçularım yağmurda bile fitil yakıyor. Eli boş gelmişsin. Güzel, burada eli boş olan taşır.","The insurance man! Your lighter's with me; my gunners light fuses even in the rain. You came empty-handed. Good. Here, empty hands carry.",varyant
D20_G_01_KNOWN_WARNED,20,SPK_GIUST,,0,"Sigortacı! Bak, kalkan hep sağımda: sağ omzuma dikkat ediyorum. Eli boş gelmişsin. Güzel, burada eli boş olan taşır.","The insurance man! Look, the shield's always on my right: I'm minding my right shoulder. You came empty-handed. Good. Here, empty hands carry.",varyant
D20_G_02,20,SPK_GIUST,,0,"Fotoğrafı şafakta çekersin. Önce fıçı. Sonra toprak. Sonra kalas. Sırayla. Sur da poliçe gibidir, sırası karışırsa çöker.",You take your photo at dawn. First barrels. Then earth. Then planks. In order. A wall is like a policy: mix up the order and it collapses.,kod
D20_G_03,20,SPK_GIUST,,0,Bir de: gözcü 'Top!' diye bağırınca siperin arkasına geç. Urban'ın gülleleri kimseyi beklemez.,"One more thing: when the lookout shouts 'Gun!', get behind a mantlet. Urban's stones wait for no one.",kod
D20_G_ARROWS_FIRST,20,SPK_GIUST,[shouting],0,Toprak sonra! Önce oklar!,Earth later! Arrows first!,kod
D20_G_ARROWS_LATE,20,SPK_GIUST,,0,Geç kaldın ama oklarımız yetti. Bu sefer.,"You were late, but we had enough arrows. This time.",kod
D20_G_ASSAULT,20,SPK_GIUST,[shouting],0,"Hücum! Merdivenler! Tolga, ok sandığı, çabuk, okçular sol kulede!","Assault! Ladders! Tolga, arrow crate, quick, the archers are by the left tower!",kod
D20_G_DONE,20,SPK_GIUST,,0,"Kapandı. Gün ağarmadan kapandı. Urban yarın yine açar, biz yine kapatırız.","Closed. Closed before first light. Urban will open it again tomorrow, and we'll close it again.",kod
D20_G_DUEL,20,SPK_GIUST,[shouting],1,"İki tanesi gediği aştı! Frenk, kalkanı kaldır! Kaldır ve vur!","Two of them are through the breach! Frank, shield up! Up, and strike!",kod
D20_G_END,20,SPK_GIUST,,0,"Fotoğrafını çek, Büro adamı. Yarın bu barikat yok olacak. Ama bu gece vardı.","Take your picture, Bureau man. Tomorrow this stockade will be gone. But tonight it stood.",kod
D20_G_GUN,20,SPK_GIUST,[excited],0,"Frenk! Tut şunu, Cenova'dan geldi. Barut, gülle, harbi. Ateş edince geri teper, omzuna yasla!","Frank! Take this, it came from Genoa. Powder, ball, rammer. It kicks when it fires, keep it on your shoulder!",kod
D20_G_GUN_GLIGHTER,20,SPK_GIUST,[excited],0,"Frenk! Tut şunu, Cenova'dan geldi. Fitilini senin çakmağınla yaktım, ilk seferde. Geri teper, omzuna yasla!","Frank! Take this, it came from Genoa. I lit its match with your lighter, first time. It kicks, keep it on your shoulder!",varyant
D20_G_GUN_GO,20,SPK_GIUST,[excited],0,Molozun ötesinden geliyorlar. Gediğe varmadan düşür!,They're coming over the rubble. Drop them before they reach the breach!,kod
D20_G_LOSS,20,SPK_GIUST,[tired],1,Bir sıra gitti. Yeniden.,One row gone. Again.,kod
D20_G_REPELLED,20,SPK_GIUST,[excited],0,Geri çekildiler. Bu gece de geçemediler. İşe dön!,They've pulled back. Not through tonight either. Back to work!,kod
D20_G_SECOND,20,SPK_GIUST,[shouting],0,İki tane daha! Gedik ağzı daralmadan kapatın onları!,Two more! Shut them out before the breach narrows!,kod
D20_G_STAGE_4,20,SPK_GIUST,[excited],0,Fıçılar yerinde. Şimdi toprak!,Barrels are in. Now earth!,ad
D20_G_STAGE_6,20,SPK_GIUST,[excited],0,Toprak tamam. Kalaslar!,Earth is done. Planks!,ad
D20_G_STAGE_8,20,SPK_GIUST,,0,İyi gidiyor. Sabaha karşı bir duvarımız olacak.,Good. By morning we'll have a wall.,ad
D20_G_TAPE,20,SPK_GIUST,,0,Bu şerit bir gülleyi durdurursa sana kendi adımla teşekkür ederim. Durdurmaz.,"If that strip stops a cannonball, I'll thank you in my own name. It won't.",kod
D20_G_UNFINISHED,20,SPK_GIUST,,0,Şafak yaklaşıyor ve gedik yarım. Adamlarım bitirir. Sen yeterince taşıdın.,Dawn's coming and the breach is half done. My men will finish. You've carried enough.,kod
D20_G_WRONG_BARREL,20,SPK_GIUST,,0,Fıçı dedim. Önce fıçı. Temel olmadan çatı olmaz.,I said barrels. Barrels first. No roof without a foundation.,ad
D20_G_WRONG_EARTH,20,SPK_GIUST,,0,Şimdi toprak. Fıçıların arası dolacak.,Earth now. The gaps between the barrels need filling.,ad
D20_G_WRONG_PLANK,20,SPK_GIUST,,0,Kalas. Üstü kalasla bağlanır.,Planks. The top is tied with planks.,ad
D20_L_WARN_1,20,SPK_LOOKOUT,[shouting],0,Top! Urban'ın topunda fitil yandı!,Gun! Urban's gun is lit!,kod
D20_L_WARN_2,20,SPK_LOOKOUT,[shouting],0,Duman! Büyük top! Siper!,Smoke! The great gun! Take cover!,kod
D20_L_WARN_3,20,SPK_LOOKOUT,[shouting],0,Top geliyor! Eğilin!,Incoming! Heads down!,ad
D20_NK_01,20,SPK_NIKO,[shouting],0,"Tolga! Nöbetim yok bu gece; kalasları ben taşırım, sen fıçılara bak!","Tolga! I'm off watch tonight; I'll haul the planks, you see to the barrels!",kod
D20_NK_DROP,20,SPK_NIKO,,0,"Bir yük benden! Saymayı bırakma, Frenk.","One load from me! Don't stop counting, Frank.",kod
D20_N_01,20,SPK_NIHAT,,0,"Tolga Bey, bu gece kayıt basit: gündüz açılan gedik gece kapanır. Her gece. Siz bir gecesini tespit edeceksiniz.","Mr Tolga, tonight's entry is simple: the breach opened by day is closed by night. Every night. You will record one of those nights.",kod
D20_N_END,20,SPK_NIHAT,,0,"Kaydedildi. 7 Mayıs'ın etiketi düştü. Bir de not düştüm: 'Tanık yük taşıdı.' Yönetmelikte yok, ama yazdım.","Recorded. The tag next to 7 May is gone. I also added a note: 'Witness carried loads.' It's not in the regulations, but I wrote it.",kod
D20_T_01,20,SPK_TOLGA,,0,"Ben aslında tespit için buradayım, Komutan. Fotoğraf, tarih, imza...","I'm actually here to assess, Commander. Photo, date, signature...",kod
D20_T_ARROWS_2,20,SPK_TOLGA,[shouting],0,"Oklar geldi! Alın, dağıtın!","Arrows are here! Take them, pass them round!",kod
D20_T_DROP_1,20,SPK_TOLGA,,0,Bir fıçı daha. Hasar: sürüyor. Onarım: sürüyor.,One more. Damage: ongoing. Repair: ongoing.,ad
D20_T_DROP_2,20,SPK_TOLGA,,0,Bu işi her gece mi yapıyorsunuz? Her gece?,You do this every night? Every single night?,kod
D20_T_DROP_3,20,SPK_TOLGA,,0,Tamam. Sıradaki.,Right. Next.,ad
D20_T_DUEL,20,SPK_TOLGA,[panicked],1,Ben sigortacıyım! ...Hâlâ ayaktayım. Bunu poliçeye yazın.,I'm an insurance man! ...I'm still standing. Put that in the policy.,kod
D20_T_END,20,SPK_TOLGA,,0,Her gece yıkılan bir şeyi her gece yeniden yapmak... Bizim sektörde buna 'yenileme primi' derler. Burada başka bir adı var galiba.,Rebuilding every night what falls every day... In my business we call that a renewal premium. Here I think it has another name.,kod
D20_T_FULL,20,SPK_TOLGA,,0,"Elim dolu. İki elim var, ikisi de dolu.",My hands are full. I have two hands and both are full.,kod
D20_T_GUN_BAD,20,SPK_TOLGA,,0,Duman yüzünden bir şey göremiyorum! Dumanın icadı da mı bu kuşatmaya denk geldi?,I can't see a thing through the smoke! Did smoke get invented during this siege too?,kod
D20_T_GUN_GOOD,20,SPK_TOLGA,,0,Bu alet benim telefondan ağır ama sinyali daha güçlü.,"This thing's heavier than my phone, but the signal's stronger.",kod
D20_T_KNOCK_1,20,SPK_TOLGA,[shouting],0,Ay! Tamam! Siper! Anladım!,Ow! Right! Cover! Got it!,ad
D20_T_KNOCK_2,20,SPK_TOLGA,[tired],1,"İkinci kez... Kaza bildirimi yazacağım, kime vereceğimi bilmiyorum.",Second time... I'll file an incident report. I just don't know to whom.,ad
D20_T_KNOCK_3,20,SPK_TOLGA,[tired],1,"Kulağımda çınlama var. Poliçede 'işitme kaybı' teminatı vardı, değil mi?","My ears are ringing. There was a hearing-loss rider in the policy, wasn't there?",kod
D20_T_LOST,20,SPK_TOLGA,[tired],1,"Yerdeyim... Kalkana kadar gedik yine açıldı. Sabaha yetişmeyecek, Giustiniani.","I'm down... By the time I got up the breach was open again. It won't be closed by dawn, Giustiniani.",kod
D20_T_TAPE,20,SPK_TOLGA,,0,Bir tur bant. Köşelere de. Profesyonel dokunuş.,One round of tape. The corners too. Professional touch.,kod
D21O_DIG_1,21,SPK_MINER,[whispers],1,Yumuşak vur. Kalbine vurur gibi.,Hit it softly. Like knocking on a heart.,tablo
D21O_DIG_2,21,SPK_TOLGA,[whispers],1,Kazma değil kaşık tutuyorum sanki. Poliçede bu da yoktu.,"It feels like I'm holding a spoon, not a pick. This wasn't in the policy either.",tablo
D21O_DIG_3,21,SPK_MINER,[whispers],1,"İyi. Hendeğin altındayız. Üstümüzde su var, unutma.","Good. We're under the moat. There's water above us, don't forget.",tablo
D21O_DIG_4,21,SPK_TOLGA,[whispers],1,Toprak kokusu değişti. Taş kokuyor. Surun temeli.,The earth smells different. It smells of stone. The wall's foundation.,tablo
D21O_DIG_5,21,SPK_MINER,[whispers],1,Bir tane daha. Sonra dinleriz.,One more. Then we listen.,tablo
D21O_D_01,21,SPK_MINER,[whispers],1,"Novo Brdo'dan geldim, gümüş madeninden. Kural bir: bağırma. Kural iki: iki kere kazdıysan tavanı destekle. Kural üç: mum sönerse yukarı çık.","I came from Novo Brdo, the silver mine. Rule one: don't shout. Rule two: if you've dug twice, prop up the roof. Rule three: if the candle goes out, get back up.",kod
D21O_D_01K,21,SPK_MINER,[whispers],1,"Sen! Kazmayı tutan fesli. Kuralları biliyorsun: bağırma, iki kazıda bir destek, mum sönerse yukarı.","You! The one in the fez who held a pick. You know the rules: don't shout, a prop every two digs, if the candle goes out, go up.",kod
D21O_D_02,21,SPK_MINER,[whispers],1,"Madende güneş yok. Madende gümüş var. Burada o da yok. Sadece sur var. Önce çek şu işin resmini, sonra kazmayı al.","There's no sun in a mine. There's silver in a mine. Here there isn't even that. Only the wall. Take your picture of the work first, then grab the pick.",kod
D21O_D_COLLAPSE,21,SPK_MINER,,0,"Direk kırıldı, son kazdığımız yer çöktü. Toprak sabırlıdır, biz de sabırlı olacağız. Yeniden kaz.","The prop snapped, the last stretch caved in. Earth is patient, so we'll be patient too. Dig it again.",kod
D21O_D_FIRE,21,SPK_MINER,[shouting],0,"Grant'in adamları. Şimdi ateş gelir, sonra duman. Koş! Girişe koş, arkana bakma!","Grant's men. Now comes the fire, then the smoke. Run! Run to the entrance, don't look back!",kod
D21O_D_LISTEN,21,SPK_MINER,[whispers],1,Dur. Kulağını daya. Duyuyor musun?,Stop. Put your ear to it. Do you hear that?,kod
D21O_D_LISTEN_K,21,SPK_MINER,,0,"Kulağın toprağı unutmamış, fesli. Madenci olurdun.","Your ear hasn't forgotten the earth, fez. You'd have made a miner.",kod
D21O_D_OUT,21,SPK_MINER,[tired],1,Çıktık. İkimiz de. Bu lağım gitti; yarın yenisini kazarız.,We're out. Both of us. This mine is gone; tomorrow we dig a new one.,kod
D21O_D_PULLED,21,SPK_MINER,[whispers],1,"Nefes al. Bir daha. Seni yakandan çektim, fesin içeride kaldı sandım ama değil, başında.","Breathe. Again. I pulled you out by the collar. I thought your fez stayed inside, but no, it's on your head.",kod
D21O_D_RAID,21,SPK_MINER,[shouting],0,"Yandan kazıyorlar! Grant'in köstebekleri! Kazmayı bırak, kılıcı al!","They're digging in from the side! Grant's moles! Drop the pick, grab your sword!",kod
D21O_D_SUPPORT,21,SPK_MINER,[whispers],1,"Tamam. Tavan seni tutar, sen de tavanı.","Good. The roof holds you, you hold the roof.",kod
D21O_N_END,21,SPK_NIHAT,,0,"Kaydedildi. 16 Mayıs, Osmanlı nüshası. Kaynaklar lağımların 25 Mayıs'a kadar tek tek bulunup kapatıldığını yazar.","Recorded. 16 May, the Ottoman copy. The sources say the mines were found and closed one by one until 25 May.",kod
D21O_T_01,21,SPK_TOLGA,,0,Bir haftadır toprağın altındasınız. Güneşi özlemiyor musunuz?,You've been under the earth for a week. Don't you miss the sun?,kod
D21O_T_COUGH,21,SPK_TOLGA,,0,(Öksürür.) Duman... sigortası olmayan tek şey.,(Coughs.) Smoke... the one thing nobody insures.,kod
D21O_T_END,21,SPK_TOLGA,,0,"Aynı karanlık, öbür taraftan. Kandil tutan adam da benim kadar korkmuştu.","The same darkness, from the other side. The man with the lamp was as scared as I was.",kod
D21O_T_FACE,21,SPK_TOLGA,[whispers],1,"Duvar çöktü. Karşımda bir adam: elinde fener, yüzü kurum. O da benim kadar korkmuş.","The wall gives way. A man across from me: a lantern in his hand, soot on his face. As scared as I am.",kod
D21O_T_LISTEN,21,SPK_TOLGA,[hesitant],0,Tık... tık... Öbür tarafta biri kazıyor. Bize doğru.,Tap... tap... Someone's digging on the other side. Towards us.,kod
D21O_T_LISTEN_FIRST,21,SPK_TOLGA,[hesitant],0,"Durun. (Kulağını duvara dayar) Tık... tık... Karşıdan biri kazıyor, bize doğru. Nisan'da da böyle duymuştum.","Wait. (Puts his ear to the wall) Tap... tap... Someone's digging from the other side, towards us. I heard it just like this in April.",kod
D21O_T_RAID_WON,21,SPK_TOLGA,,0,"Tünel bizim. Bunu iş kazası diye mi yazacağız, yoksa yeraltı sporu diye mi?",The tunnel's ours. Do we file this as a workplace accident or an underground sport?,kod
D21O_Z_01,21,SPK_ZAGANOS,,0,"Sultan surların üstünden geçemiyorsa altından geçer. Dragan, bu adam senin. Büro'nun kâtibiymiş; kâtip de kazar.","If the Sultan can't go over the walls, he goes under them. Dragan, this man is yours. He's the Bureau's clerk, they say; clerks dig too.",kod
D21_G_01,21,SPK_GRANT,,0,"Sen Büro'nun adamısın. Ben Johannes Grant. İskoç der kimi, Alman der kimi. Kazı bilirim.","You're the Bureau's man. I'm Johannes Grant. Some say Scot, some say German. I know digging.",kod
D21_G_01_KNOWN,21,SPK_GRANT,,0,"Sen Büro'nun adamısın. ...Dur. Tünelin öbür ucundaki adam! Johannes Grant, hatırladın mı? Ben kazı bilirim, sen konuşmayı.","You're the Bureau's man. ...Wait. The man from the other end of the tunnel! Johannes Grant, remember? I know digging; you know talking.",kod
D21_G_02,21,SPK_GRANT,,0,"Toprağın altında Sultan'ın madencileri kazıyor. Duyamazsın ama toprak duyar. Kabı yere koy, su titrerse altı boştur.","Under the ground the Sultan's miners are digging. You can't hear it, but the earth can. Put a bowl on the ground; if the water trembles, it's hollow below.",kod
D21_G_BACK,21,SPK_GRANT,[shouting],0,"Geri! İkimiz de geri! Tüneli ateşle kapatacağız, içeride kimse kalmasın!","Back! Both of us, back! We'll close the tunnel with fire; no one stays inside!",kod
D21_G_CAP1,21,SPK_GRANT,,0,"Burada Türkçe bilen tek adam sensin, sigortacı. Sor ona: öbür tüneller nerede?","You're the only man here who speaks Turkish, insurance man. Ask him: where are the other tunnels?",kod
D21_G_DIG,21,SPK_GRANT,[whispers],1,Şimdi karşı lağım. Aşağı iniyoruz. Mum yanarken hava vardır; mum sönerse geri dön.,"Now the countermine. We go down. While the candle burns, there's air; if it goes out, turn back.",kod
D21_G_FIRE,21,SPK_GRANT,[tired],1,"Kapandı. Bir tane daha. Yarın bir tane daha bulacağız, ertesi gün bir tane daha.","It's closed. One more. Tomorrow we'll find another, and another the day after.",kod
D21_G_FOUND,21,SPK_GRANT,[excited],1,"İşte! Kaba bak, halka halka. Altı boş. Senin telefonun da titriyor, değil mi? İyi alet.","There! Look at the bowl, ring after ring. It's hollow underneath. Your phone is trembling too, isn't it? Good tool.",kod
D21_G_HARD,21,SPK_GRANT,,0,Başka yolu yoktu. Onlar olsa bizim tünelimize aynısını yapardı.,There was no other way. They'd have done the same to our tunnel.,kod
D21_G_MAP,21,SPK_GRANT,,0,"Hepsini söyledi. Kaligarya'nın altında iki, biri saraya doğru, biri kulenin dibinde. Yarın hepsini kapatırız.","He told us everything. Two under the Caligaria, one toward the palace, one at the foot of the tower. Tomorrow we close them all.",kod
D21_G_POT,21,SPK_GRANT,[shouting],1,"Yere yat, Tolga!","Get down, Tolga!",kod
D21_G_PROMISE,21,SPK_GRANT,,0,...Söz. Yakmadan önce borazan çalarız. Duyan çıkar. Sor ona.,"...I promise. Before we burn, we sound the horn. Whoever hears it gets out. Ask him.",kod
D21_G_Q1,21,SPK_GRANT,,0,Söyle ona: konuşmazsa sabahı göremez.,"Tell him: if he doesn't talk, he won't see the morning.",kod
D21_G_Q2,21,SPK_GRANT,,0,Zaman yok. Adamlarım ocakta demir kızdırıyor. Bunu da söyle ona.,We have no time. My men are heating irons in the fire. Tell him that too.,kod
D21_G_SELF,21,SPK_GRANT,,0,"Kapların bitti. Bırak, ben bakarım. ...Şurası. Kulağımı yere koyunca duyuyorum. Yirmi yıl madende çalıştım.",You're out of bowls. Let me. ...There. When I put my ear to the ground I can hear it. Twenty years in the mines.,kod
D21_G_TAKE,21,SPK_GRANT,,0,"Yeter. Götürün onu. Sen dışarıda bekle, sigortacı.","Enough. Take him inside. You wait out here, insurance man.",kod
D21_G_TUNNEL,21,SPK_GRANT,[whispers],1,Sonuna kadar yürü. Kazı yüzüne kulağını daya. Onların kazmasını duyunca bana haber ver.,"Walk to the end. Put your ear to the face. When you hear their picks, tell me.",kod
D21_J_ATTACK,21,SPK_JANISSARY,[shouting],0,Çekil Mirko! Çekil önümden!,"Out of the way, Mirko! Get out of my way!",kod
D21_J_CALL,21,SPK_JANISSARY,[shouting],1,Mirko! Ne durdun orada? Bir şey mi buldun?,Mirko! Why have you stopped? Did you find something?,kod
D21_J_OK,21,SPK_JANISSARY,[shouting],1,"Kaya mı? Paşa kaya dinlemez. Geri gel, sol koldan kazacağız.","Rock? The Pasha doesn't care about rock. Come back, we'll dig the left branch.",kod
D21_K_A1,21,SPK_KASIM,[tired],1,Görmesem ne olur? Benim yerime başkası kazar. Tünel bitmez.,So what if I don't? Someone else digs in my place. The tunnels don't stop.,kod
D21_K_A2,21,SPK_KASIM,[scared],1,(Yutkunur.) Korkuyorum. Ama korkutamazsınız beni. Bunlar ayrı şeyler.,(Swallows.) I'm afraid. But you can't frighten me. Those are different things.,kod
D21_K_B1,21,SPK_KASIM,[scared],1,Rum'un yanında Türkçe konuşan bir adam... Sen kimsin? Kimin adamısın?,"A man who speaks Turkish, standing with the Greeks... Who are you? Whose man are you?",kod
D21_K_B2,21,SPK_KASIM,[tired],1,(Uzun bir sessizlik.) Tünellerde benim adamlarım var. Yakmadan önce... çıkmalarına izin verilir mi?,(A long silence.) My men are in those tunnels. Before you burn them... will they be allowed out?,kod
D21_K_C1,21,SPK_KASIM,[tired],1,"Kasım. Bursalıyım. Bir karım, iki oğlum var. Neden soruyorsun? Ölü adamın adını mı yazacaksın?","Kasım. From Bursa. A wife, two sons. Why do you ask? To write down a dead man's name?",kod
D21_K_FIRE,21,SPK_KASIM,[tired],1,Geçen hafta tünelimize ateş attınız. Mirko'nun yüzü hâlâ yanık. Size neden yardım edeyim?,Last week you threw fire into our tunnel. Mirko's face is still burned. Why should I help you?,kod
D21_K_MIRKO_HUSH,21,SPK_KASIM,[tired],1,"Mirko bir gece bir adam gördüğünü anlattı. Karanlıkta, elinde mum. Parmağını dudağına götürmüş... Sen miydin?","Mirko told me that one night he saw a man. In the dark, holding a candle. He put a finger to his lips... Was it you?",kod
D21_K_MIRKO_LEB,21,SPK_KASIM,[tired],1,"Mirko bir gece bir adam gördüğünü anlattı. Karanlıkta, elinde mum. Ona leblebi vermiş, susmasını işaret etmiş... Sen miydin?","Mirko told me that one night he saw a man. In the dark, holding a candle. He gave him chickpeas and signed for him to keep quiet... Was it you?",kod
D21_K_TELL,21,SPK_KASIM,[tired],1,"Kaligarya Kapısı'nın altında iki tane. Biri Tekfur Sarayı'na doğru gidiyor. Biri de burada, kuleye yakın. (Başını eğer.) Allah affetsin beni.","Two under the Caligaria Gate. One running toward the palace. And one here, near the tower. (Lowers his head.) May God forgive me.",kod
D21_M_1,21,SPK_NOVOMINER,[excited],0,...!,...!,kod
D21_M_HUSH,21,SPK_NOVOMINER,,0,(Madenci bir an bakar. Sonra yavaşça başını sallar.),(The miner stares for a moment. Then slowly nods.),kod
D21_M_LEB,21,SPK_MUFIDE,,0,(Bir tane alır. Başıyla selam verir. Geri çekilir.),(Takes one. Nods. Backs away.),ad
D21_M_LEB2,21,SPK_NOVOMINER,,0,(Bir tane alır. Avucunda sıkar. Gözünü Tolga'dan ayırmaz.),(Takes one. Closes his fist on it. Never takes his eyes off Tolga.),kod
D21_M_LIE,21,SPK_NOVOMINER,[shouting],0,"Yok bir şey ağa! Kaya çıktı, kaya! Burası kazılmaz!","Nothing here, aga! Rock, solid rock! We can't dig here!",kod
D21_M_SHOUT,21,SPK_NOVOMINER,[shouting],0,"Rum! Rumlar burada! Ağa, Rumlar!","Greeks! The Greeks are here! Aga, the Greeks!",kod
D21_M_WAVE,21,SPK_NOVOMINER,,0,"(Madenci bir adım geri atar, sonra bir adım daha.)","(The miner takes a step back, then another.)",kod
D21_N_01,21,SPK_NIHAT,,0,"Tolga Bey, telefonunuza bir deprem uygulaması indirmiştiniz. Powerbank'i takın. Büro bunu 'yardımcı alet' sayar.","Mr Tolga, you once downloaded an earthquake app. Plug in the power bank. The Bureau counts that as an 'auxiliary instrument'.",kod
D21_N_01_NOPB,21,SPK_NIHAT,,0,"Tolga Bey, telefonunuzda bir deprem uygulaması var. Şarjı az; idareli kullanın. Büro bunu 'yardımcı alet' sayar.","Mr Tolga, there's an earthquake app on your phone. The battery is low; use it sparingly. The Bureau counts that as an 'auxiliary instrument'.",kod
D21_N_CAP,21,SPK_NIHAT,,0,"Tolga Bey, 23 Mayıs. Grant'in adamları bu gece bir Osmanlı lağımını bastı ve içindekileri esir aldı. Kaynaklar bu esirlerin öbür lağımların yerini söylediğini yazar. Nasıl söylettirildiğini de yazar.","Mr Tolga, 23 May. Tonight Grant's men raided an Ottoman mine and took the men inside prisoner. The sources say these prisoners revealed where the other mines were. They also say how they were made to talk.",kod
D21_N_DANGER,21,SPK_NIHAT,[whispers] [panicked],1,"Arkasında bir yeniçeri var, Tolga Bey. Madenci tek kelime söylerse ikiniz de yandınız. Bir şey yapın!","There's a janissary behind him, Mr Tolga. One word from the miner and you're both done for. Do something!",kod
D21_N_END,21,SPK_NIHAT,,0,Kaydedildi. Kaynaklar lağımların 25 Mayıs'a kadar tek tek bulunup kapatıldığını yazar. Hiçbiri surları yıkamadı.,Recorded. The sources say the mines were found and closed one by one until 25 May. Not one of them brought the walls down.,kod
D21_N_LIE,21,SPK_NIHAT,[whispers],1,"Kendi tarafına yalan söyledi, Tolga Bey. Sizin için.","He lied to his own side, Mr Tolga. For you.",kod
D21_N_MAP,21,SPK_NIHAT,,0,"Tolga Bey, Büro'nun arşivindeki haritaya göre şu an... bir şarap mahzenindesiniz. Harita bürokratik olarak doğrudur.","Mr Tolga, according to the map in the Bureau archive, you are now... in a wine cellar. The map is bureaucratically correct.",kod
D21_N_TALK,21,SPK_NIHAT,,0,"Kaynaklar esirlerin işkenceyle konuştuğunu yazar, Tolga Bey. Bu gece odada bir tercüman vardı. Kayıt aynı kalır: lağımların yeri öğrenildi. Ama nasıl öğrenildiği değişti.","The sources say the prisoners talked under torture, Mr Tolga. Tonight there was an interpreter in the room. The record stays the same: the mines were located. But how they were located has changed.",kod
D21_N_TORTURE,21,SPK_NIHAT,,0,"Kaynaklar da bunu yazar, Tolga Bey: esirler işkence altında konuştu. Büro kaydı değiştiremez. Bu gece siz de değiştiremediniz.","That is what the sources say too, Mr Tolga: the prisoners talked under torture. The Bureau can't change the record. Tonight neither could you.",kod
D21_N_WHO,21,SPK_NIHAT,[whispers],1,"Tolga Bey, bu Grant değil. Bu adam Osmanlı tarafında: Sultan'ın lağımcısı. Aslında Sırp bir madenci; Zağanos Paşa onları Novo Brdo'nun gümüş madenlerinden surların altını kazsınlar diye getirdi. Grant da siz de Bizans tarafındasınız: onların tünelini bulup kapatıyorsunuz. İki tünel burada birleşti.","Mr Tolga, that is not Grant. That man is on the Ottoman side: one of the Sultan's sappers. He's really a Serbian miner; Zaganos Pasha brought them from the silver mines of Novo Brdo to dig under the walls. Grant and you are on the Byzantine side: you find their tunnels and close them. The two tunnels have met here.",kod
D21_T_01,21,SPK_TOLGA,,0,Memnun oldum. Ben Tolga. Sigorta bilirim. Bu gece bir işe yarar mı bilmiyorum.,Pleased to meet you. I'm Tolga. I know insurance. I don't know if that helps tonight.,kod
D21_T_B1,21,SPK_TOLGA,,0,Sigortacıyım. Uzun hikâye. Kimsenin adamı değilim.,I'm an insurance man. Long story. I'm nobody's man.,kod
D21_T_COLD,21,SPK_TOLGA,,0,Durgun. Burası değil.,Still. Not here.,ad
D21_T_EAR,21,SPK_TOLGA,,0,Bir dakika. Nisan'da toprağın altında dinlemeyi öğrendim. Kulak da bir kaptır.,"Hang on. In April, under the ground, I learned to listen. An ear is a bowl too.",kod
D21_T_END,21,SPK_TOLGA,,0,Karanlıkta iki adam. İkisi de kendi tarafının işini yapıyor. İkisi de eve dönmek istiyor.,Two men in the dark. Each doing his own side's work. Each wanting to go home.,kod
D21_T_FACE,21,SPK_TOLGA,[whispers],1,"Bir adam. Bir elinde kandil, öbüründe kazma. Benim kadar korkmuş.","A man. A lamp in one hand, a pick in the other. As scared as I am.",kod
D21_T_FIGHT,21,SPK_TOLGA,[sad],1,"Madenci kaçabildi mi, bilmiyorum. Kaçmış olsun. Lütfen kaçmış olsun.",I don't know if the miner got away. Let him have got away. Please.,kod
D21_T_FREEZE,21,SPK_TOLGA,,0,(Tolga donup kalır. Madencinin gözleri büyür.),(Tolga freezes. The miner's eyes widen.),kod
D21_T_HUSH,21,SPK_TOLGA,[whispers],1,(Parmağını dudağına götürür.) Şşşt.,(Puts a finger to his lips.) Shhh.,kod
D21_T_LEB,21,SPK_TOLGA,,0,(Avucunu açar. Leblebi. Kandil ışığında.),(Opens a palm. Chickpeas. In the lamplight.),kod
D21_T_LISTEN,21,SPK_TOLGA,[hesitant],0,Tık... tık... Kazıyorlar. Hemen öbür tarafta.,Tap... tap... They're digging. Right on the other side.,kod
D21_T_MAP,21,SPK_TOLGA,,0,"Fiziksel olarak da bir tünelin içindeyim, Nihat Bey. Ama teşekkürler.","Physically I'm in a tunnel, Mr Nihat. But thank you.",kod
D21_T_PROMISE,21,SPK_TOLGA,,0,"Grant, söz ver: tünelleri yakmadan önce içeridekiler çıkacak. Söz ver, konuşsun.","Grant, promise: before you burn the tunnels, the men inside get out. Promise, and he'll talk.",kod
D21_T_Q1_A,21,SPK_TOLGA,[hesitant],1,Konuşmazsan... sabahı göremezsin. Öyle diyor.,If you don't talk... you won't see the morning. That's what he says.,kod
D21_T_Q1_B,21,SPK_TOLGA,,0,"Bak, kimse ölmesin istiyorum. Ne sen, ne onlar. Yardım et bana.","Look, I don't want anyone to die. Not you, not them. Help me.",kod
D21_T_Q1_C,21,SPK_TOLGA,,0,Adın ne senin? Nerelisin?,What's your name? Where are you from?,kod
D21_T_Q2_A,21,SPK_TOLGA,[hesitant],1,Ocakta... demir kızdırıyorlar. Senin için.,They're heating... irons in the fire. For you.,kod
D21_T_Q2_B,21,SPK_TOLGA,,0,Dinle. Tünelleri nasılsa bulacaklar. Boşken bulurlarsa kimse içeride yanmaz. Senin adamların da. Mirko da.,"Listen. They'll find the tunnels anyway. If they find them empty, nobody burns inside. Not your men. Not Mirko.",kod
D21_T_SHOUT,21,SPK_TOLGA,[shouting],0,"Grant! Grant, buradalar! Duvar açıldı!","Grant! Grant, they're here! The wall's open!",kod
D21_T_TEPID,21,SPK_TOLGA,,0,Hafif bir titreme... yaklaşıyorum.,A slight tremble... getting closer.,ad
D21_T_THERMOS,21,SPK_TOLGA,,0,Çayın kusura bakmasın. Kapağı suyla doldurdum; son kap bu.,"Sorry, tea. I've filled the lid with water; that's the last bowl.",kod
D21_T_WAIT,21,SPK_TOLGA,[sad],1,"Kapının önünde bekledim. Ne kadar, bilmiyorum. Kulaklarımı kapattım. Sonra kapı açıldı.",I waited outside the door. I don't know how long. I covered my ears. Then the door opened.,kod
D21_T_WARM,21,SPK_TOLGA,[whispers],1,Su dalgalanıyor! Çok yakın.,The water is rippling! Very close.,ad
D21_T_WAVE,21,SPK_TOLGA,,0,(Elini yavaşça kaldırır. Adam da kaldırır.),(Slowly raises a hand. The man raises his too.),kod
D22O_HU_01,22,SPK_HUSEYIN,,0,"Hasan nereye, ben oraya. Ben Hüseyin'im. ...Bu sefer eminim.","Wherever Hasan goes, I go. I'm Hüseyin. ...This time I'm sure.",kod
D22O_HU_01_HUFEZ,22,SPK_HUSEYIN,,0,"Fesli olan Hüseyin, yani ben. Hasan nereye, ben oraya. Sepet de taşırım, deri de çakarım.","The one in the fez is Hüseyin, that's me. Wherever Hasan goes, I go. I'll carry baskets and nail hides too.",varyant
D22O_HU_CARRY,22,SPK_HUSEYIN,,0,Sonuncusu bende! (Hüseyin dumanın içinden son ustayı omzunda indirir.) Kaşlarım gitti ama usta burada.,"The last one's mine! (Hüseyin brings the last carpenter down through the smoke on his shoulder.) My eyebrows are gone, but the carpenter's here.",kod
D22O_H_01,22,SPK_HASAN,,0,Büro'nun kâtibi sen misin? Ben Hasan. Kalem tutan el sepet de tutar. Sabaha kule bitecek.,You're the Bureau's clerk? I'm Hasan. A hand that holds a pen can hold a basket. The tower is finished by morning.,kod
D22O_H_01_KNOWN,22,SPK_HASAN,,0,"Büro'nun kâtibi sen misin? ...Dur, seni tanıyorum. Hasan, kapıdan. Hatırladın mı? Kalem tutan el sepet de tutar. Sabaha kule bitecek.","You're the Bureau's clerk? ...Wait, I know you. Hasan, from the gate. Remember? A hand that holds a pen can hold a basket. The tower is finished by morning.",kod
D22O_H_02,22,SPK_HASAN,,0,"Önce hendek: şu sepetleri kıyıya taşı, toprağı aşağı dök. Sonra ön yüze deri çak. Sonra derileri ıslat, ıslak deri yanmaz. Surdan ok gelirse ""Siper!"" diye bağırırım; hasırın arkasına geç.","""First the moat: carry those baskets to the edge and tip the earth down. Then nail hides on the front. Then wet the hides; wet leather doesn't burn. If arrows come from the wall I'll shout """"Cover!""""; get behind the wicker.""",kod
D22O_H_ALL,22,SPK_HASAN,,0,Hepsi aşağıda. Kule gitti ama adamlar burada. Kule yeniden yapılır.,"All of them are down. The tower is gone, but the men are here. A tower can be built again.",kod
D22O_H_BASKET_1,22,SPK_HASAN,,0,Bir. Hendek derin; Bizanslılar iyi kazmış.,One. The moat is deep; the Byzantines dug it well.,ad
D22O_H_BASKET_2,22,SPK_HASAN,,0,İki. Sabah surdakiler bakınca şaşıracak.,Two. The men on the wall will be surprised in the morning.,ad
D22O_H_BASKET_3,22,SPK_HASAN,,0,Üç. Tekerlekler geçer artık. Şimdi deri.,Three. The wheels can cross now. Now the hides.,ad
D22O_H_CARRY,22,SPK_HASAN,[shouting],1,Çekil! (Hasan son ustayı sırtında indirir.) Tamam. Hepsi burada. Kaşların yerinde mi?,Out of the way! (Hasan carries the last carpenter down on his back.) There. All here. Are your eyebrows still on?,kod
D22O_H_DONE,22,SPK_HASAN,,0,"Bitti. Bak: üç kat, deri, tekerlek. Sabah olsun, görsünler.","Done. Look: three storeys, hides, wheels. Let the morning come and let them see it.",kod
D22O_H_DUEL,22,SPK_HASAN,[shouting],1,"Surdan çıktılar! Kâtip, kılıcı al! Kulenin dibinden ayrılma!","They've come out of the walls! Clerk, take the sword! Don't leave the foot of the tower!",kod
D22O_H_FIRE,22,SPK_HASAN,[shouting],0,"Fıçı! Barut! Kule tutuştu! Yukarıda üç usta var, merdiven!","A barrel! Powder! The tower's alight! There are three carpenters up top, the ladder!",kod
D22O_H_GUN,22,SPK_HASAN,,0,"Kule bunun için, kâtip. Çık tepeye, al şu tüfeği. Yukarıdan bakınca mazgal saklanacak yer değildir.","That's what the tower is for, clerk. Climb to the top, take this gun. From up there a battlement is no hiding place.",kod
D22O_H_HIDE_1,22,SPK_HASAN,,0,"Sıkı çak. Ok deriyi deler, iki kat deriyi zor deler.","Nail it tight. An arrow goes through one hide; two hides, hardly.",ad
D22O_H_HIDE_2,22,SPK_HASAN,,0,Bir tane daha. Kule giyiniyor.,One more. The tower is getting dressed.,ad
D22O_H_SAFE,22,SPK_HASAN,,0,Geçti. İşine dön.,Passed. Back to work.,kod
D22O_H_VOLLEY,22,SPK_HASAN,[shouting],0,Siper! Oklar geliyor! Hasırın arkasına!,Cover! Arrows! Behind the wicker!,kod
D22O_H_WALL,22,SPK_HASAN,,0,"Surdakiler de boş durmaz. Bu gece bir şey yaparlar, bilirim. Ben de yapardım.","The men on the wall won't sit idle either. They'll do something tonight, I know. I would.",kod
D22O_H_WET,22,SPK_HASAN,,0,"Tamam. Islak deri, ıslak tahta. Rum ateşi bile düşünür.","Done. Wet leather, wet timber. Even Greek fire will think twice.",kod
D22O_N_01,22,SPK_NIHAT,,0,"Tolga Bey, Bizans nüshası şöyle yazar: ""Sabah uyandık, karşımızda bir gecede kurulmuş bir kule vardı."" Bu gece o geceyi yazıyorsunuz.","""Mr Tolga, the Byzantine copy says: """"We woke in the morning and there was a tower before us, built in a single night."""" Tonight you are writing that night.""",kod
D22O_N_END,22,SPK_NIHAT,,0,"Kaydedildi. 18–19 Mayıs, Osmanlı nüshası. Bizans nüshasında aynı gece fıçıları yuvarlayanlar yazılı.","Recorded. 18–19 May, the Ottoman copy. The Byzantine copy has the men who rolled the barrels that same night.",kod
D22O_T_01,22,SPK_TOLGA,,0,Bir gecede üç katlı kule. Bizim şirkette bir toplantı odasının boyası üç hafta sürdü.,"A three-storey tower in one night. At my company, painting one meeting room took three weeks.",kod
D22O_T_ARROW_1,22,SPK_TOLGA,[shouting],0,"Ah! Fesime ok saplandı. Fesime! Kafama değil, iyi ki fes büyükmüş.",Ow! An arrow in my fez. My fez! Not my head. Good thing the fez is big.,ad
D22O_T_ARROW_2,22,SPK_TOLGA,[nervous],1,Bir tane daha... Bu fes artık kirpi.,Another one... This fez is a hedgehog now.,ad
D22O_T_ARROW_3,22,SPK_TOLGA,[nervous],1,"Hasan, siper dediğin şey kaç metre öteydi?","Hasan, how many metres away was that cover you mentioned?",ad
D22O_T_DAWN,22,SPK_TOLGA,,0,Surların üstünde herkes bu tarafa bakıyor. Bir gece önce burada boş bir tarla vardı.,Everyone on the walls is looking this way. A night ago this was an empty field.,kod
D22O_T_DUEL,22,SPK_TOLGA,[shouting],1,"Geri döndüler... Ama kule yanıyor, Hasan! Asıl dert o!","They've gone back... But the tower's on fire, Hasan! That's the real problem!",kod
D22O_T_END,22,SPK_TOLGA,,0,"Bir gecede kuruldu, bir gecede yandı. İki taraf da bunu kendi zaferi diye yazacak.","Built in one night, burned in one night. Both sides will write it down as their own victory.",kod
D22O_T_FIRE,22,SPK_TOLGA,[excited],0,Islak deri mi demiştin? Bu barut ıslak deriyi okumamış!,"Wet leather, you said? This powder hasn't read about wet leather!",kod
D22O_T_LOST,22,SPK_TOLGA,[shouting],0,"Düştüm... Merdiven tutuştu, Hasan! Birini alamayacağız!","I went down... The ladder's caught fire, Hasan! We won't get one of them out!",kod
D22O_T_RESCUE_1,22,SPK_TOLGA,[shouting],0,"Biri indi! Sıradaki! Merdiven sıcak, eldiveniniz var mı?",One's down! Next! The ladder's hot; do you have gloves?,ad
D22O_T_RESCUE_2,22,SPK_TOLGA,[shouting],0,İkinci! Bir tane kaldı!,Two! One left!,ad
D22_G_01,22,SPK_GIUST,,0,Bir gecede. Önündeki hendeği de doldurmuşlar. Derisini ıslatmışlar ki ok ve ateş tutmasın.,Overnight. They filled the moat in front of it too. They soaked the hides so arrows and fire won't catch.,kod
D22_G_02,22,SPK_GIUST,,0,Burada prim bu gece ödenir. Karanlık çökünce barut fıçılarını aşağı yuvarlayacağız.,Here the premium is paid tonight. When it's dark we'll roll barrels of powder down onto it.,kod
D22_G_03,22,SPK_GIUST,,0,"Üç fıçı var. Oluğa koy, fitili yak, bırak. Fitil ne çok uzun ne çok kısa olacak.","Three barrels. Put it in the chute, light the fuse, let it go. The fuse must be neither too long nor too short.",kod
D22_G_04,22,SPK_GIUST,,0,Çok erken bırakırsan aşağıdakiler fıçıyı tekmeyle hendeğe atar. Çok geç bırakırsan... kaşlarına veda et.,"Let go too early and the men below will kick it into the moat. Too late, and... say goodbye to your eyebrows.",kod
D22_G_COLOGNE,22,SPK_GIUST,,0,Bu ne kokusu? ...Şarap değil. Şaraptan beter. Güzel.,What's that smell? ...Not wine. Worse than wine. Good.,kod
D22_G_EARLY,22,SPK_GIUST,[excited],0,"Fitil uzundu, aşağıdakiler fıçıyı hendeğe itti. Biraz daha tut!","The fuse was too long, they pushed it into the moat. Hold it a little longer!",kod
D22_G_END,22,SPK_GIUST,,0,Sabaha hendeği yeniden açarız. Onlar yeniden doldurur. Böyle sürer.,By morning we'll reopen the moat. They'll fill it again. That's how it goes.,kod
D22_G_HIT_1,22,SPK_GIUST,[shouting],0,İsabet! Kulenin dibi tutuştu!,A hit! The base is burning!,kod
D22_G_HIT_2,22,SPK_HASAN,[shouting],0,"Bir daha! Deri de tutuştu, ıslaklık yetmedi!","Again! The hides are catching, the wet wasn't enough!",ad
D22_G_LATE,22,SPK_GIUST,[excited],0,Yamaçta patladı. Toprak yedi. Biraz daha erken!,It went off on the slope. The earth ate it. A bit earlier!,kod
D22_G_MEN,22,SPK_GIUST,,0,"Tamam, Büro adamı, sen fotoğrafını çek. Bu işi adamlarım bilir.","All right, Bureau man, you take your photograph. My men know this work.",kod
D22_G_SINGED,22,SPK_GIUST,[excited],0,Bırak dedim. Kaş çıkar. Kule çıkmaz. Sıradaki!,I said let go. Eyebrows grow back. Towers don't. Next!,kod
D22_G_SOAKED,22,SPK_GIUST,[excited],0,"Erken bıraktın ama tekmeleyemediler! Kolonyalı fıçı yanarak yuvarlandı, kulenin dibi tutuştu!","You let go early, but they couldn't kick it! The cologne barrel rolled down burning and the base caught!",kod
D22_N_01,22,SPK_NIHAT,,0,"Tespit için not: kule 18 Mayıs'ta kuruldu, aynı gece yakıldı. Tolga Bey, yakan siz olmak zorunda değilsiniz. Ama yanarken fotoğrafı sizden istiyorum.","A note for the record: the tower went up on 18 May and was burned the same night. Mr Tolga, you needn't be the one who burns it. But I want the photograph of it burning from you.",kod
D22_N_END,22,SPK_NIHAT,,0,"Kaydedildi. 18 Mayıs'ın etiketi düştü. Dosyada ateşin fotoğrafı var. Tolga Bey, kaşlarınız... dosyaya girmeyecek.","Recorded. The tag next to 18 May is gone. The file has the picture of the fire. Mr Tolga, your eyebrows... will not be entered in the file.",kod
D22_T_01,22,SPK_TOLGA,,0,O... dün burada yoktu. Bir gecede kule mi dikmişler? Ruhsatı var mı bunun?,That... wasn't there yesterday. They put up a tower overnight? Does it have a permit?,kod
D22_T_02,22,SPK_TOLGA,,0,Kasko olsa 'yapısal değişiklik' derdik. Prim artardı.,In car insurance we'd call that a 'structural modification'. The premium would go up.,kod
D22_T_03,22,SPK_TOLGA,,0,"Bu da mı tespit? Tamam. Oluk, fitil, bırak. Sırayla.","This is assessment too? Fine. Chute, fuse, let go. In order.",kod
D22_T_BURN,22,SPK_TOLGA,,0,"Yanıyor. Bir gecede kuruldu, bir gecede yandı. Bizim sektörde buna 'kısa süreli poliçe' derler.","It's burning. Built in a night, burned in a night. In my line of work we call that a 'short-term policy'.",kod
D22_T_COLOGNE,22,SPK_TOLGA,,0,"Bir dakika. (Fıçılara kolonya döker.) Limon kolonyası, seksen derece. Islak deri buna dayanmaz.","One moment. (He pours cologne over the barrels.) Lemon cologne, eighty proof. Wet hides won't stand up to this.",kod
D22_T_SINGED,22,SPK_TOLGA,[panicked],1,Kaşlarım! Kaşlarım gitti mi? ...Gitti. Poliçede 'estetik kayıp' yoktu.,My eyebrows! Are my eyebrows gone? ...They're gone. There was no 'cosmetic loss' clause.,kod
D23O_I_01,23,SPK_ISMAIL,,0,"Kâtip, yanımdan ayrılma. Rumca ne söylenirse bana olduğu gibi söyle; Türkçe ne söylersem onlara olduğu gibi. Sultan'a da olduğu gibi anlatacağım.","""Clerk, stay by my side. Whatever is said in Greek, tell me as it is; whatever I say in Turkish, tell them as it is. I'll report it to the Sultan as it is too.""",kod
D23O_I_END,23,SPK_ISMAIL,,0,"Dönüyoruz. Sultan'a ne diyeceğim biliyorum: ""Şehri vermediler; kendi elleriyle vermeyeceklerini söylediler."" Bu da bir cevap.","""We're going back. I know what I'll tell the Sultan: """"They did not give the city; they said they would not give it with their own hands."""" That is an answer too.""",kod
D23O_N_01,23,SPK_NIHAT,,0,"Tolga Bey, bugün Osmanlı heyetiyle geldiniz. İsmail Hamza'nın tercümanısınız. Tarih ne diyeceklerini biliyor; siz sadece iki dil arasında düşürmeyin.","""Mr Tolga, today you came with the Ottoman delegation. You are Ismail Hamza's interpreter. History knows what they'll say; just don't drop it between two languages.""",kod
D23O_T_END,23,SPK_TOLGA,,0,"İki taraf da aynı cümleyi duydu. Biri ""reddetti"" diye yazacak, öbürü ""direndi"" diye.","""Both sides heard the same sentence. One will write """"he refused"""", the other """"he resisted"""".""",kod
D23_I_2_ADD,23,SPK_ISMAIL,[angry],1,Hafta sonu mu? Sen ne dediğini biliyor musun? Ben Sultan'a bunu götürürsem başımı kaldırmam.,"Weekends? Do you know what you are saying? If I carry that to the Sultan, I will not keep my head.",kod
D23_I_2_SOFT,23,SPK_ISMAIL,,0,"Düşünecek mi? Frenk, ben Rumca bilmem ama yüz okurum. O yüz 'düşüneceğim' demiyor.","Think about it? Frank, I do not speak Greek, but I read faces. That face is not saying 'I will think about it'.",kod
D23_I_2_TRUE,23,SPK_ISMAIL,[sighs],1,...Sultan bu cevabı bekliyordu. Ben de bekliyordum. Yine de sormak benim görevimdi.,"...The Sultan expected this answer. So did I. Still, asking was my duty.",kod
D23_I_ASIDE,23,SPK_ISMAIL,,0,"Frenk. Bir de sana söylüyorum, onlara ilet: Sultan kararlı. Bu teklif son tekliftir. Bunu bilsinler.","Frank. One more thing, for you to pass on: the Sultan is resolved. This offer is the last. Let them know.",kod
D23_I_CARD,23,SPK_ISMAIL,,0,"""Tolga, sigorta""... Saklarım. Bu kuşatmadan sonra herkesin bir şeye sigortası lazım olacak.","""Tolga, insurance""... I'll keep it. After this siege, everyone will need insurance against something.",kod
D23_I_FAREWELL,23,SPK_ISMAIL,,0,Allah'a emanet olun. Size kolay bir gün dilemem boşuna olur; güçlü bir gün dilerim.,Go with God. It would be empty to wish you an easy day; I wish you a strong one.,kod
D23_I_FLASH,23,SPK_ISMAIL,,0,Bu ışık neydi? ...Neyse. Sultan da garip şeylere alışkın.,What was that flash? ...Never mind. The Sultan is used to strange things too.,kod
D23_I_KNOWN,23,SPK_ISMAIL,,0,Seni tanıyorum. Sultan'ın huzurundaki garip adam. Demek iki tarafın da dilindesin.,I know you. The strange man before the Sultan. So you are on the tongue of both sides.,kod
D23_I_LETTER,23,SPK_ISMAIL,,0,İmparator'un Nisan'daki mektubunu Sultan'a sen getirmiştin. Bugünkü teklif o mektubun cevabıdır; yine senin dilinden geçmesi Sultan'ın hoşuna gidecek.,You're the one who brought the Emperor's April letter to the Sultan. Today's offer is its answer; the Sultan will be pleased it passes through your tongue again.,kod
D23_I_OFFER_1,23,SPK_ISMAIL,,0,"Sultan Mehmed Han der ki: bu kuşatma iki tarafa da kan kaybettiriyor. Şehri teslim et, İmparator. Sana Mora'yı bırakır; oraya adamlarınla ve malınla gidersin.","Sultan Mehmed says: this siege bleeds both sides. Surrender the city, Emperor. He leaves you the Morea; you may go there with your men and your goods.",kod
D23_I_OFFER_2,23,SPK_ISMAIL,,0,"Halka dokunulmaz. Kalmak isteyen kalır, gitmek isteyen malıyla gider. Ama kılıçla alınırsa, bunu o gün kimse söz veremez.","The people will not be touched. Whoever wishes may stay; whoever wishes may leave with their goods. But if it is taken by the sword, no one can promise that on that day.",kod
D23_K_1_ADD,23,SPK_EMPEROR,,0,Poliçe mi? Bu kelime ne Rumca ne Türkçe. Sultan bunu da mı istiyor?,Policy? That word is neither Greek nor Turkish. Does the Sultan ask for that too?,kod
D23_K_1_TRUE,23,SPK_EMPEROR,,0,"...Açık konuşmuş. Teşekkür ederim, tercüman.","...He has spoken plainly. Thank you, interpreter.",kod
D23_K_3_TELL,23,SPK_EMPEROR,,0,"Biliyoruz. Biz de kararlıyız. Git elçi, efendine selam söyle.","We know. We are resolved too. Go, envoy, and give your master our greeting.",kod
D23_K_ANSWER_1,23,SPK_EMPEROR,,0,"Sultan'a söyle: vergi isterse veririz, toprak isterse konuşuruz. Ama şehri...","Tell the Sultan: if he wants tribute, we will pay it; if he wants land, we will talk. But the city...",kod
D23_K_ANSWER_2,23,SPK_EMPEROR,,0,"Şehri ona teslim etmek ne benim elimdedir ne de burada yaşayan kimsenin. Hepimiz kendi irademizle, canımızı kurtarmaktansa ölmeye karar verdik.","To surrender the city to him is not in my power, nor in the power of anyone who lives here. We have all resolved, of our own free will, to die rather than save our lives.",kod
D23_K_DISMISS,23,SPK_EMPEROR,,0,Görüşme bitmiştir. Tanrı ikimizin de hakemi olsun.,This audience is over. May God judge between us.,kod
D23_K_KNOWN,23,SPK_EMPEROR,,0,Frenk danışman. Yine sen. Bu şehirde her kapıdan sen çıkıyorsun.,The Frankish adviser. You again. Every door in this city opens onto you.,kod
D23_N_01,23,SPK_NIHAT,,0,"Bugünkü kayıt: Sultan'ın son teklifi. Tercüman sizsiniz, Tolga Bey. Tarih ne diyeceklerini zaten biliyor. Siz sadece bozmayın.","Today's entry: the Sultan's final offer. You are the interpreter, Mr Tolga. History already knows what they will say. Just don't break it.",kod
D23_N_END_CREATIVE,23,SPK_NIHAT,,0,"Kaydedildi. Sonuç aynı, ama tercümede... yaratıcılık var. Paradoks göstergem titredi. Dipnota yazıyorum: 'Tercüman sapması, zararsız.'","Recorded. The outcome is the same, but the translation shows... creativity. My paradox meter flickered. Footnote: 'Interpreter drift, harmless.'",kod
D23_N_END_TRUE,23,SPK_NIHAT,,0,"Kaydedildi. Sadık tercüme. 21 Mayıs'ın etiketi düştü. Tolga Bey, bugün hiçbir şeyi bozmadınız. Bu bizim meslekte büyük övgüdür.","Recorded. A faithful translation. The tag next to 21 May is gone. Mr Tolga, you broke nothing today. In our profession that is high praise.",kod
D23_TH_01,23,SPK_THEODOROS,,0,"Sarayın tercümanı ateşler içinde yatıyor. Sen iki dili de konuşuyorsun, Frenk. Kelimesi kelimesine çevir. Kelimesi kelimesine.","The palace interpreter is in bed with a fever. You speak both tongues, Frank. Translate word for word. Word for word.",kod
D23_TH_1_SOFT,23,SPK_THEODOROS,[angry],1,"Yalan. Elçi 'Mora' dedi, 'kılıç' dedi. Ben de o kadarını anlıyorum. Düzgün çevir.","A lie. The envoy said 'Morea', he said 'sword'. I understand that much. Translate properly.",kod
D23_TH_PASS,23,SPK_THEODOROS,,0,"Bu... benim yortu iznim! Tek mühürlü. (Cebinden mührünü çıkarır, ikincisini basar.) Artık iki mühür: saray tercümanı. Yedi olana kadar iyi sakla.",This... is my feast-day permit! A single seal. (Takes his seal from his pocket and stamps a second.) Now it has two: palace interpreter. Look after it until it has seven.,kod
D23_TH_PHOTO,23,SPK_THEODOROS,,0,"O alet ne? ...Çabuk ol, Frenk. Elçi gidiyor.","What is that device? ...Be quick, Frank. The envoy is leaving.",kod
D23_TH_SINGED,23,SPK_THEODOROS,,0,"(Durur, Tolga'nın yüzüne bakar) Frenk... Kaşların nerede?",(Stops and looks at Tolga's face) Frank... where are your eyebrows?,kod
D23_T_01,23,SPK_TOLGA,,0,Kelimesi kelimesine. Tamam. Ben sadece bir aracıyım. Sigortada da öyleydim.,Word for word. Right. I'm just the intermediary. Same as in insurance.,kod
D23_T_1_ADD,23,SPK_TOLGA,,0,"Majeste, Sultan teslim olmanızı istiyor, karşılığında Mora. Bir de benden: şehir için kapsamlı bir yangın poliçesi düşünebiliriz, çok uygun.","Majesty, the Sultan wants you to surrender, in exchange for the Morea. And from me: we could look at a comprehensive fire policy for the city, very reasonable.",kod
D23_T_1_FIX,23,SPK_TOLGA,,0,"...Peki. Düzgünü: şehri teslim edin; size Mora, halka can ve mal. Savaşla alınırsa, o gün söz yok.","...Fine. Properly: surrender the city; the Morea for you, life and goods for the people. If taken by war, no promises on that day.",kod
D23_T_1_SOFT,23,SPK_TOLGA,,0,"Majeste, Sultan... biraz ısrarcı. Şehri çok beğenmiş.","Majesty, the Sultan is... a little insistent. He likes the city very much.",kod
D23_T_1_TRUE,23,SPK_TOLGA,,0,"Majeste: Sultan şehri teslim etmenizi istiyor. Size Mora'yı, halka can ve mal güvencesini veriyor. Şehir savaşla alınırsa o gün için söz veremeyeceğini söylüyor.","Majesty: the Sultan asks you to surrender the city. He offers you the Morea, and the people safety of life and goods. If the city is taken by war, he says no one can promise anything for that day.",kod
D23_T_2_ADD,23,SPK_TOLGA,,0,"İmparator şehri vermiyor, ama... belki bir orta yol bulunur. Yarı yarıya mesela. Hafta içi siz, hafta sonu onlar?","The Emperor won't give the city, but... perhaps a middle way. Half and half, say. You on weekdays, them at weekends?",kod
D23_T_2_SOFT,23,SPK_TOLGA,,0,İmparator... düşünecek. Biraz zamana ihtiyacı var.,The Emperor... will think about it. He needs a little time.,kod
D23_T_2_TRUE,23,SPK_TOLGA,,0,"İmparator diyor ki: vergi isterseniz verirler, toprak isterseniz konuşulur. Ama şehri teslim etmek ne onun ne de burada yaşayan kimsenin elinde. Hepsi canlarını kurtarmaktansa ölmeye karar vermiş.","The Emperor says: if you want tribute, they will pay; if you want land, it can be discussed. But surrendering the city is in neither his hands nor anyone's who lives here. They have all resolved to die rather than save their lives.",kod
D23_T_3_KEEP,23,SPK_TOLGA,,0,(Bunu söylesem ne değişir ki. Hiçbir şey. Değişmeyecek.),(What would it change if I said it? Nothing. It won't change.),kod
D23_T_3_TELL,23,SPK_TOLGA,,0,"Majeste, elçi bir şey daha söyledi: bu son teklifmiş. Sultan kararlıymış.","Majesty, the envoy said one more thing: this is the last offer. The Sultan is resolved.",kod
D23_T_CARD,23,SPK_TOLGA,,0,"Efendim, bir gün lazım olursa. Hayat, kasko, konut. Sinop'a da gelirim.","Sir, in case you ever need it. Life, car, home. I'd come out to Sinop too.",kod
D23_T_PASS,23,SPK_TOLGA,,0,Terfi ettim. Sigortada yedi yılda alamadığım unvanı bir kâğıtta aldım.,I've been promoted. Seven years in insurance couldn't get me a title; one sheet of paper just did.,kod
D23_T_SINGED,23,SPK_TOLGA,,0,"Kulede kaldılar. Kule yandı, kaşlar da. Tercümeye engel değil.","They stayed at the tower. The tower burned, and so did they. It won't get in the way of translating.",kod
D24O_D_01,24,SPK_DERVISH,,0,"Ay Allah'ın ayıdır, evlat; ne onların ne bizim. Ama korku herkesindir. Git, ateşlere çorba götür; lafını da yanında götür.","""The moon is God's moon, child; neither theirs nor ours. But fear belongs to everyone. Go, take soup to the fires; and take your words with you.""",kod
D24O_D_ALL,24,SPK_DERVISH,,0,"Bak: ay geri geliyor. Üç ateş de sakin. Sözün çorbadan sıcakmış, kâtip.","""Look: the moon is coming back. All three fires are calm. Your words were warmer than the soup, clerk.""",kod
D24O_D_REST,24,SPK_DERVISH,,0,Ay geri geldi. Kalan ateşlere ben uğradım; ben de çorba götürdüm ama lafım senin kadar tuzlu değildi.,"""The moon's back. I stopped by the other fires; I took soup too, but my words weren't as well seasoned as yours.""",kod
D24O_K_01,24,SPK_KADRI,,0,Kâtip! Tam vaktinde. Şu kazanı ateş başlarına dağıtacağız. Sıcak çorba korkuya iyi gelir. Bana gelir en azından.,"""Clerk! Just in time. We're taking this pot round the campfires. Hot soup is good against fear. It is for me, anyway.""",kod
D24O_K_02,24,SPK_KADRI,[shouting],0,Ya Rabbi... Ay... Ay kararıyor! Kan gibi!,Lord... The moon... The moon's going dark! Like blood!,kod
D24O_K_END,24,SPK_KADRI,,0,Fırtına geçti. Şehirde de geçti mi bilmem. Onların da çadırı var mıdır? Yoktur. Onların taşı var.,"""The storm's passed. Whether it passed in the city too, I don't know. Do they have tents? No. They have stone.""",kod
D24O_K_FLY,24,SPK_KADRI,[shouting],0,"Gitti! Bizim çadır Bizans'a uçuyor! Sağ olsunlar, iade etmezler.","There it goes! Our tent's flying to Byzantium! Bless them, they won't send it back.",kod
D24O_K_LOST_0,24,SPK_KADRI,[shouting],0,"Hepsi ayakta! Kazanlar kuru! Kâtip, yarından sonra sana aşçı yamağı diyeceğim.","All standing! The pots are dry! Clerk, from the day after tomorrow I'm calling you my kitchen boy.",ad
D24O_K_LOST_1,24,SPK_KADRI,,0,"Bir tanesi gitti. Olsun; bir çadır gider, bir kazan kalır.","One of them's gone. Never mind; a tent goes, a pot stays.",ad
D24O_K_LOST_2,24,SPK_KADRI,,0,İkisi uçtu. Yarın çorbayı açık havada kaynatırız; Sultan'ın ordusu yağmur görmemiş değil.,"""Two of them flew off. Tomorrow we'll boil the soup in the open; the Sultan's army has seen rain before.""",ad
D24O_K_MENU_1,24,SPK_KADRI,,0,"Kazanda ne var, biliyor musun? Senin ziyafet çorban: tarhana. Sultan'ın sofrasından ordunun kazanına.",Know what's in the pot? Your feast soup: tarhana. From the Sultan's table to the army's cauldron.,ad
D24O_K_MENU_2,24,SPK_KADRI,,0,"Kazanda ne var, biliyor musun? Senin ziyafet çorban: mercimek. Sultan'ın sofrasından ordunun kazanına.",Know what's in the pot? Your feast soup: lentil. From the Sultan's table to the army's cauldron.,ad
D24O_K_MENU_BURNED,24,SPK_KADRI,,0,Ziyafette yaktığın çorbayı bu kazanda bir daha denedim. Bu sefer yanmadı. Mutfak da yanmadı.,"I tried the soup you burned at the feast again, in this pot. It didn't burn this time. Neither did the kitchen.",kod
D24O_K_STORM,24,SPK_KADRI,[shouting],0,"Kâtip! Rüzgâr çadırları söküyor! Mutfak çadırları gitmesin; iplere koş, kazığa sar!","""Clerk! The wind's tearing up the tents! Don't lose the kitchen tents; run to the ropes, wind them round the pegs!""",kod
D24O_K_THERMOS,24,SPK_KADRI,,0,"Senin o sihirli testine de çorba doldurdum; üç saattir kaynar gibi duruyor. Mutfağa en yakın ateşe ben götürürüm, sen öbürlerine bak.",I filled that magic flask of yours with soup too; it's been piping hot for three hours. I'll take it to the fire nearest the kitchen; you see to the others.,kod
D24O_N_01,24,SPK_NIHAT,,0,"Tolga Bey, bu gece ay tutulacak. Bizans nüshasında bu bir kehanettir: ""Ay küçülünce şehir düşer."" Osmanlı nüshasında da korkanlar var; sadece daha az yazılmış.","""Mr Tolga, tonight the moon will be eclipsed. In the Byzantine copy it is a prophecy: """"When the moon wanes, the city falls."""" In the Ottoman copy there are frightened men too; they were just written down less.""",kod
D24O_N_END,24,SPK_NIHAT,,0,"Kaydedildi. 22–25 Mayıs, Osmanlı nüshası. Alametler iki tarafa da düştü; iki taraf da kendi alametini okudu.","""Recorded. 22–25 May, the Ottoman copy. The omens fell on both sides; each side read its own.""",kod
D24O_S_1,24,SPK_SOLDIER,,0,"Kâtip, sen okumuş adamsın. Bu ay niye kanadı? Bize mi bir şey diyor, onlara mı?","""Clerk, you're a learned man. Why is the moon bleeding? Is it telling us something, or them?""",ad
D24O_S_1_JOKE,24,SPK_SOLDIER,[shouting],0,"Ha ha! Ay da nöbetçi! Doğru ya, hiç uyumuyor garip.","""Ha ha! The moon's on watch too! True enough, the poor thing never sleeps.""",ad
D24O_S_1_SCIENCE,24,SPK_SOLDIER,,0,Bizim gölgemiz mi? ...Demek o kadar büyüğüz. Hıh. Hoşuma gitti bu.,"""Our shadow? ...So we're that big. Huh. I like that.""",ad
D24O_S_1_SOUP,24,SPK_SOLDIER,,0,Haklısın. Ay da bir yere gitmez. Koy şuraya.,"""You're right. The moon's not going anywhere. Pour it here.""",ad
D24O_S_1_THERMOS,24,SPK_SOLDIER,,0,Aşçıbaşı'nın kırmızı testisi! Ay kararıyor ama çorba hâlâ kaynıyor. Demek her şey kararmıyor.,"The head cook's red flask! The moon's going dark, but the soup's still boiling. So not everything goes dark.",kod
D24O_S_2,24,SPK_SOLDIER,,0,Köyde anam derdi: ay kararırsa kuyuya taş at. Burada kuyu yok. Taş çok ama.,"""Back in the village my mother used to say: if the moon goes dark, throw a stone in the well. There's no well here. Plenty of stones, though.""",ad
D24O_S_2_JOKE,24,SPK_SOLDIER,,0,Yorulmuş ha... Ben de yoruldum kardeşim. Ay'la aynı nöbetteyiz desene.,"""Tired, eh... I'm tired too, brother. So the moon and I are on the same watch.""",ad
D24O_S_2_SCIENCE,24,SPK_SOLDIER,,0,"Gölge ha... Anam bilseydi taşa gerek kalmazdı. Yine de bir tane atayım, ne olur ne olmaz.","""A shadow, eh... If my mother had known, she'd never have needed the stone. I'll throw one anyway, just in case.""",ad
D24O_S_2_SOUP,24,SPK_SOLDIER,,0,Mercimek mi bu? Anamınki gibi değil ama kararmış aydan iyidir.,"""Is this lentil? Not like my mother's, but better than a dark moon.""",ad
D24O_S_3,24,SPK_SOLDIER,,0,"Rumlar surda dua ediyor, duyuyor musun? Biz de mi etsek? Ya bu onların duası tuttuysa?","""The Greeks are praying up on the wall, hear that? Should we pray too? What if their prayer is the one that worked?""",ad
D24O_S_3_JOKE,24,SPK_SOLDIER,,0,"Onlar dua ediyor, ay kızarıyor... Belki de utandı. Hepimiz adına.","""They pray, the moon blushes... Maybe it's embarrassed. On behalf of all of us.""",ad
D24O_S_3_SCIENCE,24,SPK_SOLDIER,,0,"Gölge dua dinlemez. O zaman onların duası da tutmadı, bizimki de. İyi, ödeştik.","""A shadow doesn't listen to prayers. So their prayer didn't work, and ours didn't either. Good, we're even.""",ad
D24O_S_3_SOUP,24,SPK_SOLDIER,,0,"Doğru. Dua da ederiz, çorba da içeriz. İkisi birden olur.","""True. We can pray and eat soup. Both at once.""",ad
D24O_S_TEA,24,SPK_SOLDIER,,0,"(Bardağı iki eliyle tutar) Sıcak... Ay da bundan kızarmış olmalı, kaynamaktan.",(Holds the cup in both hands) Hot... That must be why the moon's gone red. It's boiling.,kod
D24O_T_01,24,SPK_TOLGA,,0,Çorba dağıtırım. Sigortacılıkta da ilk iş budur: önce müşteriyi ısıt.,"""I'll hand out soup. That's the first rule in insurance too: warm up the client first.""",kod
D24O_T_ECLIPSE_AGAIN,24,SPK_TOLGA,[whispers],0,"Bunu ben Nisan'da da gördüm. Surların hücresinden, bir ay erken. (Fısıltıyla) Benim yüzümden mi iki kez kararıyor?","I saw this in April too. From a cell in the walls, a month early. (Whispering) Is it going dark twice because of me?",kod
D24O_T_END,24,SPK_TOLGA,,0,"Bizans nüshasında bu gün ikona yere düşer, şehir sise gömülür. Burada ise bir aşçı çadır sayıyor.","""In the Byzantine copy, today the icon falls and the city sinks into fog. Here, a cook is counting tents.""",kod
D24O_T_JOKE,24,SPK_TOLGA,,0,"Ay da yoruldu. Bir aydır sabaha kadar nöbet tutuyor. Biraz kızardı, o kadar.","""The moon's tired too. It's been standing watch till dawn for a month. It's gone a bit red, that's all.""",kod
D24O_T_MOON,24,SPK_TOLGA,,0,"Aynı ay, iki taraftan. Surda ""şehir düşecek"" diye korkuyorlar. Burada ""biz ne yapacağız"" diye.","""The same moon, from both sides. On the wall they fear """"the city will fall"""". Here they fear """"what will become of us"""".""",kod
D24O_T_SCIENCE,24,SPK_TOLGA,,0,Dünya güneşle ayın arasına girdi; bizim gölgemiz aya düştü. Yani bu kırmızı biziz. Bir saate geçer.,"""The Earth passed between the sun and the moon; our own shadow fell on it. So that red is us. It passes in an hour.""",kod
D24O_T_SOUP,24,SPK_TOLGA,,0,"Önce çorba. Ay bekler, kaçmaz; bin yıldır orada. Çorba bekleyemez.","""Soup first. The moon will wait, it's not going anywhere; it's been up there a thousand years. Soup can't wait.""",kod
D24O_T_TEA,24,SPK_TOLGA,,0,"Çay. Ay bekler, kaçmaz. Çay soğur.",Tea. The moon will wait; it's not going anywhere. Tea goes cold.,kod
D24O_T_TIED_1,24,SPK_TOLGA,[shouting],1,"Bir! Dolu kafama yağıyor, fes kask değilmiş.",One! The hail is coming down on my head; a fez isn't a helmet.,ad
D24O_T_TIED_2,24,SPK_TOLGA,[shouting],1,"İki! Bu çadır poliçesinde ""doğal afet"" maddesi var mıydı?","Two! Did this tent's policy have a ""natural disaster"" clause?",ad
D24O_T_TIED_3,24,SPK_TOLGA,[shouting],1,Üç! Hepsi yerinde.,Three! All of them in place.,ad
D24_K_HELP,24,SPK_KID,[scared],1,Anne! Anne neredesin?,"Mother! Mother, where are you?",kod
D24_K_THANKS,24,SPK_KID,,0,"Annem pazardaydı... Burada beklerim. Teşekkür ederim, yabancı.","My mother was at the market... I'll wait here. Thank you, stranger.",kod
D24_M_01,24,SPK_MONK,,0,"Sen arka soldan tut. Adımını bizimle at. Hodegetria'ya yol gösteren O'dur, biz sadece taşırız.",Take the back left. Keep step with us. The Hodegetria shows the way; we only carry.,kod
D24_M_LIGHT,24,SPK_MONK,[hesitant],0,Bakın! Kubbede... bir ışık. Kızıl bir ışık. Kubbenin tepesine çıkıyor...,Look! On the dome... a light. A red light. It's climbing to the top of the dome...,kod
D24_M_RAIN,24,SPK_MONK,[tired],1,"Yağmur... Mayıs'ta böyle yağmur. Dayanın, kardeşler.","Rain... rain like this, in May. Hold on, brothers.",kod
D24_M_SLIP,24,SPK_MONK,[shouting],0,Kaydı! Tanrım... ikona kaydı!,It's slipping! Lord... the icon has slipped!,kod
D24_M_STOP,24,SPK_MONK,[excited],0,Alay durdu. Sokaklar sel. Herkes bir saçak altına!,The procession has stopped. The streets are flooding. Everyone under a roof!,kod
D24_M_STUMBLE,24,SPK_MONK,[shouting],0,Dikkat! Sırık!,Careful! The pole!,kod
D24_NK_01,24,SPK_NIKO,,0,Tolga! Nöbeti bir saatliğine devrettim. Yanında yürürüm; rüzgâr gelirse sırığa omzumu veririm.,"Tolga! I've handed my watch over for an hour. I'll walk beside you; if the wind comes, I'll put my shoulder to the pole.",kod
D24_NK_GUST,24,SPK_NIKO,[shouting],0,Tuttum! Bırakma!,Got it! Don't let go!,kod
D24_NK_KID,24,SPK_NIKO,[shouting],0,Kapı kanadını saçağın önüne yatırıyorum! Su geç gelir. Sen çocuğu getir!,I'm laying a door across the porch! It'll hold the water back. You fetch the boy!,kod
D24_NK_LATE,24,SPK_NIKO,,0,"Kaçtı! ...Yukarı, kuru tarafa koştu. Kurtulur, Tolga. Kurtulur.","He ran! ...Uphill, to the dry side. He'll make it, Tolga. He'll make it.",kod
D24_NK_SAVED,24,SPK_NIKO,,0,"Çocuk kuru. Sen sırılsıklamsın, ben de. Ama çocuk kuru.","The boy's dry. You're soaked, and so am I. But the boy's dry.",kod
D24_N_01,24,SPK_NIHAT,,0,"Bugünkü kayıt ağır, Tolga Bey. Şehir en kutsal ikonasını sokaklarda gezdiriyor. Yardım isteniyor. Siz bir sırık taşıyın ve... saygılı olun.","Today's entry is a heavy one, Mr Tolga. The city is carrying its holiest icon through the streets. They are asking for help. You carry a pole and... be respectful.",kod
D24_N_END,24,SPK_NIHAT,,0,"Kaynaklar 'kubbede kızıl bir ışık' diyor. Açıklaması yok. Biz de açıklamayacağız, Tolga Bey. Bazı sayfalar öyle kalır.","The sources say 'a red light on the dome'. No explanation. We won't explain it either, Mr Tolga. Some pages stay that way.",kod
D24_N_FOG,24,SPK_NIHAT,,0,"Akşama kadar vaktiniz var. Gezin, tırmanın, ama akşam Ayasofya'nın kubbesine bakın. Kaynaklar orada bir şey görüldüğünü yazıyor.","You have until evening. Walk, climb, but in the evening look at the dome of Hagia Sophia. The sources say something was seen there.",kod
D24_N_SLIP,24,SPK_NIHAT,,0,"Siz değildiniz, Tolga Bey. Kayıtlarda da kayar. Bunu siz değiştiremezdiniz.","It wasn't you, Mr Tolga. In the records, it slips too. You could not have changed this.",kod
D24_T_01,24,SPK_TOLGA,,0,Olurum. Söz. Bugün espri yok.,I will. Promise. No jokes today.,kod
D24_T_ECLIPSE,24,SPK_TOLGA,,0,"(Kendi kendine) İki gece önce ay karardı, diyorlar. Ben onu bir ay önce, Nisan'da hücrenin penceresinden görmüştüm. Bu şehrin ayı iki kez mi karardı, yoksa ben mi erken geldim?","(To himself) They say the moon went dark two nights ago. I saw it a month early, in April, from a cell window. Did this city's moon go dark twice, or did I come too early?",kod
D24_T_FOG,24,SPK_TOLGA,,0,"Bir metre ötesi görünmüyor. Kuşatmanın ortasında bir şehir, bulutun içinde.","You can't see a metre ahead. A city in the middle of a siege, inside a cloud.",kod
D24_T_KID,24,SPK_TOLGA,,0,"Bekle burada. Annen gelir. ...Tarih değişmez, ama birinin ıslanmasına engel olunur.","Wait here. Your mother will come. ...History doesn't change, but you can keep someone out of the rain.",kod
D24_T_KID_RAN,24,SPK_TOLGA,,0,Koştu. Kendi buldu yolunu. İyi... iyi.,They ran. Found their own way. Good... good.,kod
D24_T_NK_01,24,SPK_TOLGA,,0,"Niko. İyi ki geldin. Bugün espri yok, söz verdim; sen de beni güldürme.","Niko. Glad you came. No jokes today, I promised; so don't make me laugh.",kod
D24_T_PHONE,24,SPK_TOLGA,,0,(Telefona bakar.) Fener kapalı. Şarj yüzde on dört. Bu sefer... ben değilim.,(Checks the phone.) Torch off. Battery at fourteen percent. This time... it's not me.,kod
D24_T_SLIP,24,SPK_TOLGA,[sad],1,Ben... ben tutuyordum. Tutuyordum.,I... I was holding it. I was holding it.,kod
D24_T_TAKE_KID,24,SPK_TOLGA,,0,"Gel, gel. Benimle. Şuraya, kuru yere.","Come on, come with me. Over there, where it's dry.",kod
D25B_N_1,25,SPK_NIHAT,,0,"27 Mayıs gecesi, Tolga Bey. Kaynaklar o gece Osmanlı ordugâhının öyle aydınlandığını yazar ki surdakiler kampın yandığını sandı.","The night of 27 May, Mr Tolga. The sources say the Ottoman camp was lit so brightly that night that the men on the walls thought it was on fire.",kod
D25B_N_2,25,SPK_NIHAT,,0,Kaydedildi. Yarın akşam şehir Ayasofya'da toplanacak. Büro sizi oraya alıyor.,Recorded. Tomorrow evening the city will gather in Hagia Sophia. The Bureau is taking you there.,kod
D25B_S_1,25,SPK_DEFENDER,[shouting],0,"Bak! Bak, yanıyorlar! Tanrı'ya şükür... çadırları tutuştu!","Look! Look, they're burning! Thank God... their tents have caught fire!",kod
D25B_S_2,25,SPK_DEFENDER,[nervous],1,"Davulları duyuyor musun? Bütün gece bağırıyorlar. Bu bir bayram mı, yoksa...","Do you hear the drums? They've been shouting all night. Is it a feast, or...",kod
D25B_T_1,25,SPK_TOLGA,,0,Yanmıyorlar. Kandil yakıyorlar. Her çadırın önünde bir kandil.,They're not burning. They're lighting lamps. A lamp in front of every tent.,kod
D25B_T_2,25,SPK_TOLGA,,0,(Cevap vermez. Karşıdaki ışıklara bakar.),(Doesn't answer. Looks at the lights across the field.),kod
D25B_T_3,25,SPK_TOLGA,,0,Surda kimse konuşmuyor artık. Herkes ışıklara bakıyor.,No one on the wall is talking anymore. Everyone is looking at the lights.,kod
D25O_H_1,25,SPK_HASAN,,0,"Gel kâtip, otur. Bu gece kimse uyumaz. Uyuyor gibi yapar.","""Come, clerk, sit. No one sleeps tonight. They pretend to.""",kod
D25O_H_2,25,SPK_HASAN,,0,"Yarın. Sultan dedi: kara, deniz, her yerden. Biz yeniçeriler sonuncu dalgayız. Sonuncu dalga ya şehre girer ya bir daha kalkmaz.","""Tomorrow. The Sultan said: by land, by sea, from everywhere. We Janissaries are the last wave. The last wave either enters the city or never gets up again.""",kod
D25O_H_3,25,SPK_HASAN,,0,"Şehirdekiler de uyumuyordur. Onlar da bir ateşin başında, bizim gibi. Allah hepimize kolaylık versin.","""The people in the city aren't sleeping either. They're round a fire too, like us. May God make it easy for all of us.""",kod
D25O_H_LEB,25,SPK_HASAN,,0,(Bir tane alır.) Tuzlu. İyi. Anam da kavururdu.,(Takes one.) Salty. Good. My mother used to roast these too.,kod
D25O_H_SIT,25,SPK_HASAN,,0,İyi ki konuşmadın. Bu gece herkes çok konuştu.,"""Good thing you didn't talk. Everyone talked too much tonight.""",kod
D25O_H_WATER,25,SPK_HASAN,,0,"(İçer.) Yarın getirirsen yarın da içerim. Bu bir anlaşmadır, kâtip; yaz.","""(Drinks.) If you bring it tomorrow, I'll drink it tomorrow. That's a deal, clerk; write it down.""",kod
D25O_N_01,25,SPK_NIHAT,,0,"Bu akşam tek kayıt var, Tolga Bey: ordugâhta meclis toplanıyor. Siz mutfaktasınız. Sessiz tanık, sessiz yamak.","There's one entry tonight, Mr Tolga: the council meets in the camp. You're in the kitchen. A silent witness, a silent kitchen boy.",kod
D25O_N_END,25,SPK_NIHAT,,0,"Kaydedildi. 28 Mayıs gecesi, Osmanlı nüshası. Yarın son sayfa.","""Recorded. The night of 28 May, the Ottoman copy. Tomorrow, the last page.""",kod
D25O_N_HANDOFF,25,SPK_NIHAT,,0,"Kaydedildi. Karar: yarın oruç ve dinlenme. Ordunun dinlenmesi kazma kürek demek, Tolga Bey. Sabah hendekte görüşürüz.","Recorded. The decision: tomorrow, fasting and rest. For an army, rest means picks and shovels, Mr Tolga. See you at the moat in the morning.",kod
D25O_N_VIGIL,25,SPK_NIHAT,,0,"Tolga Bey, Bizans nüshasında bu gece Ayasofya'da son ayin var. Osmanlı nüshasında oruç, dua ve sessizlik. Siz buradasınız.","""Mr Tolga, in the Byzantine copy tonight there is a last liturgy in Hagia Sophia. In the Ottoman copy: fasting, prayer and silence. You are here.""",kod
D25O_T_1,25,SPK_TOLGA,,0,Yarın mı?,Tomorrow?,kod
D25O_T_END,25,SPK_TOLGA,,0,"Surun iki yanında iki ateş. Birinde dua, birinde dua. Yarın ikisinden biri sönecek.","""Two fires on either side of the wall. Prayer at one, prayer at the other. Tomorrow one of them goes out.""",kod
D25O_T_LEB,25,SPK_TOLGA,,0,Al. Benim zamanımda bunu maçta yerler. Uzun hikâye.,"""Here. In my time people eat these at football matches. Long story.""",kod
D25O_T_SIT,25,SPK_TOLGA,,0,(Tolga bir şey söylemez. Ateş çıtırdar.),(Tolga says nothing. The fire crackles.),kod
D25O_T_WATER,25,SPK_TOLGA,,0,Su. Yarın da getiririm. Söz.,Water. I'll bring some tomorrow too. I promise.,kod
D25_F_1,25,SPK_FATIH,,0,İkinizi de dinledim. Karar verildi.,I have heard you both. The decision is made.,ad
D25_F_2,25,SPK_FATIH,,0,"Yarın ordu oruç tutacak ve dinlenecek. Kandiller yansın. Ertesi gün şafaktan önce, hücum.","Tomorrow the army fasts and rests. Let the lamps be lit. The day after, before dawn, the assault.",ad
D25_G_CAUGHT_1,25,SPK_HASAN,[shouting],0,Hey! Yamak! Burada ne arıyorsun? Mutfağa!,Hey! Kitchen boy! What are you doing here? Back to the kitchen!,ad
D25_G_CAUGHT_2,25,SPK_HASAN,[shouting],0,Yine mi sen? Bir daha görürsem Aşçıbaşı'na söylerim! Git!,You again? If I see you once more I'll tell the head cook! Go!,ad
D25_G_TEZKIRE,25,SPK_SOLDIER,,0,"Dur, yamak! ...Bu ne? (Tuğrayı görür, kâğıdı alnına götürür.) Padişahımın tuğrası. Peki. Ama gözüm üstünde.","Stop, kitchen boy! ...What's this? (Sees the tughra and raises the paper to his brow.) My Sultan's tughra. Very well. But I've got my eye on you.",kod
D25_G_TRAY,25,SPK_SOLDIER,,0,"Tamam, yamak. Şimdi git. Kapıda kimse durmaz bu gece.","All right, boy. Now go. No one loiters at the door tonight.",kod
D25_H_1,25,SPK_HIKMET,,0,"Sultanım, elli gündür surların önündeyiz. Macar ordusu yolda, Venedik donanması denizde, derler. Haraca razı olalım, dönelim.","My Sultan, we have been before these walls for fifty days. They say a Hungarian army is on the road and a Venetian fleet at sea. Let us accept tribute and go home.",ad
D25_H_2,25,SPK_HIKMET,,0,"Sultanım, bir yenilgi yıllarca kazanılanı götürür. Ben devletin yarınını düşünüyorum.","My Sultan, one defeat can take away the gains of years. I am thinking of the state's tomorrow.",ad
D25_I_1,25,SPK_ISIDORE,[sad],1,Tanrı hepimizi affetsin.,May God forgive us all.,kod
D25_K_01,25,SPK_KADRI,,0,"Yamak! Nerede kaldın? Bu gece otağa şerbet gidecek, meclis toplanıyor. Paşalar sabaha kadar konuşur.","Kitchen boy! Where have you been? Sherbet goes to the Sultan's tent tonight, the council is meeting. The pashas will talk till morning.",kod
D25_K_02,25,SPK_KADRI,,0,"Tepsiyi kapıdaki nöbetçiye ver, içeri girme. İçeri giren yamak bir daha mutfak görmez.","Give the tray to the guard at the door, don't go in. A kitchen boy who goes in never sees a kitchen again.",kod
D25_K_1,25,SPK_EMPEROR,,0,"Kardeşlerim. Rum ve Latin, bu akşam ayrımız yok.","My brothers. Greek and Latin, tonight there is no difference between us.",kod
D25_K_2,25,SPK_EMPEROR,[sad],1,"Size kırıldığım, sizi kırdığım ne varsa... affedin. Yarın herkes surda, yerinde olacak.","Whatever wrong I have felt from you, whatever wrong I have done you... forgive me. Tomorrow everyone will be at their post on the walls.",kod
D25_K_CANDLE,25,SPK_KID,,0,"Yabancı! Saçaktaki yabancı! Annemi buldum, pazardaymış. Annem senin için de bir mum yaktı.","Stranger! The stranger from the eaves! I found my mother, she was at the market. She lit a candle for you too.",kod
D25_K_PASS,25,SPK_EMPEROR,,0,"(Tolga'ya döner) Saray tercümanı. Sözlerimi Sultan'ın elçisine olduğu gibi taşıdın. Sen de affet beni, Frenk.","(Turns to Tolga) The palace interpreter. You carried my words to the Sultan's envoy exactly as I spoke them. Forgive me too, Frank.",kod
D25_K_PASS_SOFT,25,SPK_EMPEROR,,0,"(Tolga'ya döner) Saray tercümanı. Sözlerimi biraz yumuşattın, biliyorum. Affettim. Sen de beni affet, Frenk.","(Turns to Tolga) The palace interpreter. You softened my words a little; I know. I have forgiven it. Forgive me too, Frank.",kod
D25_N_01,25,SPK_NIHAT,,0,"Bu akşam iki kayıt var, Tolga Bey. Önce ordugâh: meclis toplanıyor. Sonra şehir: yarın akşam. İkisi de... sessiz tanık ister.","Two entries tonight, Mr Tolga. First the camp: the council is meeting. Then the city: tomorrow evening. Both need... a quiet witness.",kod
D25_N_AYA,25,SPK_NIHAT,,0,"Burada fotoğraf yok, Tolga Bey. Sadece bakın. Aylardır ayrı dua eden insanlar bu akşam aynı çatının altında.","No photographs here, Mr Tolga. Just look. People who have prayed apart for years are under the same roof tonight.",kod
D25_N_END,25,SPK_NIHAT,,0,Kaydedildi. Bu sayfada fotoğraf yok. Olması da gerekmiyor.,Recorded. This page has no photograph. It doesn't need one.,kod
D25_N_ISI,25,SPK_NIHAT,,0,"Kardinal Isidoros, Tolga Bey: Papa'nın elçisi. Napoli'den iki yüz okçuyla geldi; Aralık'ta bu kilisede iki kilisenin birliğini okudu. Şehrin yarısı o günden beri buraya adım atmadı. Bu gece hepsi yan yana.","Cardinal Isidore, Mr Tolga: the Pope's legate. He came with two hundred archers from Naples, and in December he read the union of the two Churches in this very church. Half the city has not set foot here since. Tonight they are all side by side.",kod
D25_N_LIGHTS,25,SPK_NIHAT,,0,Kaynaklar ordugâhın o gece kandillerle aydınlandığını yazıyor. Surdakiler önce bayram sanmış. Tespit edin.,The sources say the camp was lit with lamps that night. Those on the walls first thought it was a feast. Record it.,kod
D25_T_01,25,SPK_TOLGA,,0,"Şerbet. Tamam. Ben bu ordugâhta bir ay önce leblebi dağıtıyordum, şimdi şerbet.",Sherbet. Right. A month ago I was handing out chickpeas in this camp; now it's sherbet.,kod
D25_T_01_NOLEB,25,SPK_TOLGA,,0,"Şerbet. Tamam. Ben bu ordugâhta bir ay önce kartvizit dağıtıyordum, şimdi şerbet.",Sherbet. Right. A month ago I was handing out business cards in this camp; now it's sherbet.,kod
D25_T_AYA,25,SPK_TOLGA,,0,Tamam. Telefon cepte.,All right. The phone stays in my pocket.,kod
D25_T_CANDLE,25,SPK_TOLGA,,0,(Sessizce bir mum yakar.),(Quietly lights a candle.),kod
D25_T_EMPEROR,25,SPK_TOLGA,,0,Surlara gidiyor. Kimseye bir şey söylemeden.,He's going to the walls. Without a word to anyone.,kod
D25_T_HALF,25,SPK_TOLGA,[whispers],1,Sonunu duyamadım. Ama ordugâhın haline bakınca... karar belli.,I didn't hear the end. But looking at the camp... the decision is plain.,kod
D25_T_HEARD,25,SPK_TOLGA,[whispers],1,"Hepsini duydum. İki paşa, iki ayrı akıl. Karar verildi.","I heard it all. Two pashas, two minds. The decision is made.",kod
D25_T_LIGHTS,25,SPK_TOLGA,,0,"Binlerce kandil. Karşı surdan bakan biri ne hissediyordur, bilmiyorum.",Thousands of lamps. I don't know what someone watching from the walls must feel.,kod
D25_T_LISTEN,25,SPK_TOLGA,[whispers],1,"Arka taraf... Çadır bezi incedir. Duyarım. Nöbetçiler dönüyor, arkalarına denk gelmeliyim.",The back... tent cloth is thin. I'd hear it. The guards are circling; I have to stay behind them.,kod
D25_T_MARCO,25,SPK_TOLGA,,0,"Bu gece annenin yanından ayrılma, küçük. Hiç ayrılma.","Don't leave your mother's side tonight, little one. Not for a moment.",kod
D25_T_PASS,25,SPK_TOLGA,,0,(Bir şey diyemez. Başını eğer.),(He can't find anything to say. He bows his head.),kod
D25_Z_1,25,SPK_ZAGANOS,[angry],1,"Hangi donanma? Gözcüler bir yelken görmedi. Frenkler kendi aralarında bölük pörçük. Surlar yıkılıyor, askerin yüreği sağlam.","What fleet? The lookouts have not seen a single sail. The Franks are divided among themselves. The walls are crumbling, the army's heart is strong.",kod
D25_Z_2,25,SPK_ZAGANOS,,0,"Ben de. Bugün dönersek yarın hiç gelmeyiz. Hücum, Sultanım.","So am I. If we turn back today, we never come again. The assault, my Sultan.",ad
D26O_AB_LADDER_BAD,26,SPK_AZAPBASI,,0,"Kâtip... 18 Nisan'da o barikat bize çizik bile vermedi. Bölüğümden kalan bu kadar. Başını kaldırma, taş yağar.",Clerk... On 18 April that stockade didn't give us a scratch. This is what's left of my company. Keep your head down; stones are coming.,kod
D26O_AB_LADDER_OK,26,SPK_AZAPBASI,[excited],0,Kâtip! 18 Nisan'da barikatı kancayla söken sendin. Merdivenin başını biz tutarız; kalkanlar yukarı!,Clerk! You were the one who tore the stockade down with a hook on 18 April. We'll hold the top of the ladder; shields up!,kod
D26O_AZ_LATE,26,SPK_AZAP,[shouting],0,"Hendeği gece biz bitirdik, kâtip! Yamuk ama dolu. Bas geç!","We finished the moat in the night, clerk! Crooked, but full. Step on it and go!",kod
D26O_H_01,26,SPK_HASAN,,0,"Kâtip! Kule gecesinden beri görmedim seni. Kaşların yerinde, maşallah.","Clerk! I haven't seen you since the night of the tower. Your eyebrows are still there, praise be.",kod
D26O_H_01_LEB,26,SPK_HASAN,,0,"Kâtip! Leblebin bitti, cebimde bir tane kaldı. Gergin an için sakladım.",Clerk! Your chickpeas are gone; I kept one in my pocket. Saved it for the tense moment.,kod
D26O_H_01_SIT,26,SPK_HASAN,,0,"Kâtip. Dün gece konuşmadın; şimdi de konuşma. Su ver, yeter.","Clerk. You didn't talk last night; don't talk now. Give me water, that's enough.",kod
D26O_H_01_WATER,26,SPK_HASAN,,0,Kâtip! Kova elinde. Dün gece söz vermiştin; tuttun.,Clerk! Bucket in hand. You promised last night; you kept it.,kod
D26O_H_02,26,SPK_HASAN,,0,"(İçer.) Sancağı bana verdiler. Kulenin tepesine. Sen kâtipsin; yaz ki bir yeniçeri su içti, sonra gitti.","(Drinks.) They gave me the banner. To the top of the tower. You're the clerk; write down that a Janissary drank some water, then went.",kod
D26O_H_BACK,26,SPK_HASAN,,0,"Sırtımda indirdiğim marangoz bu sabah merdiven taşıyor. Topallıyor ama taşıyor. Ben de topallıyorum, kimseye söyleme.","The carpenter I carried down on my back is hauling ladders this morning. He's limping, but he's hauling. I'm limping too, don't tell anyone.",kod
D26O_H_CREW,26,SPK_HASAN,,0,Kuleden indirdiğin üç marangoz bu gece merdiven çaktı. Selam söylediler. Biri kaşlarını sordu.,The three carpenters you got down from the tower spent the night nailing ladders. They send their greetings. One asked about your eyebrows.,kod
D26O_H_DUEL,26,SPK_HIKMET,[shouting],1,"Ceneviz! Gedikten çıktılar! Sucu, yerdeki kılıcı al, sırtımı kolla!","Genoese! They've come out of the breach! Water-boy, grab that sword on the ground, watch my back!",ad
D26O_H_GUN,26,SPK_HASAN,,0,"Al şunu, ağabey. Yeniçerinin tüfeği. Mazgaldan kafa çıkaranı düşür; ne kadar çok düşerse o kadar az taş yağar.","Take this, brother. A Janissary's gun. Drop whoever shows his head at the battlements; the more fall, the fewer stones come down.",kod
D26O_H_LADDER,26,SPK_HASAN,[shouting],0,"Merdivene, sucu! Kovayı bırak. Bugün sur senin de!","To the ladder, water-boy! Drop the bucket. Today the wall is yours too!",kod
D26O_H_MORE,26,SPK_HASAN,[shouting],0,"Arkadan daha da geliyorlar! Sırtını bana ver, sucu!","There are more coming behind them! Put your back to mine, water-boy!",kod
D26O_H_RAISE,26,SPK_HASAN,[shouting],0,"Direği tut, Tolga! Birlikte kaldıralım!","Grab the pole, Tolga! We'll raise it together!",kod
D26O_K_WATER,26,SPK_KADRI,[excited],0,"Frenk! Kova benden, sucu sensin. Birinci bölüğü benim yamak suluyor; sen öbür ikisine koş!","Frank! The buckets are on me, you're the water-boy. My kitchen boy is watering the first company; you run to the other two!",kod
D26O_L_BANNER,26,SPK_SOLDIER,[shouting],0,Burçta sancak! Bizim sancak! Kulenin tepesinde!,A banner on the tower! Our banner! On top of the tower!,kod
D26O_L_WAVE_1,26,SPK_SOLDIER,[shouting],0,Azaplar ileri! İlk dalga!,The azaps forward! First wave!,ad
D26O_L_WAVE_2,26,SPK_SOLDIER,[shouting],0,Anadolu askeri! İkinci dalga! Merdivenler!,The Anatolian troops! Second wave! Ladders!,ad
D26O_L_WAVE_3,26,SPK_SOLDIER,[shouting],0,Yeniçeriler! Sultan'ın kendi askeri! Son dalga!,The Janissaries! The Sultan's own men! Last wave!,ad
D26O_N_01,26,SPK_NIHAT,,0,"Tolga Bey, kuşatmanın son gecesi. Bizans nüshası bu gece surun içinden yazılır, sizinki dışından. Sakasınız. Kimse sakaya ok atmaz derler; derler.","Mr Tolga, the last night of the siege. The Byzantine copy writes it from inside the wall, yours from outside. You carry the water. They say nobody shoots at the water carrier; they say.",kod
D26O_N_IN,26,SPK_NIHAT,,0,"Kaydedildi. Gedik açıldı; yeniçeriler içeri giriyor. Bizans nüshasının son sayfası da şu an yazılıyor, surun öbür yanında.","""Recorded. The breach is open; the Janissaries are going in. The last page of the Byzantine copy is being written right now, on the other side of the wall.""",kod
D26O_N_TAPE,26,SPK_NIHAT,,0,"Bandınız, Tolga Bey. Tuttuğu yere kadar tuttu. Bu taraftan bakınca ne kadar küçük, değil mi?","Your tape, Mr Tolga. It held as far as it could. Looks very small from this side, doesn't it?",kod
D26O_S_BACK1,26,SPK_SOLDIER,[shouting],1,Azaplar geri çekiliyor! Sur dayandı... şimdilik.,The azaps are pulling back! The wall held... for now.,kod
D26O_S_BACK2,26,SPK_SOLDIER,[shouting],1,"İkinci dalga da döndü. Gedikteki İtalyan dev gibi durmuş, geçilmiyor.",The second wave has turned back too. The Italian in the breach stands like a giant; no way past.,kod
D26O_S_VOLLEY,26,SPK_SOLDIER,[shouting],0,"Oklar! Siper! Fıçıların, yığının arkasına!","Arrows! Cover! Behind the barrels, behind the pile!",kod
D26O_S_WATER_1,26,SPK_SOLDIER,[tired],1,Allah razı olsun. Soğukmuş.,God bless you. It's cold.,ad
D26O_S_WATER_2,26,SPK_SOLDIER,[tired],1,"Bir yudum daha... tamam, yeter. Ötekilere de kalsın.","One more sip... fine, enough. Leave some for the others.",ad
D26O_S_WATER_3,26,SPK_SOLDIER,[tired],1,Sağ ol saka. Dönersek bir kova da biz sana taşırız.,"Thanks, water carrier. If we come back, we'll carry a bucket for you.",ad
D26O_S_WAVE1,26,SPK_SOLDIER,[shouting],0,"Saka! Kıyıda bekleyen bölüklere su! Önce su, sonra hendek!","Water carrier! Water to the companies waiting on the bank! Water first, then the moat!",kod
D26O_S_WAVE2,26,SPK_SOLDIER,[shouting],0,"Merdiven lazım! Yığından kıyıya taşı, bölüklere ver! Ok gelirse sipere!","We need ladders! Carry them from the pile to the bank, hand them to the companies! If arrows come, take cover!",kod
D26O_T_01,26,SPK_TOLGA,,0,Elli gün önce bir garajdaydım. Şimdi elimde bir kova var ve karşımda dünyanın en ünlü surları.,Fifty days ago I was in a garage. Now I've got a bucket in my hand and the most famous walls in the world in front of me.,kod
D26O_T_02,26,SPK_TOLGA,[sad],1,Hasan... Sen de mi gidiyorsun?,Hasan... You're going too?,kod
D26O_T_03,26,SPK_TOLGA,[sad],1,"Yazacağım, Hasan. Söz.","I'll write it, Hasan. I promise.",kod
D26O_T_BANNER,26,SPK_TOLGA,[sad],1,"Su içti, sonra gitti. Yazdım.","He drank some water, then went. I wrote it down.",kod
D26O_T_CLIMB,26,SPK_TOLGA,,0,Sekiz metre. Ben merdivenden ancak tavan lambası değiştirmek için çıkardım...,Eight metres. The only ladder I ever climbed was to change a ceiling bulb...,kod
D26O_T_DUEL,26,SPK_TOLGA,[panicked],1,Tuttum! Tuttum... Bir dakika. Ben neden kılıç tutuyorum? Ben sucuyum. Sigortacıyım. İkisi de değilim artık.,Got it! Got it... Wait. Why am I holding a sword? I'm the water-boy. The insurance man. I'm neither any more.,kod
D26O_T_GUN_BAD,26,SPK_TOLGA,,0,Hepsi kafasını tam ben ateş ederken indiriyor. Bunlar da mı Nihat'tan eğitim aldı?,They all duck exactly when I fire. Did Nihat train them too?,kod
D26O_T_GUN_GOOD,26,SPK_TOLGA,,0,"Mazgal boşaldı. Hasan, bu tüfeği yanıma alabilir miyim? Pazartesi toplantısına lazım.","The battlements are clear. Hasan, can I keep this gun? I need it for Monday's meeting.",kod
D26O_T_LOST,26,SPK_TOLGA,[tired],1,Ceneviz kalkanı suratıma indi... Hasan çoktan yukarıda. Ben yine sucuyum galiba.,"A Genoese shield to the face... Hasan's already up there. I'm back to being the water-boy, I guess.",kod
D26O_T_TAPE,26,SPK_TOLGA,,0,"(Gediğin ağzında, taşların arasında... gri bir bant. Kendi bandı. Bu taraftan kimse onu fark etmiyor.)","(At the mouth of the breach, between the stones... a grey strip of tape. His own tape. On this side, nobody notices it.)",kod
D26O_T_WALL,26,SPK_TOLGA,,0,Çıktım! Ve... karşımda iki tane Cenevizli var. Tabii ki var.,I'm up! And... there are two Genoese in front of me. Of course there are.,kod
D26_F_COUPLET,26,SPK_FATIH,[softly],1,Kayser'in sarayında örümcek perdedarlık eder; Efrasiyab'ın kubbesinde baykuş nöbet vurur.,The spider keeps the curtain in the palace of the Caesars; the owl sounds the watch on the dome of Afrasiyab.,kod
D26_F_ENTRY,26,SPK_FATIH,,0,Bu şehir yıkılmak için alınmadı. Yaşasın diye alındı. Ayasofya'ya gidiyoruz.,"""This city was not taken to be ruined. It was taken so that it would live. We are going to Hagia Sophia.""",kod
D26_F_STOP,26,SPK_FATIH,[angry],1,Dur! O baltayı indir.,Stop! Put down that axe.,kod
D26_F_TRUST,26,SPK_FATIH,,0,Bu taşlara dokunma. Şehrin binaları artık bana emanettir. Emanete el uzatılmaz.,Do not touch these stones. The buildings of the city are now in my trust. One does not lay hands on a trust.,kod
D26_G_01,26,SPK_GIUST,,0,Büro adamı. Yine geldin. Bu gece taşıyacak çok şey var. Hazır ol.,Bureau man. You came again. There will be a lot to carry tonight. Be ready.,kod
D26_G_BOX,26,SPK_GIUST,[shouting],0,(Kurşun omzundaki ısınan kutuya çarpar; kutu kararır) Kutu! Senin sıcak kutun... kurşunu yuttu!,(The ball strikes the warm box on his shoulder; the box goes dark) The box! Your warm box... it swallowed the shot!,kod
D26_G_BREACH_FIGHT,26,SPK_GIUST,[shouting],0,Barikat kapanmadan dalıyorlar! Gediği tutun!,They're pouring in before the barricade's closed! Hold the breach!,kod
D26_G_DUCK,26,SPK_GIUST,[hesitant],0,(Eğilir; kurşun omzunun üstünden surun taşına çarpar) ...Frenk. Bir parmak aşağıda olsa... Sana bir şarap borçluyum.,(He ducks; the ball smacks into the stone above his shoulder) ...Frank. A finger lower and... I owe you a wine.,kod
D26_G_DUCK_GBOOK,26,SPK_GIUST,,0,"(Eğilir; kurşun omzunun üstünden surun taşına çarpar) ...Kitabında bu satır yoktu, Frenk. Yine sen.","(He ducks; the ball smacks into the stone above his shoulder) ...That line wasn't in your book, Frank. You again.",varyant
D26_G_DUCK_WARNED,26,SPK_GIUST,,0,(Eğilir; kurşun omzunun üstünden surun taşına çarpar) ...Frenk. Omzum dedin. Yine sen.,(He ducks; the ball smacks into the stone above his shoulder) ...Frank. You said my shoulder. You again.,varyant
D26_G_DUEL,26,SPK_GIUST,[shouting],1,"Yeniçeriler! Molozun üstünden geliyorlar! Frenk, yanımda dur, kalkanını indirme!","Janissaries! They're coming over the rubble! Frank, stand by me, keep your shield up!",kod
D26_G_GUN,26,SPK_GIUST,[shouting],0,Frenk! Cenova'dan son tüfek. Hendeği geçenleri gediğe varmadan düşür!,Frank! The last gun from Genoa. Drop the ones crossing the ditch before they reach the breach!,kod
D26_G_GUN_AGAIN,26,SPK_GIUST,[excited],0,"Yine sen, Frenk. Gedik gecesinden beri bu tüfek sende iyi duruyor. Al, yeniçeriler hendekte!","You again, Frank. That gun has suited you since the night at the breach. Take it, the Janissaries are in the ditch!",kod
D26_G_HURT,26,SPK_GIUST,[hesitant],0,Zırhı deldi... Beni... beni gemiye götürün. Yarayı sardırıp dönerim.,It went through the breastplate... Take me... take me to the ship. I'll have it bound and come back.,kod
D26_G_HURT_GBOOK,26,SPK_GIUST,[hesitant],0,Zırhı deldi... Kitabın haklıymış. Beni... beni gemiye götürün.,It went through the breastplate... Your book was right. Take me... take me to the ship.,varyant
D26_G_HURT_WARNED,26,SPK_GIUST,,0,"Sağ omzum... Nisan'da söylemiştin, Frenk. Dinlemedim. Beni gemiye götürün; sardırıp dönerim.","My right shoulder... You told me in April, Frank. I didn't listen. Take me to the ship; I'll have it bound and come back.",varyant
D26_G_LADDER,26,SPK_GIUST,[shouting],0,"Merdivenden çıktılar! Tolga, kovayı bırak, kılıcı al!","They're over the ladder! Tolga, drop the bucket, take a sword!",kod
D26_G_LAST_WAVE,26,SPK_GIUST,[shouting],0,"Son bölük bu! Sultan'ın kendi adamları. Dayan, Tolga, dayan!","This is the last company! The Sultan's own men. Hold, Tolga, hold!",kod
D26_G_LIGHTER_BACK,26,SPK_GIUST,[scared],0,(Titreyen elini açar; avucunda Tolga'nın çakmağı) Al. Topçularım bir hafta ödemedi. Ben de ödemedim. ...Sende kalsın.,(He opens a trembling hand; Tolga's lighter lies in his palm) Take it. My gunners never paid their week. Neither did I. ...Keep it.,kod
D26_G_NOTRUST,26,SPK_GIUST,,0,"Eğilmek mi? Ben Giustiniani'yim, yabancı. Ben eğilmem—","Get down? I am Giustiniani, stranger. I do not—",kod
D26_G_NOTRUST_GBOOK,26,SPK_GIUST,,0,"Eğilmek mi? Kitabını okudum, Frenk. Yirmi dokuz Mayıs, burası. Yazılanı kim değiştirir—","Get down? I read your book, Frank. The twenty-ninth of May, this very spot. Who changes what's written—",varyant
D26_G_NOTRUST_WARNED,26,SPK_GIUST,,0,"Eğilmek mi? Nisan'da omzum demiştin, şimdi de bu... Ben Giustiniani'yim, Frenk. Ben eğilmem—","Get down? In April it was my shoulder, now this... I am Giustiniani, Frank. I do not—",varyant
D26_G_REPELLED_1,26,SPK_GIUST,[shouting],0,Geri çekildiler! Birinci dalga geçmedi!,They're falling back! The first wave didn't get through!,ad
D26_G_REPELLED_2,26,SPK_GIUST,[shouting],1,İkinci dalga da geri! Ama şafak geliyor... ve yeniçeriler.,The second wave is back too! But dawn is coming... and the Janissaries.,ad
D26_G_STAY,26,SPK_GIUST,[shouting],0,Kimse gemiye binmiyor! Gedik bizim! Tutun!,Nobody boards a ship! The breach is ours! Hold!,kod
D26_G_WAVE1,26,SPK_GIUST,[shouting],0,"Birinci dalga! Adamlarım susuz savaşamaz. Su, Tolga, kovayla su!","First wave! My men can't fight without water. Water, Tolga, buckets of water!",ad
D26_G_WAVE2,26,SPK_GIUST,[shouting],0,"Barikatın yarısı gitti! Fıçı, kalas, ne varsa! Önümüzdeki dalgadan önce kapanmalı!","Half the stockade is gone! Barrels, planks, anything! It has to close before the next wave!",kod
D26_G_WAVE3,26,SPK_GIUST,,0,Son dalga. Kimse yerinden ayrılmayacak. Kimse.,The last wave. No one leaves his post. No one.,kod
D26_I_KASIM_FREE,26,SPK_ISIDORE,[whispers],0,"(Fısıltıyla) Bir madencinin sözüyle çıkıyorum, Frenk. Ben artık kimse değilim. Kimse olarak gidiyorum.","(Whispering) I'm walking out on a miner's word, Frank. I'm nobody now. I'm leaving as nobody.",kod
D26_I_TEZ_FREE,26,SPK_ISIDORE,[whispers],0,"(Fısıltıyla) Kâtibin olmak bir onurdur, Frenk. Ben artık kimse değilim. Kimse olarak gidiyorum.","(Whispering) It's an honour to be your clerk, Frank. I'm nobody now. I'm leaving as nobody.",kod
D26_KS_1,26,SPK_KASIM,,0,"Tercüman! Beni tanıdın mı? Kasım. Grant sözünü tuttu: lağımlar boşken yandı, içeride kimse kalmadı. Bu sabah zindanın kapısını da bizimkiler açtı.","Interpreter! Remember me? Kasım. Grant kept his word: the tunnels burned empty, nobody was left inside. And this morning our lot opened my cell door.",kod
D26_KS_1_FIRE,26,SPK_KASIM,,0,"Tercüman! Beni tanıdın mı? Kasım. Mirko'nun yüzü hâlâ yanık, ama yaşıyor. Grant da sözünü tuttu: lağımlar boşken yandı. Bu sabah zindanın kapısını bizimkiler açtı.","Interpreter! Remember me? Kasım. Mirko's face is still burned, but he's alive. And Grant kept his word: the tunnels burned empty. This morning our lot opened my cell door.",kod
D26_KS_FREE,26,SPK_KASIM,,0,Ağa! Bu ihtiyar tercümanın kâtibi. Lağımdan sağ çıktıysam bu adamın sözüyle çıktım. Bırak gitsin.,"Agha! This old man is the interpreter's clerk. If I came out of that tunnel alive, it was on this man's word. Let him go.",kod
D26_K_HOLD_1,26,SPK_KADRI,[sad],1,"'Söyleyemem' demiştin, Frenk. Şimdi ben de sana bir şey söyleyemem. Sabah oldu. Şehir ayakta.","You said 'I can't tell you,' Frank. Now I can't tell you anything either. It is morning. The city stands.",ad
D26_K_HOLD_2,26,SPK_KADRI,[sad],1,'Yetecek' demiştin. Yalan söylediğini sanmıştım. Belki yalan değildi. Belki sadece erkendi.,You said 'it will be enough.' I thought you were lying. Perhaps you weren't. Perhaps it was only early.,ad
D26_K_HOLD_3,26,SPK_KADRI,[sad],1,'Belki bir yıl' demiştin. Bir yıl... Bir şehir için kısa. Bu sabah bir ömür kadar uzun.,"You said 'perhaps a year.' A year... Short for a city. This morning, as long as a lifetime.",ad
D26_K_LAST,26,SPK_EMPEROR,[shouting],1,Kalın! Şehir burada. Ben buradayım.,Hold! The city is here. I am here.,kod
D26_L_BANNER,26,SPK_LOOKOUT,[shouting],0,Burçta sancak! Kulenin tepesinde... bir sancak!,A banner on the tower! On top of the tower... a banner!,kod
D26_L_RETREAT,26,SPK_LOOKOUT,[shouting],0,Geri çekiliyorlar! Yeniçeriler geri çekiliyor!,They're pulling back! The Janissaries are pulling back!,kod
D26_L_WAVE_1,26,SPK_LOOKOUT,[shouting],0,Davullar! Azaplar geliyor! Merdivenler!,Drums! The irregulars are coming! Ladders!,kod
D26_L_WAVE_2,26,SPK_LOOKOUT,[shouting],0,İkinci dalga! Anadolu askerleri! Top ateşleniyor!,Second wave! The Anatolian troops! The gun is firing!,ad
D26_L_WAVE_3,26,SPK_LOOKOUT,[shouting],0,Yeniçeriler! Sultan'ın kendi askerleri!,Janissaries! The Sultan's own troops!,ad
D26_MG_ASK,26,SPK_MANAGER,,0,"Tolga, bir şey mi oldu? Bir gecede bir ay yaşlanmış gibisin. Hafta sonu ne yaptın?","Tolga, did something happen? You look like you aged a month overnight. What did you do this weekend?",kod
D26_MG_HONEST,26,SPK_MANAGER,,0,"...Tamam. Tamam, Tolga. Bugün erken çık. Gerçekten. Dinlen.","...Right. Right, Tolga. Leave early today. Really. Get some rest.",kod
D26_MG_INSURER,26,SPK_MANAGER,,0,Belgeli mi? Aferin. Bizde en zor olan o. Raporu ekibe de gönder.,Documented? Well done. That's the hardest part in our business. Send the report to the team too.,kod
D26_MG_SILENT,26,SPK_MANAGER,,0,...Kahve alayım mı sana? Otur. Ben alırım.,...Shall I get you a coffee? Sit down. I'll get it.,kod
D26_M_ALARM,26,SPK_MUFIDE,[formal] [urgent],1,"(Hoparlör) Kırmızı alarm! Kırmızı alarm! Kayıt 1453-T, 29 Mayıs: tarih siliniyor. Bütün personel Yönetmelik Duvarı'ndan uzak dursun!","(Loudspeaker) Red alert! Red alert! Record 1453-T, 29 May: history is being erased. All staff keep clear of the Regulation Wall!",ad
D26_M_ALARM_2,26,SPK_MUFIDE,[formal] [urgent],1,"(Hoparlör) Nihat Bey, arşivden haber var: 1453 klasörünün etiketi değişiyor. Onay bekliyor.","(Loudspeaker) Mr Nihat, word from the archive: the 1453 folder's label is changing. It's awaiting approval.",ad
D26_N_01,26,SPK_NIHAT,,0,"Son kayıt, Tolga Bey. Bu gece ne olacağını biliyorsunuz. Ben de biliyorum. Size tek bir şey söyleyeceğim: yanınızdakilere yardım edin. Gerisini tarih yapacak.","The last entry, Mr Tolga. You know what happens tonight. So do I. I will tell you only one thing: help the people beside you. History will do the rest.",kod
D26_N_ALARM_1,26,SPK_NIHAT,[panicked] [out of breath],1,Tolga Bey! Ne yaptınız?! Dosyadaki fotoğraflar boşalıyor! Kapıdaki '1453' yazısı titriyor!,Mr Tolga! What have you done?! The photos in the file are going blank! The '1453' on the door is flickering!,ad
D26_N_ALARM_2,26,SPK_NIHAT,[panicked] [shouting while running] [out of breath],1,"Sadece mi?! Bir omuz, bir kurşun... Şu anda beş yüz yetmiş üç yılın takvimi yeniden basılıyor! Ders kitapları, pullar, simitçinin tabelası!","Just?! One shoulder, one bullet... Right now five hundred and seventy-three years of calendars are being reprinted! Textbooks, stamps, the simit seller's sign!",ad
D26_N_ALARM_3,26,SPK_NIHAT,[tired] [deadpan],1,"Onay mı? Kim onaylayacak? ...Yönetmelik madde bir: tanık, tanıklık ettiğinden sorumludur. Tolga Bey, bu sabahı siz kaydedeceksiniz. Ben bir bardak su içeceğim.","Approval? Who's going to approve it? ...Regulation, article one: a witness is responsible for what he witnesses. Mr Tolga, you'll record this morning. I'm going to have a glass of water.",ad
D26_N_ANGEL,26,SPK_NIHAT,,0,"Sabah buraya binlerce kişi sığındı, Tolga Bey. Bir kehanete inanıyorlardı: Türkler Konstantin Sütunu'na kadar gelecek, sonra gökten bir melek inip kılıcı sütunun dibindeki fakir bir adama verecek, onları geri sürecekti. Kapıları kapattılar ve beklediler. Melek gelmedi.","This morning thousands of people took refuge here, Mr Tolga. They believed a prophecy: the Turks would come as far as the Column of Constantine, then an angel would come down from heaven, give a sword to a poor man at the foot of the column, and drive them back. They shut the doors and waited. The angel did not come.",kod
D26_N_AYA,26,SPK_NIHAT,,0,"Son kare, Tolga Bey. Çekmek de sizin hakkınız, çekmemek de. Dosya iki türlü de kapanır.","The last frame, Mr Tolga. Taking it is your right, and so is not taking it. The file closes either way.",kod
D26_N_BANNER,26,SPK_NIHAT,,0,Ulubatlı Hasan. Sancağı ilk diken. Kaynaklar orada düştüğünü yazar. Sancak kaldı.,Hasan of Ulubat. The first to plant the banner. The sources say he fell there. The banner stayed.,kod
D26_N_CITY,26,SPK_NIHAT,,0,"Tolga Bey, Aziz Romanos Kapısı'ndan içeri girdiniz. Dün sabah burası bir mahalleydi: fırın, çeşme, kilise. Kaynaklar yağmanın ne kadar sürdüğünde anlaşamaz; kimi üç gün der, kimi Sultan'ın aynı akşam durdurduğunu yazar.","Mr Tolga, you have come in through the Gate of St Romanus. Yesterday morning this was a neighbourhood: a bakery, a fountain, a church. The sources disagree on how long the sack lasted; some say three days, others write that the Sultan stopped it the same evening.",kod
D26_N_COUPLET,26,SPK_NIHAT,,0,"Bir Fars şiirinden. Kaynaklar Sultan'ın şehre girdiği gün bu beyti harap bir sarayın önünde okuduğunu yazar. Yirmi bir yaşında, fetih gününde, bir yıkıntıya bakıp şiir okuyor.","It's from a Persian poem. The sources say that on the day he entered the city, the Sultan recited this couplet in front of a ruined palace. Twenty-one years old, on the day of his conquest, looking at a ruin and reciting poetry.",kod
D26_N_EARTH,26,SPK_NIHAT,,0,"Bakın: kapıda eğildi. Yerden bir avuç toprak alıp sarığının üstüne serpiyor. Kaynaklar yazar: Tanrı önünde alçakgönüllülük. Fetih günü, kiliseye girmeden önce.","Look: he's bowing at the door. He takes a handful of earth from the ground and sprinkles it over his turban. The sources record it: humility before God. On the day of the conquest, before entering the church.",kod
D26_N_ENTRY,26,SPK_NIHAT,,0,"Tolga Bey, kaynaklar Sultan'ın o gün öğleden sonra, Aziz Romanos Kapısı yanından şehre girdiğini yazar. Beyaz at belki sonradan ressamların eklediği bir ayrıntıdır. Büro yine de beyaz at istedi.","""Mr Tolga, the sources say the Sultan entered the city that afternoon, by the Gate of St Romanus. The white horse may be a detail the painters added later. The Bureau asked for a white horse anyway.""",kod
D26_N_ENTRY_2,26,SPK_NIHAT,,0,Durdu. Gediğin üstünden şehre bakıyor. Bu kareyi kimse çekmedi; ama herkes çizdi.,"""He's stopped. He's looking at the city from the top of the breach. No one photographed this moment; but everyone painted it.""",kod
D26_N_EPI_1,26,SPK_NIHAT,,0,"Dosya tamam. Sayfa sayfa. Fotoğraf, tarih, imza.","The file is complete. Page by page. Photo, date, signature.",kod
D26_N_EPI_2,26,SPK_NIHAT,,0,"Doğru. Sözleşmeniz bitti, Tolga Bey. Geçici tanık... teşekkür ederiz. Büro teşekkür etmez normalde. Ben ediyorum.","Right. Your contract has ended, Mr Tolga. Temporary witness... thank you. The Bureau does not usually thank people. I do.",kod
D26_N_EPI_ALL,26,SPK_NIHAT,,0,"Ekrana bakın: tek bir 'kaynak belirtilmeli' kalmadı. Kaynakçaya bir satır eklendi: 'T. (2026), Hasar Tespit Tutanağı.'","Look at the screen: not a single 'citation needed' left. One line was added to the bibliography: 'T. (2026), Damage Assessment Report.'",kod
D26_N_EPI_SOME,26,SPK_NIHAT,,0,"Ekranda hâlâ birkaç 'kaynak belirtilmeli' var. Eksik sayfalar. Ama kaynakçaya bir satır eklendi: 'T. (2026), Hasar Tespit Tutanağı.' Gerisi... zamanla.","There are still a few 'citation needed' tags on the screen. Missing pages. But one line was added to the bibliography: 'T. (2026), Damage Assessment Report.' The rest... in time.",kod
D26_N_FLAGS,26,SPK_NIHAT,,0,"Kapılardaki sancaklara bakın. Askerler girdikleri evi böyle işaretliyor: bayrak dikilen ev alınmış sayılır, başkası girmez. Kaynaklarda da geçer.","Look at the banners on the doors. That is how soldiers mark a house they have entered: a house with a flag counts as taken, and no one else goes in. The sources mention it too.",kod
D26_N_GIUST,26,SPK_NIHAT,,0,Bir haber daha: Giustiniani'yi gemiyle Sakız'a götürdüler. Birkaç gün içinde orada ölecek.,One more piece of news: Giustiniani was taken by ship to Chios. He will die there within days.,kod
D26_N_HIDE,26,SPK_NIHAT,,0,"Tolga Bey, şehir düştü. Büro sizi birkaç saat ileri aldı. Bizans pelerinini çıkarın, fesinizi takın; yolun kenarında durun ve kimseyle göz göze gelmeyin.","Mr Tolga, the city has fallen. The Bureau has moved you a few hours ahead. Take off the Byzantine cloak, put on your fez; stand by the road and don't meet anyone's eyes.",kod
D26_N_HOLD,26,SPK_NIHAT,,0,Tolga Bey. 29 Mayıs 1453 tespit edilemedi. Çünkü... olmadı. Bu dosya kapanmıyor. Ben bunu nasıl imzalayacağım?,Mr Tolga. 29 May 1453 could not be recorded. Because... it didn't happen. This file won't close. How am I supposed to sign this?,kod
D26_N_HOLD_2,26,SPK_NIHAT,,0,"Tarih inatçıdır, Tolga Bey. Bir yıl sonra, belki iki... bir gün gelecek. Ama bugün değil. Kayda geçiyorum: bugün değil.","History is stubborn, Mr Tolga. A year from now, perhaps two... the day will come. But not today. I'm entering it in the record: not today.",kod
D26_N_ISI,26,SPK_NIHAT,,0,"Evet, o. Mızraktaki kırmızı şapkayı görüyor musunuz? Kaynaklar yazar: kardinal şapkasını bir ölüye giydirdi; askerler şapkalı ölüyü onun sandı. Kendisi bu kafileyle, tanınmadan şehirden çıkacak ve sonunda Roma'ya dönecek. Susun, Tolga Bey. O da susuyor.","Yes, it's him. Do you see the red hat on that spear? The sources say the cardinal put his hat on a dead man, and the soldiers took the corpse for him. He himself will leave the city with this column, unrecognised, and in the end make his way back to Rome. Keep quiet, Mr Tolga. So is he.",kod
D26_N_ISI_O,26,SPK_NIHAT,,0,"O, Kardinal Isidoros, Tolga Bey: Papa'nın elçisi, Aralık'ta Ayasofya'da iki kilisenin birliğini okuyan adam. Mızraktaki kırmızı şapka onun. Kaynaklar yazar: şapkasını bir ölüye giydirdi, askerler ölüyü onun sandı. Kendisi bu kafileyle, tanınmadan şehirden çıkacak ve sonunda Roma'ya dönecek. Susun. O da susuyor.","That is Cardinal Isidore, Mr Tolga: the Pope's legate, the man who read the union of the two Churches in Hagia Sophia in December. The red hat on the spear is his. The sources say he put his hat on a dead man, and the soldiers took the corpse for him. He himself will leave the city with this column, unrecognised, and in the end make his way back to Rome. Keep quiet. So is he.",kod
D26_N_KASIM_FREE,26,SPK_NIHAT,,0,"Kaynaklar onun kaçtığını yazar, nasıl kaçtığını yazmaz. Bir lağımcının sözüyle... Bunu da dosyaya yazmayacağım, Tolga Bey.","The sources say he escaped; they don't say how. On a sapper's word... I won't put this in the file either, Mr Tolga.",kod
D26_N_LIFT,26,SPK_NIHAT,,0,"Asansör geliyor. Hadi, Tolga Bey. Eve.","The lift is coming. Come, Mr Tolga. Home.",kod
D26_N_OUT,26,SPK_NIHAT,,0,Tolga Bey. Çekilin. Şimdi. Buradan sonrasını kimse fotoğraflamadı. Siz de çekmeyin.,Mr Tolga. Pull back. Now. No one photographed what comes after this. Don't you either.,kod
D26_N_PHONE_BACK,26,SPK_NIHAT,,0,"Bir şey daha, Tolga Bey: Büro'nun zimmet telefonu. İade formu burada. ...Yüzde on dört. Hep yüzde on dört.","One more thing, Mr Tolga: the Bureau's issued phone. The return form's right here. ...Fourteen percent. Always fourteen percent.",ad
D26_N_RETURN,26,SPK_NIHAT,,0,Şimdi sizi 26 Nisan öğlesine bırakıyorum. Hikmet Bey birazdan pencereyi açacak. Sizin için bir ay geçti. Onun için bir saniye.,"Now I'm putting you back at noon on 26 April. Mr Hikmet will open the window shortly. A month has passed for you. For him, a second.",kod
D26_N_RETURN_DUSK,26,SPK_NIHAT,,0,Şimdi sizi 26 Nisan gün batımına bırakıyorum. Hikmet Bey birazdan pencereyi açacak. Sizin için bir ay geçti. Onun için bir saniye.,"Now I'm putting you back at sunset on 26 April. Mr Hikmet will open the window shortly. A month has passed for you. For him, a second.",varyant
D26_N_TEZ_FREE,26,SPK_NIHAT,,0,"Kaynaklar onun kaçtığını yazar, nasıl kaçtığını yazmaz. ...Şimdi biliyoruz. Bunu dosyaya yazmayacağım, Tolga Bey.","The sources say he escaped; they don't say how. ...Now we know. I won't put this in the file, Mr Tolga.",kod
D26_S_ARROWS_1,26,SPK_SOLDIER,,0,Oklar! Tanrı razı olsun.,Arrows! God bless you.,ad
D26_S_ARROWS_2,26,SPK_SOLDIER,,0,Bir demet daha... iyi.,Another bundle... good.,ad
D26_S_ARROWS_3,26,SPK_SOLDIER,[excited],0,"Yeter. Git, siper al!","That's enough. Go, take cover!",ad
D26_S_AXE,26,SPK_SOLDIER,[hesitant],0,Sultanım... mermer...,My Sultan... the marble...,kod
D26_S_CLEAR_1,26,SPK_DEFENDER,[shouting],0,"Bir tane daha! Omuz ver, devir!","One more! Shoulder it, tip it over!",kod
D26_S_CLEAR_2,26,SPK_DEFENDER,[shouting],0,Yol açık! Kapı açık! Kaldırın komutanı!,The way is clear! The door is open! Lift the commander!,kod
D26_S_GIUST,26,SPK_DEFENDER,[shouting],0,Komutan! Komutan vuruldu!,The Commander! The Commander is hit!,kod
D26_S_KASIM_FREE,26,SPK_SOLDIER,,0,"(Omuz silker) Lağımcının tercümanı, tercümanın kâtibi... Al. Bir ihtiyar eksik, kimse saymaz.","(Shrugs) The sapper's interpreter, the interpreter's clerk... Take him. One old man less; nobody's counting.",kod
D26_S_SHIP,26,SPK_DEFENDER,[shouting],0,Açıldı! Komutanı gemiye! Çabuk!,It's clear! The Commander to the ship! Quick!,kod
D26_S_STAY,26,SPK_DEFENDER,[shouting],0,Komutan ayakta! Komutan ayakta!,The commander's standing! The commander's standing!,kod
D26_S_TEZ_FREE,26,SPK_SOLDIER,,0,"(Kâğıda bakar, alnına götürür.) Padişahımın tuğrası... Al kâtibini. Bir ihtiyar eksik, kimse saymaz.",(Looks at the paper and raises it to his brow.) My Sultan's tughra... Take your clerk. One old man less; nobody's counting.,kod
D26_S_WATER_1,26,SPK_SOLDIER,[tired],1,Su! Tanrı razı olsun.,Water! God bless you.,ad
D26_S_WATER_2,26,SPK_SOLDIER,[tired],1,Bir kova daha... iyi.,Another bucket... good.,ad
D26_S_WATER_3,26,SPK_SOLDIER,[excited],0,"Yeter. Git, siper al!","That's enough. Go, take cover!",ad
D26_T_01,26,SPK_TOLGA,,0,Biliyorum. Keşke bilmeseydim.,I know. I wish I didn't.,kod
D26_T_ALARM,26,SPK_TOLGA,[calm] [surprised],1,"(Surdan, telsizde) Bir adama eğilmesini söyledim, Nihat Bey. Sadece eğilmesini.","(From the wall, over the radio) I told a man to duck, Mr Nihat. Just to duck.",ad
D26_T_AYA,26,SPK_TOLGA,[whispers],1,Birkaç gün önce burada mum yakıyorlardı. Şimdi her yer asker. Ve sessizlik.,A few days ago they were lighting candles here. Now soldiers everywhere. And silence.,kod
D26_T_AYA_CANDLE,26,SPK_TOLGA,,0,Dün akşam burada bir mum yakmıştım. (Mumluğa bakar) Öbürleri sönmüş. Benimki hâlâ yanıyor. Her yer asker; o yanıyor.,"Last night I lit a candle here. (Looks at the stand) The others have gone out. Mine is still burning. Soldiers everywhere, and it's burning.",kod
D26_T_CITY,26,SPK_TOLGA,[sad],1,Kapılar kırılmış. Bir evde hâlâ ekmek kokusu var. Biri dün sabah burada hamur yoğurmuş.,The doors are broken in. One house still smells of bread. Someone was kneading dough here yesterday morning.,kod
D26_T_DUEL,26,SPK_TOLGA,[nervous],1,"İki tane gitti. Arkalarında iki yüz tane daha var. ...Bu iş bitmeyecek, değil mi?","Two gone. There are two hundred more behind them. ...This isn't going to end, is it?",kod
D26_T_ENTRY,26,SPK_TOLGA,,0,Yirmi bir yaşında. Benim yirmi bir yaşımda en büyük derdim vize haftasıydı.,"""Twenty-one years old. When I was twenty-one, my biggest problem was midterm week.""",kod
D26_T_ENTRY_2,26,SPK_TOLGA,,0,"Taşın üstünden geçen bir at. Elli gün önce ben de bu surun önündeydim, sigorta poliçesiyle.","""A horse walking over the stones. Fifty days ago I stood in front of this wall too, with an insurance policy.""",kod
D26_T_EPI,26,SPK_TOLGA,,0,"Bir sayfa bile olsa... Birileri gördü, yazıldı. Değil mi?","Even if it's one page... someone saw it, and it was written down. Right?",kod
D26_T_GONE,26,SPK_TOLGA,[sad],1,Gitti. Adamları arkasından bakıyor. Bir şeyin koptuğunu herkes hissediyor.,He's gone. His men are staring after him. Everyone can feel something has broken.,kod
D26_T_HIDE,26,SPK_TOLGA,,0,"Sabah surda ok demeti taşıyordum, öğlen fesle yeniçerilerin arasındayım. Sigortacılıkta buna ""risk transferi"" denir.","This morning I was carrying arrow bundles on the wall; at noon I'm among the Janissaries in a fez. In insurance we call that ""risk transfer"".",kod
D26_T_HOLD,26,SPK_TOLGA,,0,"Sigortada buna 'hasarsız yıl' derler, Nihat Bey. Prim düşer.","In insurance we call that a 'no-claims year', Mr Nihat. The premium goes down.",kod
D26_T_HONEST,26,SPK_TOLGA,[tired],1,"Bir kuşatmada tanıklık yaptım. 1453. Her şeyi gördüm, hiçbir şeyi değiştiremedim. Ama birkaç kişiyi sudan çektim.",I was a witness at a siege. 1453. I saw everything and changed nothing. But I pulled a few people out of the water.,kod
D26_T_HURT,26,SPK_TOLGA,[shouting],0,"Poterna! Yolu açmam lazım, fıçılar kapatıyor!","The postern! I need to clear the way, the barrels are blocking it!",kod
D26_T_INSURER,26,SPK_TOLGA,,0,"Hasar tespitteydim. Büyük bir dosya. Toplam ziya, ama belgeli.","I was out on a damage assessment. A big file. Total loss, but documented.",kod
D26_T_ISI,26,SPK_TOLGA,,0,"Şu kafiledeki yaşlı adam... Isidoros! Ayindeki kardinal. Kırmızısı yok, yırtık bir cüppe giymiş. Bana baktı.","That old man in the column... Isidore! The cardinal from the liturgy. No red on him, just a torn cassock. He looked at me.",kod
D26_T_ISI_O,26,SPK_TOLGA,,0,"Kafiledeki şu yaşlı adam bana baktı, Nihat Bey. Esir gibi yürüyor ama duruşu başka.","That old man in the column looked at me, Mr Nihat. He walks like a captive, but he carries himself differently.",kod
D26_T_KASIM_ASK,26,SPK_TOLGA,,0,"Kasım, kafiledeki şu ak sakallı... benim kâtibim. Bir söz de sen tut.","Kasım, that white-bearded man in the column... he's my clerk. Now you keep a word.",kod
D26_T_LIGHTER_BACK,26,SPK_TOLGA,,0,Çakmak hâlâ ılık. Kırk gün bir Cenovalının cebinde durmuş.,The lighter's still warm. Forty days in a Genoese pocket.,kod
D26_T_LIGHTER_KEEP,26,SPK_TOLGA,,0,Çantada yer yok. Sende kalsın; gemide fitil yakarsın.,No room in the bag. You keep it; you'll light a match on the ship.,kod
D26_T_LOST,26,SPK_TOLGA,[tired],1,"Yere serildim. Kılıç elimden gitti, onlar da gitti. Ama ben hâlâ... yerdeyim.","Knocked flat. The sword's gone, and so are they. But I'm still... on the ground.",kod
D26_T_MISSED,26,SPK_TOLGA,[sad],1,Kalkana kadar alay geçti. Fatih'in karesini kaçırdım. Dosyaya ne yazacağım?,By the time I got up the procession had passed. I missed the Sultan's shot. What do I put in the file?,kod
D26_T_OUT,26,SPK_TOLGA,[sad],1,...Tamam. Tamam.,...All right. All right.,kod
D26_T_PHONE_BACK,26,SPK_TOLGA,,0,Bir ay boyunca hiç şarj etmedim. Hep yüzde on dörttü.,I didn't charge it once in a month. It was always fourteen percent.,ad
D26_T_PHOTO,26,SPK_TOLGA,,0,Çektim. Titremedi bu sefer.,Got it. It didn't shake this time.,kod
D26_T_POCKET,26,SPK_TOLGA,[sad],1,Hayır. Bunu... ben hatırlarım.,No. This... I'll remember.,kod
D26_T_RETURN,26,SPK_TOLGA,[tired],1,Bir ay... Kimse inanmayacak. Ben de inanmıyorum.,A month... Nobody will believe it. I don't either.,kod
D26_T_SEE_GUN,26,SPK_TOLGA,,0,(Gediğin ağzında biri fitilli tüfeğini doğrultuyor. Belgesellerde bu an vardı. Hep bu an.),(At the mouth of the breach someone is levelling a matchlock. The documentaries had this moment. Always this moment.),kod
D26_T_SILENT,26,SPK_TOLGA,,0,"Bir şey yapmadım. Düşünüyordum. Bazı şeylerin fotoğrafı çekilmiyor, onu düşünüyordum.",Nothing. I was thinking. About how some things can't be photographed.,kod
D26_T_TEZ_FREE,26,SPK_TOLGA,,0,"Ağa! Bu ihtiyar benim kâtibim. Sultan'ın tezkiresi: tuğrası burada, adım burada.","Agha! This old man is my clerk. The Sultan's warrant: here's the tughra, here's my name.",kod
D26_T_TOO_LATE,26,SPK_TOLGA,[out of breath],1,Tüfekçi! Bağırmak istiyorum ama nefesim yok. Daha kalkamadım bile...,The gunner! I want to shout but I've got no breath. I can't even get up yet...,kod
D26_T_WARN,26,SPK_TOLGA,[shouting],0,Komutan! Eğilin! Sağınızda!,Commander! Get down! On your right!,kod
D27O_N_01,27,SPK_NIHAT,,0,"Son sayfa, Tolga Bey. Aynı gün, 1 Haziran, Galata. Siz öğlen Ayasofya'daydınız; Haliç'in bu yakasındaki Ceneviz kasabası kapılarını kendisi açtı.","The last page, Mr Tolga. The same day, 1 June, Galata. At noon you were in Hagia Sophia; the Genoese town on this side of the Horn opened its gates of its own accord.",kod
D27_B_1,27,SPK_BRIG,,0,"Büro adamı! Brigantinden. Yirmi gün boş deniz, hatırladın mı? Şehir düştü. Biz yine de dönmüştük.","Bureau man! From the brigantine. Twenty days of empty sea, remember? The city fell. We'd gone back all the same.",kod
D27_B_AGAIN,27,SPK_BRIG,,0,(Kalkan gemilere bakıyor; bir şey demiyor.),(He watches the ships leave and says nothing.),kod
D27_B_FLEE,27,SPK_BRIG,,0,"Sen ""kurtulalım"" demiştin. Haklıymışsın. Morosini'nin gemisinde yerim var; bu sefer kimse oylamıyor.","You said ""save ourselves"". You were right. I've got a berth on Morosini's ship; nobody's voting this time.",kod
D27_B_RETURN,27,SPK_BRIG,,0,"Sen ""dönelim"" demiştin. Pişman değilim. Morosini bana yer veriyor ama ben kalıyorum: bu kıyıdan kalkacak her gemiye bir kaptan lazım.","You said ""go back"". I don't regret it. Morosini's offering me a berth, but I'm staying: every ship that leaves this shore will need a captain.",kod
D27_B_TEZKIRE,27,SPK_BRIG,,0,O tuğralı kâğıdı gösterdiğin gece tayfadan kimse uyumadı. Şimdi anlıyorum: herkesin bir kâğıdı olmalıydı.,"The night you showed that paper with the tughra, nobody in the crew slept. Now I get it: everyone should have had a paper.",kod
D27_C_1,27,SPK_CAPTAIN,,0,"Venedik gemisi, Venedik yolcusu. Yer kalmadı, sormayın. Bu sefer kaçak yolcu da yok.","A Venetian ship, Venetian passengers. No room left, don't ask. And no stowaways this time.",ad
D27_D_1,27,SPK_DOUBLE,,0,Kuşatma boyunca iki tarafa da sattım. Şimdi tek taraf kaldı. İşler... kolaylaştı.,All through the siege I sold to both sides. Now there's only one side left. Business has... got simpler.,ad
D27_F_1,27,SPK_FISHMONGER,,0,"Balık kimin olursa olsun yüzer. Ama karım korkuyor, bohçaları bağladı bile.","Fish swim whoever they belong to. But my wife's scared, she's already tied up the bundles.",ad
D27_F_AGAIN,27,SPK_FISHMONGER,,0,"Tezgâh burada, deniz orada. Gerisi Allah'a kalmış.","The stall is here, the sea is there. The rest is up to God.",ad
D27_F_GO,27,SPK_FISHMONGER,,0,Hep dinlerim. Sonra da balığa çıkarım. Bu sefer uzun bir balık olacak.,I always listen. Then I go fishing. This time it'll be a long fishing trip.,ad
D27_F_STAY,27,SPK_FISHMONGER,,0,"Serbest ticaret! Balığın fiyatı ne olacak peki? ... Neyse, onu da balık belirler.","Free trade! So what will fish cost? ... Well, the fish will decide that too.",ad
D27_GN_AGAIN,27,SPK_GENOESE,,0,"Defterini iyi tut, gümrükçü.","Keep your ledger well, customs man.",kod
D27_GN_FOUND,27,SPK_GENOESE,,0,Rumeli Hisarı'nın gümrükçüsü! Ağustos'ta ambarımdaki beşinci kalemi bulan adam. Kenevirin altındakini.,The customs man from Rumeli Hisarı! The man who found the fifth item in my hold last August. The one under the hemp.,kod
D27_GN_GO,27,SPK_GENOESE,,0,"Şarabımı içtin, bir satırı sildin. Ahitnamenin satırları da öyle silinirse... Ben gidiyorum, gümrükçü. Sakız'a.","You drank my wine and deleted a line. If the charter's lines get deleted like that too... I'm leaving, customs man. For Chios.",kod
D27_GN_MISSED,27,SPK_GENOESE,,0,Rumeli Hisarı'nın hızlı gümrükçüsü! Ağustos'ta dört kalem yazmıştın. Beşincisi Galata'ya vardı; şimdi o da Sultan'ın.,The quick customs man from Rumeli Hisarı! Last August you wrote down four items. The fifth reached Galata; now that's the Sultan's too.,kod
D27_GN_STAY,27,SPK_GENOESE,,0,Şarabımı da almamıştın. Sultan'ın ahitnamesini senin gibiler uygulayacaksa kalırım. Defterim de burada kalır.,"And you wouldn't take my wine. If men like you are going to keep the Sultan's charter, I'm staying. My ledger stays too.",kod
D27_I_AGAIN,27,SPK_ISIDORE,,0,(Başını eğer. Konuşmaz; kuyruk ilerliyor.),(He bows his head and says nothing; the queue is moving.),kod
D27_I_THANKS,27,SPK_ISIDORE,,0,"Tuğralı kâğıdın sahibi. Roma'ya gidiyorum. Sana bir dua borçluyum, Frenk. Bir de şapka.","The man with the tughra paper. I'm going to Rome. I owe you a prayer, Frank. And a hat.",kod
D27_I_THANKS_KASIM,27,SPK_ISIDORE,,0,"Madencinin sözü, tercümanın dili... Roma'ya gidiyorum, Frenk. Sana bir dua borçluyum. Kasım'a da bir tane.","A miner's word, an interpreter's tongue... I'm going to Rome, Frank. I owe you a prayer. And one for Kasım.",kod
D27_NT_1,27,SPK_NOTARY,,0,"Kırk yıllık defterlerim var: senetler, vasiyetler, düğün sözleşmeleri. Gemi bunları taşımaz. Ben de defterlerimi bırakmam.","I have forty years of ledgers: bonds, wills, marriage contracts. The ship won't carry them. And I won't leave my ledgers.",ad
D27_NT_AGAIN,27,SPK_NOTARY,,0,Mürekkep hazır. Tarih de.,The ink is ready. So is the date.,ad
D27_NT_GO,27,SPK_NOTARY,,0,Saklanan defter kimseye bir şey anlatmaz. Ama canım da bir tane... Kilere gömerim.,A hidden ledger tells nobody anything. But I only have one life... I'll bury them in the cellar.,ad
D27_NT_STAY,27,SPK_NOTARY,,0,"Doğru. Yeni bir defter açarım: ""Birinci sayfa, 1 Haziran 1453."" Güzel bir başlık.","True. I'll open a new ledger: ""Page one, 1 June 1453."" A good heading.",ad
D27_N_01,27,SPK_NIHAT,,0,"Bir sayfa daha var, Tolga Bey: kuşatmanın ertesi. 1 Haziran, Galata. Şehir üç gündür Sultan'ın. Bu yakadaki Ceneviz kasabası ise kapılarını kendisi açtı.","One more page, Mr Tolga: the day after the siege. 1 June, Galata. The city has been the Sultan's for three days. The Genoese town on this shore opened its gates by itself.",kod
D27_N_02,27,SPK_NIHAT,,0,"Tanıdık yüzler var. Kalsınlar mı gitsinler mi, size soracaklar. Tavsiye verebilirsiniz; dosyaya yalnızca ne olduğu yazılır.",There are familiar faces. They'll ask you whether to stay or go. You may give advice; the file only records what happened.,kod
D27_N_ADVICE,27,SPK_NIHAT,,0,"Tavsiye vermek serbest, Tolga Bey. Tarihi değiştirmez. Genellikle.","Giving advice is allowed, Mr Tolga. It doesn't change history. Usually.",kod
D27_N_BRIG,27,SPK_NIHAT,,0,"İskelenin dibindeki kaptanı tanıdınız mı, Tolga Bey? Yirmi gün aynı güvertedeydiniz.","Recognise the captain at the foot of the gangway, Mr Tolga? You spent twenty days on the same deck.",kod
D27_N_END_GO,27,SPK_NIHAT,,0,"Birçoğu gitti, bir kısmı sonra döndü. Galata boşalmadı; başka tüccarlarla, başka dillerle yeniden doldu.","Many left, and some came back later. Galata didn't empty; it filled up again with other merchants and other languages.",kod
D27_N_END_STAY,27,SPK_NIHAT,,0,"Kalanlar Galata'yı yaşattı. Kasaba yüzyıllarca tüccarların, dillerin, meyhanelerin mahallesi olarak kaldı.","Those who stayed kept Galata alive. For centuries the town remained a quarter of merchants, languages and taverns.",kod
D27_N_GENOESE,27,SPK_NIHAT,,0,"Şu sandıkların yanındaki Cenevizliye bakın, Tolga Bey. Ağustos'ta Boğazkesen'de gemisini siz aramıştınız.","Look at the Genoese by those chests, Mr Tolga. Last August at Boğazkesen you searched his ship.",kod
D27_N_ISI,27,SPK_NIHAT,,0,"Gemi kuyruğundaki ak sakallıya bakın, Tolga Bey. Tanıdık geliyor mu?","Look at the white beard in the queue for the ship, Mr Tolga. Look familiar?",kod
D27_N_LONDON,27,SPK_NIHAT,,0,"Duruyor. Londra'da, British Library'de, camın arkasında. Sizin kareniz de dosyada; Büro'nun kopyası olsun.","It does. In London, in the British Library, behind glass. Your frame is in the file too; the Bureau's copy.",kod
D27_N_PHOTO,27,SPK_NIHAT,,0,"Son kare, Tolga Bey: ahitname, paşa ve podesta aynı karede.","The last frame, Mr Tolga: the charter, the pasha and the podestà in one shot.",kod
D27_N_SQUARE,27,SPK_NIHAT,,0,"Kule meydanında davul çalıyor. Zağanos Paşa gelmiş, ahitname okunacak. Kaçırmayın.",There's a drum in the tower square. Zaganos Pasha has arrived; the charter is about to be read. Don't miss it.,kod
D27_P_01,27,SPK_PODESTA,[tired],1,"Metin Rumca yazılmış, üstünde tuğra var. Kabul ediyoruz, paşam. Kapıların anahtarları zaten sizde.","The text is written in Greek, with the tughra above it. We accept, my pasha. You already hold the keys to the gates.",kod
D27_P_FLASH,27,SPK_PODESTA,,0,Bu ışık da neydi? ... Neyse. Bugün kimse hiçbir şeye şaşırmıyor.,What was that light? ... Never mind. Nobody's surprised by anything today.,kod
D27_T_01,27,SPK_TOLGA,,0,"Bir ay önce burada balık ve şarap pazarlığı vardı. Şimdi herkes bohçasını sırtlamış, gemiye koşuyor.",A month ago there was haggling over fish and wine here. Now everyone's got a bundle on their back and is running for the ship.,kod
D27_T_B_FLEE,27,SPK_TOLGA,,0,İyi yolculuklar kaptan. Bu sefer rüzgâr arkanızda olsun.,"Safe travels, captain. May the wind be behind you this time.",ad
D27_T_B_RETURN,27,SPK_TOLGA,,0,Kalın kaptan. Biri de dönen gemileri karşılamalı.,"Stay, captain. Someone has to meet the ships that come back.",kod
D27_T_D_2,27,SPK_TOLGA,,0,Tabelayı değiştirecek misiniz?,Are you going to change the sign?,kod
D27_T_END,27,SPK_TOLGA,,0,Bu kâğıt... bugün hâlâ duruyor mu?,This paper... does it still exist today?,kod
D27_T_F_GO,27,SPK_TOLGA,,0,Karınızı dinleyin.,Listen to your wife.,ad
D27_T_F_STAY,27,SPK_TOLGA,,0,Balıkçıya her zaman ihtiyaç var. Ahitname karada ve denizde ticareti serbest bırakıyor.,There's always need for a fishmonger. The charter leaves trade free by land and sea.,ad
D27_T_GN_GO,27,SPK_TOLGA,,0,"Bir satır eksik, bir şişe fazla... Haklısınız. İyi yolculuklar.","One line short, one bottle extra... You're right. Safe travels.",ad
D27_T_GN_STAY,27,SPK_TOLGA,,0,Beyan eksiksizdi. Ahitname de eksiksiz okunacak. Kalın.,The declaration was complete. The charter will be read out complete too. Stay.,kod
D27_T_GREEK,27,SPK_TOLGA,,0,Rumca... Osmanlı sultanı Cenevizlilere Rumca bir ahitname veriyor. Herkes okuyabilsin diye.,In Greek... The Ottoman sultan gives the Genoese a charter in Greek. So that everyone can read it.,kod
D27_T_I_THANKS,27,SPK_TOLGA,,0,"Şapkayı unutun, Kardinal. Kırmızısı zaten fazla dikkat çekiyordu.","Forget the hat, Cardinal. The red was drawing too much attention anyway.",kod
D27_T_NT_GO,27,SPK_TOLGA,,0,"Defterleri güvenli bir yere saklayın, siz gidin.","Hide the ledgers somewhere safe, and go.",ad
D27_T_NT_STAY,27,SPK_TOLGA,,0,Kalın. Bu kentin kayıtlarını birinin tutmaya devam etmesi gerek.,Stay. Someone has to go on keeping this town's records.,ad
D27_T_W_GO,27,SPK_TOLGA,,0,Gidin. Ama ahitnamede yazıyor: gidenler dönerse malları kendilerine geri verilecek.,Go. But the charter says so: those who leave get their property back if they return.,ad
D27_T_W_STAY,27,SPK_TOLGA,,0,"Kalın. Sultan Galata'ya bir ahitname veriyor: eviniz, dükkânınız, bağınız sizin kalacak.","Stay. The Sultan is giving Galata a charter: your house, your shop and your vineyard stay yours.",ad
D27_W_1,27,SPK_WINE,,0,"Siz! Kuşatmadan önceki kurye! Gemi yarım saate kalkıyor. Fıçılarım burada, bağım Pera sırtında. Kalsam mı, gitsem mi?","You! The courier from before the siege! The ship sails in half an hour. My barrels are here, my vineyard's up on the Pera ridge. Should I stay or go?",kod
D27_W_AGAIN,27,SPK_WINE,,0,Karar verildi. Şimdi tek derdim fıçıların etiketleri.,The decision's made. Now my only worry is the barrel labels.,ad
D27_W_GO,27,SPK_WINE,,0,Sakız'a gidip geri dönmek... Şarap bile o kadar yolculuğa dayanmaz. Neyse. Bakarız.,Going to Chios and coming back... Even wine doesn't survive that much travel. Well. We'll see.,ad
D27_W_STAY,27,SPK_WINE,,0,Yazılı mı? Yazılıysa kalırım. Ben yazıya inanırım; fıçıya bile etiket yazarım.,"In writing? If it's in writing, I'll stay. I believe in writing; I even label my barrels.",ad
D27_Z_01,27,SPK_ZAGANOS,[formal],1,"Galata'nın ileri gelenleri! Padişahımız, kapılarını açan Galata'ya ahitnamesini verdi. Dinleyin.","Notables of Galata! Our Sultan has granted his charter to Galata, which opened its gates. Listen.",kod
D27_Z_02,27,SPK_ZAGANOS,[formal],1,"Evleriniz, dükkânlarınız, bağlarınız, gemileriniz ve mallarınız sizindir. Kadınlarınıza, çocuklarınıza kimse dokunmayacak.","Your houses, shops, vineyards, ships and goods are yours. No one will touch your wives or your children.",kod
D27_Z_03,27,SPK_ZAGANOS,[formal],1,"Kiliseleriniz sizin kalır; yalnız çan çalınmayacak, yeni kilise yapılmayacak. Haracınızı verecek, ticaretinizi karada ve denizde serbestçe yapacaksınız.",Your churches remain yours; only no bells will be rung and no new churches built. You will pay your tax and trade freely by land and sea.,kod
D27_Z_04,27,SPK_ZAGANOS,[formal],1,Gidenler geri dönerse malları kendilerine verilecek. İşlerinizi görmek için aranızdan bir kethüda seçeceksiniz.,Those who left will have their property returned if they come back. You will choose an elder from among yourselves to manage your affairs.,kod
D27_Z_05,27,SPK_ZAGANOS,[formal],1,"Kara tarafındaki surlarınız yıkılacak, silahlarınız teslim edilecek. Deniz tarafı kalsın; orası ticaretin kapısıdır.",Your walls on the landward side will be pulled down and your weapons handed over. The sea side may stay; that is the gate of trade.,kod
D28O_F_01,28,SPK_FATIH,,0,Usta Urban. Surlar orada. Göster bakalım.,Master Urban. The walls are there. Show me.,kod
D28O_F_02,28,SPK_FATIH,,0,Bir. Yarın daha fazla.,"One. Tomorrow, more.",kod
D28O_N_01,28,SPK_NIHAT,,0,"Tolga Bey, 6 Nisan. Ordu dün geldi, bugün toprağa giriyor. Top da burada; iki ay yolda ona siz eşlik ettiniz. Şimdi kazık işiniz var.","Mr Tolga, 6 April. The army arrived yesterday, today it digs in. The gun is here too; you escorted it for two months on the road. Now you have stake duty.",kod
D28O_N_END,28,SPK_NIHAT,,0,"Kaydınız alındı Tolga Bey. Kuşatmanın sesi bu, kırk sekiz gün böyle sürecek. Kulaklarınız için formda bir kutucuk yok.","Your record is filed, Mr Tolga. This is the sound of the siege, it'll go on like this for forty-eight days. There's no box on the form for your ears.",kod
D28O_S_BALL,28,SPK_SOLDIER,[shouting],0,Gülle! Eğil!,Ball! Get down!,kod
D28O_T_01,28,SPK_TOLGA,,0,"Usta, bu kazıklar sizin topunuzu mu koruyacak, sizin topunuzdan mı koruyacak? Soruyorum çünkü ben önünde duracağım.","Master, are these stakes protecting your gun, or protecting us from it? I ask because I'll be standing in front of them.",kod
D28O_T_END,28,SPK_TOLGA,,0,İlk atış. Kırk sekiz gün sürecek. Ben şimdiden kulaklarımı kaybettim.,The first shot. It's going to last forty-eight days. I've already lost my ears.,kod
D28O_T_ROLLER,28,SPK_TOLGA,,0,Kütük önde. Bu teknoloji iki bin yıllık ama hâlâ çalışıyor.,Roller's in front. This technology is two thousand years old and it still works.,kod
D28O_T_STAKES,28,SPK_TOLGA,,0,Beş gün sonra kollarım da bir sebep bulur.,In five days my arms will find an excuse.,kod
D28O_U_01,28,SPK_URBAN,,0,"Kâtip! Yoldan sağ çıktın demek. Kazıkları siperin arkasına. Benim topum yerine geçtiğinde önünde çit olacak, düzgün olacak.","Clerk! So you survived the road. Stakes behind the rampart. When my gun goes into place there will be a fence in front of it, and it will be straight.",kod
D28O_U_EDIRNE_OK,28,SPK_URBAN,,0,Edirne'de gülleyi direğin dibine sen indirdin. Nişan yine senin; bu sefer biraz daha gevşek tutsan da olur.,In Edirne you put the ball at the foot of the post. The aim is yours again; you can hold it a little looser this time.,kod
D28O_U_EDIRNE_SHORT,28,SPK_URBAN,,0,"Edirne'de nişan sendeydi, gülle direğe varmadı. Bugün nişanı ben alırım. Sen doldur, tokmakla, çekil.","In Edirne the aim was yours, and the ball never reached the post. Today I aim. You load, ram and stand back.",kod
D28O_U_HAUL,28,SPK_URBAN,[excited],0,"Altmış öküz bunu Edirne'den getirdi, sen de yanındaydın. Son kırk metre bizim. Hey-yap dediğimde hep birlikte! Kütük arkadan çıkınca öne!","Sixty oxen brought this from Edirne, and you walked beside it. The last forty metres are ours. When I say heave, all together! When a roller comes out the back, take it to the front!",kod
D28O_U_HIT,28,SPK_URBAN,[shouting],0,Vurdu! Gördün mü? Taş toz oldu!,A hit! Did you see? The stone turned to dust!,kod
D28O_U_MISS,28,SPK_URBAN,,0,Hendek. Hendeğe de bir şey oldu ama. Bir dahaki iki saat sonra.,"The ditch. Something happened to the ditch, though. The next one is in two hours.",kod
D28O_U_PLACED,28,SPK_URBAN,,0,Yerinde. Bir kere de kaymadan. Bunu Edirne'de anlatacağım.,In place. Without slipping once. I'll tell this story in Edirne.,kod
D28O_U_PLACED_SLIP,28,SPK_URBAN,,0,"Yerinde. Bir kere kaydı ama kimse görmedi. Sen de görmedin, kâtip.","In place. It slipped once, but nobody saw. You didn't see either, clerk.",kod
D28O_U_ROAD_BAD,28,SPK_URBAN,,0,"Edirne yolunda köprü çöktü, kızağın kayağı çatladı. Kütüğü sık koyacaksın, kâtip; yoksa kayar.","The bridge gave way on the Edirne road and the sled's runner cracked. You'll set the rollers often, clerk, or it slips.",kod
D28O_U_ROAD_OK,28,SPK_URBAN,,0,Öküzcüler seni yoldan tanıyor; köprüyü onlarla sen geçirdin. Kütüğü seyrek koysan da kızak kaymaz.,The drovers know you from the road; you got them over that bridge. The sled won't slip even if you set fewer rollers.,kod
D28O_U_ROLLER,28,SPK_URBAN,[shouting],0,"Kütük! Arkadan çıktı! Öne, öne!","Roller! It's out the back! To the front, to the front!",kod
D28O_U_SEVEN,28,SPK_URBAN,,0,"Günde yedi atış, Sultanım. Daha fazlası tuncu çatlatır. Tunç sabır ister.","Seven shots a day, my Sultan. More than that cracks the bronze. Bronze needs patience.",kod
D28O_U_SHOT,28,SPK_URBAN,,0,"Barut, tapa, gülle, tokmak. Sonra nişan. Kâtip, bugün tarih yazıyoruz, yavaş ol.","Powder, wad, ball, rammer. Then aim. Clerk, today we write history, go slow.",kod
D28O_U_SLIP,28,SPK_URBAN,[shouting],0,"Dur! Kütüksüz çekilmez! Kaydı, geri gitti!","Stop! You don't pull without a roller! It slipped, it went back!",kod
D28O_U_STAKES,28,SPK_URBAN,,0,"Düz. Hemen hemen düz. Beş gün sonra topu getiriyoruz. Dinlen, kâtip. Kollarına ihtiyacım olacak.","Straight. Almost straight. In five days we bring the gun. Rest, clerk. I'll need your arms.",kod
D29O_B_01,29,SPK_BALTA,,0,Kürekçi! Şu dört gemiyi görüyor musun? Dört gemi! Bizim yüz kadırgamız var. Akşama kadar hepsi bizim.,Oarsman! See those four ships? Four ships! We have a hundred galleys. By evening they're all ours.,kod
D29O_B_02,29,SPK_BALTA,[shouting],0,"Bakmayacağız, çıkacağız! Rüzgâr durdu, onlar kaçamaz. Çek!","We won't look, we'll climb! The wind has dropped, they can't run. Pull!",kod
D29O_B_CLIMB,29,SPK_BALTA,,0,"Kürekçi, sen hafifsin. Önden sen.","Oarsman, you're light. You go first.",kod
D29O_B_END,29,SPK_BALTA,[shouting],0,Zincir açılıyor! İçeri giriyorlar! Dört gemi… yüz kadırga… Sultan'a ben ne diyeceğim?,The chain is opening! They're getting in! Four ships… a hundred galleys… what am I going to tell the Sultan?,kod
D29O_B_GUN,29,SPK_BALTA,[shouting],0,"Tüfekçi, sen al şunu! Güvertede kafa çıkaranı indir!","Gunner, take this! Bring down anyone who shows a head on deck!",kod
D29O_B_HOOK,29,SPK_BALTA,[shouting],0,Yanaştık! Kancaları atın! Takılan kancayı bırakmayın!,We're alongside! Throw the hooks! Don't let go once one catches!,kod
D29O_B_HOOKS_BAD,29,SPK_BALTA,[shouting],0,Kesiyorlar! Bir daha! Bu iplere ne oluyor?,They're cutting them! Again! What is wrong with these ropes?,kod
D29O_B_HOOKS_OK,29,SPK_BALTA,[shouting],0,"Tuttu! Kesiyorlar ama yine tuttu! Çıkın, çıkın!","It holds! They cut it but it holds again! Up, up!",kod
D29O_B_MISS,29,SPK_BALTA,[excited],0,"Suya değil, gemiye at!","At the ship, not the sea!",kod
D29O_B_SHORE,29,SPK_BALTA,[shouting],0,Kıyıya bakın! Sultan! Sultan denize giriyor!,Look at the shore! The Sultan! The Sultan is riding into the sea!,kod
D29O_F_SEA,29,SPK_FATIH,[shouting],0,"Baltaoğlu! Kadırgalar gemiye, gemiler size! Yaklaşın! Yaklaşın!","Baltaoğlu! Galleys to the ships, the ships are yours! Close in! Close in!",kod
D29O_N_01,29,SPK_NIHAT,,0,"Tolga Bey, Hasar Tespit. Bugün kayıtta bir deniz savaşı var. Tespit edeceksiniz, kazanmayacaksınız. Kimse kazanmayacak zaten, Osmanlı tarafı en azından.","Mr Tolga, Damage Assessment. Today's entry has a sea battle. You record it, you don't win it. Nobody's winning it anyway, not the Ottoman side at least.",kod
D29O_N_END,29,SPK_NIHAT,,0,"Yarın Baltaoğlu azledilecek, Tolga Bey. Kaynaklar ayrıca bir şey söylüyor: yeniçeriler onun için aracı oldu, hayatı bağışlandı. Bunu da yazın, insaflı bir not olur.","Tomorrow Baltaoğlu will be dismissed, Mr Tolga. The sources say one more thing: the Janissaries interceded for him and his life was spared. Write that down too, it makes a merciful note.",kod
D29O_N_FELL,29,SPK_NIHAT,,0,"Kaydınız düştü Tolga Bey ama cihaz sağlam. Formda 'yüksekten düşme' kutucuğu yok, 'bordadan reddedilme' yazıyorum.","Your record took a fall, Mr Tolga, but the device is fine. The form has no 'fall from height' box, I'm putting 'rejected by the ship's side'.",kod
D29O_N_SULTAN,29,SPK_NIHAT,,0,"Kayıtlarda var: Sultan gemilere o kadar kızmıştı ki atını denize sürdü. Siz de kayda girdiniz, kıyıdan bakan biri olarak.","It's in the records: the Sultan was so furious with the ships he rode his horse into the sea. You're in the record too, as someone watching from the water.",kod
D29O_T_01,29,SPK_TOLGA,,0,"Bey'im, matematik doğru ama bu gemiler bizim kadırgaların üç katı yüksek. Biz onlara aşağıdan mı bakacağız?","My lord, the maths is right, but those ships are three times taller than our galleys. Are we going to look up at them all day?",kod
D29O_T_CLIMB,29,SPK_TOLGA,,0,"Hafif değilim, Bey'im, sadece kısa boyluyum. Bunlar farklı şeyler. Çıkıyorum.","I'm not light, my lord, I'm just short. Those are different things. Going up.",kod
D29O_T_END,29,SPK_TOLGA,,0,"Bey'im, belki 'rüzgâr' dersiniz. Rüzgâr herkesin kabul ettiği bir sebep.","My lord, maybe say 'the wind'. Everyone accepts the wind as a reason.",kod
D29O_T_FELL,29,SPK_TOLGA,,0,Yukarıda bir kova vardı. Sonra bir taş vardı. Sonra kadırga vardı. Sırayla.,Up there was a bucket. Then there was a stone. Then there was the galley. In that order.,kod
D29O_T_GUN_BAD,29,SPK_TOLGA,,0,Aşağıdan yukarıya nişan almak zor. Bunu sigortacılıktan biliyorum.,Aiming upward from below is hard. I know this from insurance.,kod
D29O_T_HOOK,29,SPK_TOLGA,,0,Kanca. Küpeşteye. Yukarıda baltalı adamlar var ama. Önemli değil herhalde.,Hook. At the rail. There are men with axes up there though. Probably not important.,kod
D29O_T_SULTAN,29,SPK_TOLGA,,0,"Atı göğsüne kadar suda. Kaftan ıslak. Bunu ben de sigortalamazdım, poliçede deniz yok.","The horse is in up to its chest. The kaftan's wet. I wouldn't insure this either, the policy doesn't cover the sea.",kod
D29O_T_WIND,29,SPK_TOLGA,,0,"Bey'im, yelkenler. Yelkenler kıpırdıyor. Rüzgâr döndü.","My lord, the sails. The sails are moving. The wind has turned.",kod
D29_C_01,29,SPK_CATTANEO,,0,"Sen, yeni gelen! Rüzgâr öldü. Biz duruyoruz, onlar kürek çekiyor. Bu güverte artık bir sur.","You, the new one! The wind is dead. We're standing still, they're rowing. This deck is a wall now.",kod
D29_C_02,29,SPK_CATTANEO,,0,Kanca atacaklar. Takılan her ipi kes. Kesmezsen ipin ucunda biri belirir.,"They'll throw hooks. Cut every rope that catches. If you don't, someone appears at the end of it.",kod
D29_C_BOARD,29,SPK_CATTANEO,[shouting],0,Biri çıktı! Bordada!,One's up! On the rail!,kod
D29_C_DUEL,29,SPK_CATTANEO,[shouting],0,"Güvertedeler! Kılıç, yeni gelen, kılıç!","They're on deck! Sword, new one, sword!",kod
D29_C_END,29,SPK_CATTANEO,,0,"Zinciri açtılar! İçerideyiz! Dört gemi, yüz kadırga, sıfır kayıp. Bunu Cenova'da kimse inanmayacak.","They've opened the chain! We're in! Four ships, a hundred galleys, nothing lost. Nobody in Genoa will believe this.",kod
D29_C_FIRE,29,SPK_CATTANEO,[shouting],0,"Ateş çömleği! Fıçıdan kova, iki kova her ateşe! Güverte kurumasın!","Fire pots! Bucket from the barrel, two buckets for each fire! Don't let the deck dry out!",kod
D29_C_SHORE,29,SPK_CATTANEO,[shouting],0,Kıyıya bak! Sultan! Atıyla denize giriyor!,Look at the shore! The Sultan! He's riding his horse into the sea!,kod
D29_C_WIND,29,SPK_CATTANEO,[shouting],0,Rüzgâr! Yelkenler! Halatları bırakın! Zincire!,Wind! The sails! Let go the lines! To the chain!,kod
D29_N_01,29,SPK_NIHAT,,0,"Tolga Bey, bugün Ceneviz gemisindesiniz. Yüksek bir gemi. Aşağıda yüz kadırga var. Endişelenmeyin, kayıtta bu gemi şehre giriyor.","Mr Tolga, today you're on a Genoese ship. A tall ship. Down below there are a hundred galleys. Don't worry, in the record this ship makes it into the city.",kod
D29_N_END,29,SPK_NIHAT,,0,"Şehir bu gece çanlarla sevinecek Tolga Bey. Bir gün sonra Sultan, gemileri karadan Haliç'e indirmeye karar verecek. Ama o başka bir bölüm.","Tonight the city will ring its bells for joy, Mr Tolga. A day later the Sultan will decide to drag his ships overland into the Golden Horn. But that's another chapter.",kod
D29_N_SULTAN,29,SPK_NIHAT,,0,"Kayıtta var Tolga Bey: Sultan atını denize sürdü. Siz de kayda girdiniz, yüksek güvertedeki biri olarak.","It's in the record, Mr Tolga: the Sultan rode his horse into the sea. You're in the record too, as someone on the high deck.",kod
D29_S_HOOK,29,SPK_GENOESE,[shouting],0,Kanca! İskelede!,Hook! Port side!,kod
D29_T_01,29,SPK_TOLGA,,0,"Kaptan, sur dediğiniz şey yüzüyor. Bunu bilerek mi söylüyorsunuz?","Captain, the wall you're talking about is floating. Are you saying that on purpose?",kod
D29_T_DUEL,29,SPK_TOLGA,,0,Güverteden indiler. Merdiven kullanmadan. Ben olsam merdiven kullanırdım.,They're off the deck. Without using the ladder. I would have used the ladder.,kod
D29_T_END,29,SPK_TOLGA,,0,"Kaptan, ben de inanmıyorum, oradaydım.","Captain, I don't believe it either, and I was there.",kod
D29_T_FIRE_BAD,29,SPK_TOLGA,,0,Biri hâlâ tütüyor. Ceneviz tayfası sirkeyle söndürüyor. Sirke! Kim sirke getirir savaşa?,One's still smoking. The Genoese crew are putting it out with vinegar. Vinegar! Who brings vinegar to a battle?,kod
D29_T_FIRE_OK,29,SPK_TOLGA,,0,"Söndü. Güverte ıslak, ben ıslak, ama gemi kuru değil, bu iyi bir şey.","Out. The deck's wet, I'm wet, but the ship isn't dry, and that's a good thing.",kod
D29_T_LOST,29,SPK_TOLGA,,0,Biri hâlâ güvertede ama Ceneviz tayfası onu nazikçe denize uğurladı.,"One's still on deck, but the Genoese crew showed him politely to the sea.",kod
D29_T_SULTAN,29,SPK_TOLGA,,0,"Bizim tarafa bağırıyor ama aslında kendi amirallerine bağırıyor. Bu tonu tanıyorum, bölge müdürlerinde de var.","He's shouting our way, but he's really shouting at his own admirals. I know that tone, regional managers have it too.",kod
D30O_D_EMPEROR,30,SPK_DEFENDER,[shouting],0,İmparator geldi! İmparator burada!,The Emperor has come! The Emperor is here!,kod
D30O_D_GUNNER,30,SPK_DEFENDER,[shouting],0,Yaklaşma! Bu tüfek dolu!,Stay back! This gun is loaded!,kod
D30O_E_01,30,SPK_EMPEROR,[shouting],0,Tutun! Bu sur bizim! Saray bizim! Bir adım geri yok!,Hold! This wall is ours! The palace is ours! Not one step back!,kod
D30O_N_01,30,SPK_NIHAT,,0,"Tolga Bey, 12 Mayıs gecesi. Kayıtta 'saray önündeki sura büyük hücum' yazıyor. Büyük kelimesinin altı iki kez çizilmiş.","Mr Tolga, the night of 12 May. The record says 'a great assault on the wall before the palace'. The word great is underlined twice.",kod
D30O_N_END,30,SPK_NIHAT,,0,"Kayıtta da öyle Tolga Bey: hücum püskürtüldü. Sonraki ağırlık yine Lykos vadisine, gediğe dönecek.","That's what the record says, Mr Tolga: the assault was thrown back. The weight will shift back to the Lycus valley, to the breach.",kod
D30O_S_THANKS,30,SPK_SOLDIER,,0,Allah razı olsun kâtip. Sırtın sağlam.,"God bless you, clerk. You have a strong back.",kod
D30O_S_WOUNDED,30,SPK_SOLDIER,[hesitant],0,Kâtip… bacağım… bırakma beni…,Clerk… my leg… don't leave me…,kod
D30O_T_01,30,SPK_TOLGA,,0,"Paşam, ben sabah dokuzda ışık yakan bir sigortacıyım. Ama merdiveni taşırım, merdiven taşımak bilinen bir risk.","Pasha, I'm an insurance man who switches lights on at nine in the morning. But I'll carry the ladder, carrying a ladder is a known risk.",kod
D30O_T_CLIMB,30,SPK_TOLGA,,0,On iki metre. Kırk bir basamak. Saymayacağım. Saydım.,Twelve metres. Forty-one rungs. I won't count. I counted.,kod
D30O_T_DUEL,30,SPK_TOLGA,,0,Tuttuk. Biraz. Bir dakika kadar tuttuk.,We held it. A bit. We held it for about a minute.,kod
D30O_T_EMPEROR,30,SPK_TOLGA,,0,"İmparator. Meşale elinde, kılıç belinde. Fotoğrafta poz vermedi ama durdu, o kadar.","The Emperor. Torch in his hand, sword at his belt. He didn't pose for the photo, but he did stand still.",kod
D30O_T_LOST,30,SPK_TOLGA,,0,"Sur yolundan aşağı düştüm, ama bir çalı vardı. Çalılar tarihte hak ettikleri yeri almamış.","I fell off the wall-walk, but there was a bush. Bushes have never got the credit they deserve in history.",kod
D30O_T_LOST_TOWER,30,SPK_TOLGA,,0,Kuleden düştüm. Aşağıda bir çalı vardı. Bu çalıyla artık bir geçmişimiz var.,I fell off the tower. There was a bush at the bottom. That bush and I have a history now.,kod
D30O_T_TOWER,30,SPK_TOLGA,,0,"Tüfekçi hâlâ kulede. Kulenin yanında da bir merdiven var. Kimse kaldırmamış, kullanmasak ayıp olur.",The gunner's still on the tower. And there's a ladder up the side. Nobody took it away; it would be rude not to use it.,kod
D30O_T_TOWER_WON,30,SPK_TOLGA,,0,"Tüfek aşağıda, tüfekçi oturdu. Kule bizim. Beş dakikalığına, ama bizim.","The gun's over the side and the gunner's sitting down. The tower is ours. For five minutes, but ours.",kod
D30O_T_WALL,30,SPK_TOLGA,,0,"Yukarıdayım. Sur yolu dar, adamlar geniş.","I'm up. The wall-walk is narrow, the men are wide.",kod
D30O_Z_01,30,SPK_ZAGANOS,,0,"Kâtip! Zağanos Paşa'nın merdivenini sen taşıyacaksın. Saray orada, ışıkları yanıyor. Sabaha o ışıkları biz yakacağız.","Clerk! You'll carry Zaganos Pasha's ladder. The palace is there, its lights are on. By morning we'll be the ones lighting them.",kod
D30O_Z_END,30,SPK_ZAGANOS,,0,Bu gece olmadı. Bu sur bu gece olmadı. Sultan'a söylerim: saray tarafı çok yüksek.,Not tonight. This wall didn't fall tonight. I'll tell the Sultan: the palace side is too high.,kod
D30O_Z_PLANT,30,SPK_ZAGANOS,[shouting],0,Daya! Daya! Yukarı!,Set it! Set it! Up!,kod
D30O_Z_RETREAT,30,SPK_ZAGANOS,[shouting],0,"Boru! Geri! Merdivenleri bırakın, adamları bırakmayın!","The horn! Back! Leave the ladders, don't leave the men!",kod
D30_D_01,30,SPK_DEFENDER,[shouting],0,"Sen, yabancı! Mazgala! Saray uyuyor sanıyorlar. Uyumuyor.","You, foreigner! To the battlements! They think the palace is asleep. It isn't.",kod
D30_D_BOARD,30,SPK_DEFENDER,[shouting],0,Biri çıktı! Sur yolunda!,One's up! On the wall-walk!,kod
D30_D_DUEL,30,SPK_DEFENDER,[shouting],0,Kuleden iniyorlar! Kılıç!,They're coming down from the tower! Swords!,kod
D30_D_EMPEROR,30,SPK_DEFENDER,[shouting],0,İmparator! İmparator sur yolunda!,The Emperor! The Emperor is on the wall-walk!,kod
D30_D_GUN,30,SPK_DEFENDER,[shouting],0,"Merdivenler geliyor! Taşıyanı vur, merdiven düşer!","Ladders coming! Shoot the carrier, the ladder drops!",kod
D30_D_LADDERS,30,SPK_DEFENDER,[shouting],0,"Dayadılar! Başına koş, it! Tırmanan tepeye varmadan!","They've set them up! Run to the top, push! Before the climber gets there!",kod
D30_E_01,30,SPK_EMPEROR,,0,"Bu sur bu gece düşmedi. Siz düşürtmediniz. Adın ne, yabancı?","This wall didn't fall tonight. You didn't let it. What's your name, foreigner?",kod
D30_E_01_KNOWN,30,SPK_EMPEROR,,0,"Bu sur bu gece düşmedi. Siz düşürtmediniz. Seni tanıyorum, Frenk. Ama adını hiç söylemedin.","This wall didn't fall tonight. You didn't let it. I know you, Frank. But you never told me your name.",kod
D30_E_02,30,SPK_EMPEROR,,0,Tolga. Öyleyse bu suru sana emanet ediyorum. Sabaha kadar.,Tolga. Then I entrust this wall to you. Until morning.,kod
D30_N_01,30,SPK_NIHAT,,0,"Tolga Bey, 12 Mayıs gecesi. Saray önündeki surdasınız. Bu sur hendeksiz, tek ve yüksek. Bu gece önemli olan da bu.","Mr Tolga, the night of 12 May. You're on the wall before the palace. This wall has no ditch, it's single and tall. That's what matters tonight.",kod
D30_N_END,30,SPK_NIHAT,,0,"Kayıtta var Tolga Bey: 12 Mayıs hücumu püskürtüldü, İmparator surdaydı. Sizin poliçe kaydınız yok, ona ben bakarım.","It's in the record, Mr Tolga: the 12 May assault was thrown back, the Emperor was on the wall. There's no record of your policy; I'll see to that.",kod
D30_T_01,30,SPK_TOLGA,,0,"Saray uyumuyorsa ben de uyumam. Zaten saat gece yarısı, benim mesai dışı.","If the palace isn't sleeping, neither am I. It's midnight anyway, I'm off the clock.",kod
D30_T_DUEL,30,SPK_TOLGA,,0,Sur yolu yine bizim. Daha doğrusu sizin. Ben burada misafirim.,"The wall-walk is ours again. Yours, really. I'm a guest here.",kod
D30_T_EMPEROR,30,SPK_TOLGA,,0,"Tolga, Majeste. Sigortacıyım. Yani… surları sigortalarım. Bu gece fiilen.","Tolga, Your Majesty. I'm an insurance man. That is… I insure walls. Tonight, in person.",kod
D30_T_GUN_BAD,30,SPK_TOLGA,,0,Karanlıkta koşan adam vurmak tarifte yoktu.,Shooting men running in the dark wasn't in the job description.,kod
D30_T_LOST,30,SPK_TOLGA,,0,"Sur yolunda göğüs göğüse, sonunda attık. Kollarım bunu sabah anlayacak.",Hand to hand on the wall-walk; in the end we threw them back. My arms will understand this in the morning.,kod
D30_T_PUSH,30,SPK_TOLGA,,0,"Merdiven gitti. İçindekiyle birlikte. Çalıya, umarım.","Ladder's gone. With the man on it. Into a bush, I hope.",kod
D31O_AK_01,31,SPK_AKSEMSEDDIN,,0,"Üç işaret var, evlat: yıldırımın yardığı çınar, taştan akan su, üstünde el izi olan eski bir taş. Üçü bir yeri gösterir. Acele eden bulamaz; ama güneş de beklemez.","There are three signs, child: a plane tree split by lightning, water running from stone, and an old stone with a hand's mark on it. The three point to one place. He who hurries does not find; but neither does the sun wait.",kod
D31O_AK_03,31,SPK_AKSEMSEDDIN,,0,"Burası. Kaz, ama yavaş. Yüzyıllardır bekleyeni bir saatte uyandırma.","Here. Dig, but slowly. Don't wake in an hour what has waited for centuries.",kod
D31O_AK_04,31,SPK_AKSEMSEDDIN,,0,"Burası Ebû Eyyûb'un yeridir. Sultan'a haber verin. ...Sen de yaz, kâtip. Ama bildiğin kadarını yaz.","This is the resting place of Abu Ayyub. Send word to the Sultan. ...And you, clerk, write it down. But write only as much as you know.",kod
D31O_AK_NO,31,SPK_AKSEMSEDDIN,,0,"O değil. Bak, ama gözle değil.","Not that one. Look, but not only with your eyes.",kod
D31O_AK_SUNSET,31,SPK_AKSEMSEDDIN,,0,"Güneş battı. Ver kazmayı, evlat. Bazı şeyleri bulan değil, bekleyen görür. ...Burası Ebû Eyyûb'un yeridir.","The sun has set. Give me the pick, child. Some things are seen not by the one who finds but by the one who waits. ...This is the resting place of Abu Ayyub.",kod
D31O_AZ_01,31,SPK_AZAP,[excited],0,"Kâtip! Yine sen! Blakherna'da sen taşıdın, hendekte ben taşıdım; bugün sıra yine sende. Kirişin öbür ucuna geç!","Clerk! You again! At Blachernae you carried me, at the moat I carried you; today it's your turn again. Get to the other end of the beam!",kod
D31O_AZ_02,31,SPK_AZAP,,0,"Duydum. Su içti, sonra gitti, diyorlar. Sen mi yazdın onu? İyi etmişsin. Biz unuturuz; kâğıt unutmaz.","I heard. He drank some water, then went, they say. Did you write that? Good. We forget; paper doesn't.",kod
D31O_AZ_03,31,SPK_AZAP,,0,"Sultan geldi, ön safta. Kâtip, sen arkada, kapının yanında otur. Seni kimse kaldırmaz.","The Sultan has come; he's in the front row. Clerk, you sit at the back, by the door. Nobody will move you.",kod
D31O_AZ_EMP,31,SPK_AZAP,,0,Dün gece tekfuru sormuşlar sana. Ne dedinse doğrusu odur; kimse bilmiyor.,"They asked you about the Emperor last night. Whatever you said, that's the truth of it; nobody knows.",kod
D31O_AZ_TRAPPED,31,SPK_AZAP,[shouting],0,"Kâtip! Buradayım! Kiriş bacağımda, yanımda bir çocuk var! Kapı çöktü, yukarıdan gel!","Clerk! In here! There's a beam on my leg and a child beside me! The door's caved in, come from above!",kod
D31O_CARP_01,31,SPK_SOLDIER,[excited],0,"Kâtip! Kule gecesinin merdivencisi! Yukarı ip lazım; ezana şerefe yetişmezse müezzin damda bağırır. Al kangalı, çık!","Clerk! The ladder man from the night of the tower! I need rope up here; if the balcony isn't ready for the call to prayer, the muezzin will be shouting from the roof. Take the coil and climb!",kod
D31O_CARP_GUST,31,SPK_SOLDIER,[shouting],0,"Rüzgâr! Çömel, tahtaya yapış!","Wind! Crouch, hug the planks!",kod
D31O_CARP_KNOT_BAD,31,SPK_SOLDIER,[shouting],0,Boşaldı! Baştan sar!,It's come loose! Wrap it again!,kod
D31O_CARP_KNOT_OK,31,SPK_SOLDIER,,0,"Sıkı. Bu bağ ezanı da taşır, müezzini de.",Tight. That lashing will carry the call and the muezzin both.,kod
D31O_CARP_LATE,31,SPK_SOLDIER,,0,"Ver, ben bağlarım. Ezan başlıyor; müezzin tahtayı değil, sesini düşünsün.","Give it here, I'll tie it. The call is starting; let the muezzin think of his voice, not the planks.",kod
D31O_DV_01,31,SPK_DERVISH,,0,Kâtip! Kanlı ay gecesi çorba taşıyan sen değil miydin? Gel; şeyh genç bir göz istedi. Güneş batmadan.,Clerk! Weren't you the one carrying soup the night of the blood moon? Come; the sheikh wants young eyes. Before the sun goes down.,kod
D31O_DV_02,31,SPK_DERVISH,,0,"Hasırları içeri taşı. Kıble şu ipin gösterdiği yer. Binanın yönü başka, kıble başka; saflar ipe bakar, duvara değil.","Carry the mats inside. The qibla is where that line points. The building faces one way and the qibla another; the rows follow the line, not the wall.",kod
D31O_DV_FIXED,31,SPK_DERVISH,,0,"Kalanları biz serdik. Olsun; bin yıl dik durmuş bina, iki hasırla devrilmez.",We laid the rest. No matter; a building that's stood straight for a thousand years won't topple over two mats.,kod
D31O_DV_OK,31,SPK_DERVISH,,0,Oldu. İpe paralel.,That's it. Parallel to the line.,kod
D31O_DV_TURN,31,SPK_DERVISH,,0,"Biraz daha sağa. Duvara değil, ipe bak.","A little more to the right. Look at the line, not the wall.",kod
D31O_HR_01,31,SPK_HERALD,[excited],0,Duyduk duymadık demeyin! Sultan'ın emridir: saklanan kim varsa evine dönsün! Şehrin subaşısı Süleyman Bey'dir; derdi olan ona gelsin!,"Hear ye, and say not you did not hear! The Sultan's order: whoever is hiding, let him return to his home! The governor of the city is Süleyman Bey; whoever has a grievance, let him come to him!",kod
D31O_K_01,31,SPK_KADRI,,0,"Dün dündü. Bugün kazanın dibi görünmeyecek, o kadar. Git yüzünü yıka, kâtip; seni bir derviş arıyor.","Yesterday was yesterday. Today the bottom of the pot won't be seen, that's all. Go and wash your face, clerk; a dervish is looking for you.",kod
D31O_K_CATCH,31,SPK_KADRI,[shouting],0,Ver çocuğu! Tuttum! ...Ağlıyor. Ağlayan çocuk sağ çocuktur.,Hand down the child! Got him! ...He's crying. A crying child is a living child.,kod
D31O_K_CAVEIN,31,SPK_KADRI,[shouting],0,"Tavan gitti! Kapıyı açın, molozu sökün! ...Hepsi burada. Kâtip, yüzün kapkara ama sağsın.","The ceiling's gone! Open the door, clear the rubble! ...They're all here. Clerk, your face is black, but you're alive.",kod
D31O_K_LADLE,31,SPK_KADRI,[excited],0,"Yamak! Sağsın! Kazan şehirde kaynıyor; kimin olduğuna bakmadan dolduruyoruz. Dur durak yok, yürü!","Kitchen boy! You're alive! The pot's boiling in the city; we fill every bowl without asking whose. No stopping, keep moving!",kod
D31O_N_01,31,SPK_NIHAT,,0,"Tolga Bey, 30 Mayıs sabahı. Fethin ertesi. Sultan'ın harap sarayın önünde okuduğu beyti dün duydunuz; bu sayfada şiir yok. Söndürülmemiş közler, çökmüş evler ve bir cuma var.","Mr Tolga, the morning of 30 May. The day after the conquest. Yesterday you heard the couplet the Sultan recited before the ruined palace; there's no poetry on this page. There are embers no one put out, collapsed houses, and a Friday.",kod
D31O_N_03,31,SPK_NIHAT,,0,"31 Mayıs. Şimdi bir rivayet sayfası, Tolga Bey: kaynak değil, anlatı. Akşemseddin'in Haliç'in ucunda, surların dışında Peygamber'in sahabesi Ebû Eyyûb el-Ensârî'nin kabrini bulduğu anlatılır. Kayda 'rivayet' diye geçecek.","31 May. Now a page of tradition, Mr Tolga: not a source, a story. It is told that at the head of the Horn, outside the walls, Akşemseddin found the grave of Abu Ayyub al-Ansari, a Companion of the Prophet. It goes in the record marked 'tradition'.",kod
D31O_N_04,31,SPK_NIHAT,,0,"Rivayet böyle anlatır. Türbe beş yıl sonra yapıldı; bugün hâlâ orada, semt de onun adını taşıyor. Dosyaya 'rivayet' damgasıyla giriyor.","That is how the tradition tells it. The tomb was built five years later; it's still there today, and the district bears his name. It goes into the file stamped 'tradition'.",kod
D31O_N_05,31,SPK_NIHAT,,0,"1 Haziran, cuma. Ayasofya. Dört gün önce burada son ayin vardı; bugün ilk cuma namazı kılınacak. İki sayfa, aynı kubbe.","1 June, a Friday. Hagia Sophia. Four days ago the last liturgy was held here; today the first Friday prayer. Two pages, one dome.",kod
D31O_N_END,31,SPK_NIHAT,,0,"Kaydedildi. 30 Mayıs – 1 Haziran, Osmanlı nüshası. Aynı gün Galata'da bir masa kuruluyor, Tolga Bey. Son sayfa orada.","Recorded. 30 May – 1 June, the Ottoman copy. The same day a table is being set up in Galata, Mr Tolga. The last page is there.",kod
D31O_N_KHUTBE,31,SPK_NIHAT,,0,Rivayete göre ilk hutbeyi Akşemseddin okudu. Kaynaklar o günü ve namazı yazar; kimin okuduğu kesin değil. Telefonu cebinize koyun.,Tradition says Akşemseddin gave the first sermon. The sources record the day and the prayer; who preached is not certain. Put your phone away.,kod
D31O_N_PHOTO,31,SPK_NIHAT,,0,"Kaydı şimdi alın, Tolga Bey: saflar dolarken, kubbenin altında. Kamet başlayınca telefonu cebinize koyun.","Take the record now, Mr Tolga: the rows filling beneath the dome. When the call to stand begins, put the phone in your pocket.",kod
D31O_N_PHOTO_OK,31,SPK_NIHAT,,0,"Kaydedildi. Mozaikler yerinde, hasırlar çapraz. Bu kare iki sayfanın arasında duruyor.","Recorded. Mosaics in place, mats at an angle. This frame stands between two pages.",kod
D31O_S_EMBER,31,SPK_AZAP,[shouting],0,Köz! Tavan dökülüyor!,Embers! The ceiling's coming down!,kod
D31O_T_01,31,SPK_TOLGA,,0,"Dün sabah bu sokak savaş alanıydı, dün akşam başka bir şey. Bu sabah bir aşçı kazan kuruyor. Tarih vardiyalı çalışıyor.","Yesterday morning this street was a battlefield, last night it was something else. This morning a cook is setting up his pot. History works in shifts.",kod
D31O_T_02,31,SPK_TOLGA,,0,Yukarıdan. Sarayın cephesinden. Dün Sultan bu duvarın önünde şiir okudu; ben bugün üstünden geçiyorum.,From above. Up the palace front. Yesterday the Sultan recited poetry in front of this wall; today I'm climbing over it.,kod
D31O_T_03,31,SPK_TOLGA,,0,"Hocam, ben genelde koordinatla bulurum.","Master, I usually find things by coordinates.",kod
D31O_T_04,31,SPK_TOLGA,,0,Bin yıllık bir binaya iple bir balkon bağlıyoruz. Belediyeden izin aldık mı diye sormayacağım.,We're tying a balcony onto a thousand-year-old building with rope. I won't ask whether we got a permit from the municipality.,kod
D31O_T_05,31,SPK_TOLGA,,0,Bin yıllık bir yapıda ilk defa bir şeyi çapraz döşüyoruz. Ve herkes kapıdan giriyor.,In a thousand-year-old building we're laying something at an angle for the first time. And everyone's coming in through the door.,kod
D31O_T_06,31,SPK_TOLGA,,0,(Tolga kapının yanında oturur. Kubbenin altında binlerce kişi aynı anda eğiliyor. Ses yok; yalnız kumaş hışırtısı.),(Tolga sits by the door. Beneath the dome thousands of people bow at the same moment. No voices; only the rustle of cloth.),kod
D31O_T_AZ,31,SPK_TOLGA,,0,Hasan'ı duydun mu?,Have you heard about Hasan?,kod
D31O_T_BEAM_CREAK,31,SPK_TOLGA,,0,Kiriş çatırdıyor. Kömür bir şey taşımak için yapılmamıştır. Ben de.,The beam is creaking. Charcoal isn't made for carrying things. Neither am I.,kod
D31O_T_END,31,SPK_TOLGA,,0,Elli gün surun dışından yazdım. Bugün içindeyim ve yazacak bir şey bulamıyorum. Belki bu sayfa böyle kalmalı.,For fifty days I wrote from outside the wall. Today I'm inside and I can't find anything to write. Maybe this page should stay that way.,kod
D31O_T_STONE,31,SPK_TOLGA,,0,Bir taş. Üstünde yazı var. Okuyamıyorum. Ama ellerim titriyor.,A stone. There's writing on it. I can't read it. But my hands are shaking.,kod
D31O_T_TOP,31,SPK_TOLGA,,0,Buradan bütün şehir görünüyor. Dün yanıyordu. Bugün dumanı ince.,From up here you can see the whole city. Yesterday it was burning. Today the smoke is thin.,kod
D32O_AZ_01,32,SPK_AZAP,,0,Kâtip! Blakherna'da beni sırtında taşıyan sen değil miydin? Bacak iyileşmedi ama demet taşımaya yeter.,"Clerk! Weren't you the one who carried me on your back at Blachernae? The leg hasn't healed, but it'll do for bundles.",kod
D32O_AZ_02,32,SPK_AZAP,,0,"İş basit: yığından demet al, hendeğe at. İki demette bir sepet toprak, yoksa gece yakarlar. Surdan ok gelirse mantonun arkasına.","The job is simple: take a bundle from the pile, throw it in the moat. A basket of earth every two bundles, or they burn it at night. If arrows come from the wall, get behind the mantlet.",kod
D32O_AZ_B1,32,SPK_AZAP,,0,Bir. Hendek derin; dibini görmesek iyi.,One. The moat is deep; better if we never see the bottom.,kod
D32O_AZ_B3,32,SPK_AZAP,,0,"Üç! Sağdaki bölük de yetişti, bak. Bütün ova taşıyor.","Three! The company on the right has caught up, look. The whole plain is carrying.",kod
D32O_AZ_B6,32,SPK_AZAP,,0,Altı. Yarın burada yürüyerek geçeceğiz; ayağımızın altında bu sabah olacak.,Six. Tomorrow we walk across here; this morning will be under our feet.,kod
D32O_AZ_DOWN,32,SPK_AZAP,[shouting],0,"Kâtip! Kalk! Demeti bırak, seni ben taşırım. Sıra bende.","Clerk! Up! Drop the bundle, I'll carry you. My turn.",kod
D32O_AZ_EARTH,32,SPK_AZAP,,0,Toprak! Demetin üstüne toprak; çalı yalnız kalırsa Rum ateşi onu sever.,Earth! Earth on the bundles; brushwood left bare is just what Greek fire loves.,kod
D32O_AZ_FIRE_LOST,32,SPK_AZAP,,0,"Yandı... İki demet kül oldu. Olsun, yeniden. Hendek sabırla dolar.","Burnt... two bundles gone to ash. Never mind, again. A moat fills with patience.",kod
D32O_AZ_FIRE_OUT,32,SPK_AZAP,,0,"Söndü! Toprak tuttu. Gördün mü, çalıyı yalnız bırakmayacaksın.",It's out! The earth held. See? You never leave brushwood bare.,kod
D32O_AZ_GREEKFIRE,32,SPK_AZAP,[shouting],0,"Rum ateşi! Çömlek demetlere düştü! Toprak, kâtip, çabuk toprak!","Greek fire! The pot hit the bundles! Earth, clerk, earth, quick!",kod
D32O_AZ_HALF,32,SPK_AZAP,,0,"Yarım kaldı. Olsun, gece biz bitiririz. Azap dediğin karanlıkta da taşır.","Half done. Never mind, we'll finish it tonight. An azap carries in the dark too.",kod
D32O_AZ_SAFE,32,SPK_AZAP,,0,"Geçti. Demetini al, yürü.","It's passed. Pick up your bundle, move.",kod
D32O_AZ_VOLLEY,32,SPK_AZAP,[shouting],0,Oklar! Mantoya! Mantonun arkasına!,Arrows! The mantlet! Behind the mantlet!,kod
D32O_F_01,32,SPK_FATIH,,0,"Gaziler! Yarın emirle yürüyün, emirle durun. Düzen bozulursa hücum biter.","Warriors! Tomorrow you advance on the order and halt on the order. If the ranks break, the assault is over.",kod
D32O_F_02,32,SPK_FATIH,,0,"Bu gece ateşler yansın; sonra ses kesilsin. Yarın sessiz yürüyen, gürültüyle girer.",Let the fires burn tonight; then let all be silent. Whoever marches silently tomorrow will enter with a roar.,kod
D32O_H_01,32,SPK_HASAN,,0,"Gel kâtip, otur. Ateşin dibi sıcak, gerisi soğuk.","Come, clerk, sit. It's warm by the fire, cold everywhere else.",kod
D32O_H_02,32,SPK_HASAN,,0,Dinlenme günü savaşın en yorucu günüdür. Yarın yorulmaya vakit yok.,The day of rest is the most tiring day of a war. Tomorrow there's no time to be tired.,kod
D32O_H_03,32,SPK_HASAN,,0,Yarın biz yeniçeriler son dalgayız. Sancak bende. Son dalga ya girer ya bir daha kalkmaz.,Tomorrow we Janissaries are the last wave. I have the banner. The last wave either gets in or never gets up again.,kod
D32O_H_04,32,SPK_HASAN,,0,Duyuyor musun? Şehirde çanlar. Onlar da uyumuyor. Allah hepimize kolaylık versin.,Hear that? Bells in the city. They're not sleeping either. May God make it easy for all of us.,kod
D32O_H_GO,32,SPK_HASAN,,0,"Bölüğüm çağırıyor. Şafakta hendeğin kıyısındayım, kâtip. Kovayla gel.","My company's calling. At dawn I'll be on the edge of the moat, clerk. Come with a bucket.",kod
D32O_H_LEB,32,SPK_HASAN,,0,"(Bir tane alır.) Tuzlu. Anam da kavururdu. Gergin anlar için, ha? İyi düşünmüşler.","(Takes one.) Salty. My mother used to roast these. For tense moments, eh? Clever people.",kod
D32O_H_SIT,32,SPK_HASAN,,0,"İyi ki konuşmadın. Bu gece herkes çok konuştu, sonra hepsi birden sustu.","Good thing you didn't talk. Everyone talked too much tonight, then all of them went quiet at once.",kod
D32O_H_WATER,32,SPK_HASAN,,0,(İçer.) Yarın getirirsen yarın da içerim. Anlaştık kâtip; yaz bunu.,"(Drinks.) If you bring it tomorrow, I'll drink it tomorrow. That's a deal, clerk; write it down.",kod
D32O_J_SILENCE,32,SPK_JANISSARY,[shouting],0,"Sükût! Ateşler kısılsın, ses kesilsin! Herkes bölüğüne!","Silence! Bank the fires, still your voices! Every man to his company!",kod
D32O_K_01,32,SPK_KADRI,,0,"Yamak! Bugün mutfak kapalı, ordu oruçlu. Sen de hendeğe. Bu benim emrim değil, Sultan'ın.","Kitchen boy! The kitchen's closed today, the army is fasting. You're off to the moat. Not my order, the Sultan's.",kod
D32O_K_IFTAR,32,SPK_KADRI,,0,"Güneş battı! Oruç açılır! Kâtip, bir hurma, bir yudum su. Sonra şu meşaleyi al; bu gece ateş istiyorlar.","The sun is down! Break the fast! Clerk, a date, a sip of water. Then take this torch; tonight they want fire.",kod
D32O_N_01,32,SPK_NIHAT,,0,"Günaydın Tolga Bey. 28 Mayıs, pazartesi. Kayıtta oruç ve dinlenme günü yazıyor. Altına biri kurşun kalemle kâğıt üstünde diye eklemiş.","Good morning, Mr Tolga. 28 May, a Monday. The record says a day of fasting and rest. Someone has pencilled underneath: on paper.",kod
D32O_N_DITCH,32,SPK_NIHAT,,0,"Kaydedildi. Kaynaklar hücumdan önce hendeğin çalı, toprak ve taşla doldurulduğunu yazar. Ellerinizdeki dikenler kayda girmez, Tolga Bey.","Recorded. The sources say the moat was filled with brushwood, earth and stones before the assault. The thorns in your hands don't go into the record, Mr Tolga.",kod
D32O_N_END,32,SPK_NIHAT,,0,"Kaydedildi. 28 Mayıs, Osmanlı nüshası. Gece yarısı geçti. Bir buçukta son hücum; siz sakasınız. Kovanız hazır.","Recorded. 28 May, the Ottoman copy. Midnight has passed. At half past one, the final assault; you're the water carrier. Your bucket is ready.",kod
D32O_N_LIGHTS,32,SPK_NIHAT,,0,"Kaynaklar bu ışıkları yazar Tolga Bey: surdakiler önce ordugâhın yandığını sandı. Şimdi bakın, Sultan geliyor.","The sources describe these lights, Mr Tolga: the men on the walls first thought the camp was on fire. Now look, the Sultan is coming.",kod
D32O_N_PHOTO,32,SPK_NIHAT,,0,Kaydedildi. Sultan objektife bakmadı. Bürokrasi açısından en temiz poz budur.,"Recorded. The Sultan didn't look at the lens. Bureaucratically speaking, that's the cleanest pose there is.",kod
D32O_N_SILENCE,32,SPK_NIHAT,,0,"Bütün ordu bir anda sustu, Tolga Bey. Surdakiler şimdi bu sessizliği dinliyor. Hasan sizi bekliyor.","The whole army fell silent at once, Mr Tolga. The men on the walls are listening to that silence now. Hasan is waiting for you.",kod
D32O_S_CARP,32,SPK_SOLDIER,,0,"Kâtip! Kule gecesinde merdiveni tutan sendin. Bunu da tut bakalım, sağlam mı?","Clerk! You were holding the ladder the night of the tower. Hold this one too, is it sound?",kod
D32O_S_CARP_LIMP,32,SPK_SOLDIER,,0,"Hasan beni sırtında indirdi, sen merdiveni tuttun. Topallıyorum ama çakıyorum.","Hasan carried me down on his back and you held the ladder. I'm limping, but I'm nailing.",kod
D32O_S_SULTAN,32,SPK_SOLDIER,[shouting],0,Sultan! Hatları dolaşıyor! Yol açın!,The Sultan! He's riding the lines! Make way!,kod
D32O_TL_01,32,SPK_HERALD,[shouting],0,Duyduk duymadık demeyin! Yarın şafaktan önce karadan ve denizden hücum var!,"Hear ye, and say not you did not hear! Tomorrow before dawn, the assault, by land and by sea!",kod
D32O_TL_02,32,SPK_HERALD,[excited],0,"Bugün oruç tutulsun, abdest alınsın, silah bilensin! Akşam ateşler yansın, gece ses kesilsin!","Today let the fast be kept, the ablutions made, the blades sharpened! At evening let the fires burn; at night let every voice be still!",kod
D32O_TL_03,32,SPK_HERALD,[shouting],0,Sura ilk çıkana dirlik ve rütbe! Sultan'ın sözüdür!,"To the first man on the wall, a fief and rank! The Sultan's word!",kod
D32O_TL_04,32,SPK_HERALD,[shouting],0,"Ateşler yansın! Her çadırın önünde meşale, her bölüğün başında ateş!","Light the fires! A torch before every tent, a fire at the head of every company!",kod
D32O_TP_01,32,SPK_TOPCU,,0,"Fesli yamak! Haliç'te itfaiyeci olmuştun, hatırladın mı? Bugün yine topçusun.","The lad in the fez! You turned firefighter on the Horn, remember? Today you're a gunner again.",kod
D32O_TP_01_HIT,32,SPK_TOPCU,,0,Fesli yamak! Haliç'te Coco'nun fustasını ikiye bölen nişancı! Sonra da itfaiyeci oldun. Bugün yine topçusun; nişan senin.,"The lad in the fez! The marksman who split Coco's fusta in two on the Horn! Then you turned firefighter. Today you're a gunner again, and the aim is yours.",kod
D32O_TP_02,32,SPK_TOPCU,,0,"Donanma yarın denizden yüklenecek, bizim yerimiz burası. Hedef şu: gedikteki barikat. Gece fıçıyla toprakla örerler, gündüz biz sökeriz.","The fleet attacks from the sea tomorrow; our place is here. The target: the stockade in the breach. They build it with barrels and earth by night, we take it apart by day.",kod
D32O_TP_COOL,32,SPK_TOPCU,,0,Yağ! Namlu kızgın. Urban'ın dersi: tunç sabır ister.,Oil! The barrel's hot. Urban's lesson: bronze wants patience.,kod
D32O_TP_END_BAD,32,SPK_TOPCU,,0,Barikat ayakta. Olsun: topçunun bittiği yerde yeniçeri başlar.,"The stockade stands. Never mind: where the gunner stops, the Janissary starts.",kod
D32O_TP_END_OK,32,SPK_TOPCU,,0,Barikat yarık. Bu gece yine örerler ama ancak yarısını. Yarına yetiştiremezler.,"The stockade's split. They'll rebuild it tonight, but only half. They won't finish by tomorrow.",kod
D32O_TP_GUNNER,32,SPK_TOPCU,[shouting],0,Surda tüfekçi! Namlu soğurken sepet siperin arkasına geç!,"A gunner on the wall! While the barrel cools, get behind the gabions!",ad
D32O_TP_HIT_1,32,SPK_TOPCU,[shouting],0,İsabet! Fıçılar dağıldı!,A hit! The barrels are scattered!,kod
D32O_TP_HIT_2,32,SPK_TOPCU,[shouting],0,Bir daha! Kalaslar uçuyor! Barikat yarıldı!,Again! The planks are flying! The stockade's split!,kod
D32O_TP_MISS,32,SPK_TOPCU,,0,"Uzun düştü, iç sura gitti. Namluyu bir parmak indir.","Long, it went to the inner wall. Bring the barrel down a finger.",kod
D32O_TP_NAME_1,32,SPK_TOPCU,,0,"Usta Urban büyük topa 'Pazartesi' diyor, biliyor musun? Adını bir yamak koymuş. Sen miydin?","Master Urban calls the great gun 'Monday', did you know? Some lad named it. Was it you?",ad
D32O_TP_NAME_2,32,SPK_TOPCU,,0,Usta Urban büyük topa 'Koli' diyor. Ne demekse. Adını bir yamak koymuş. Sen miydin?,Master Urban calls the great gun 'Parcel'. Whatever that means. Some lad named it. Was it you?,ad
D32O_TP_NAME_3,32,SPK_TOPCU,,0,Usta Urban büyük topa 'Sigorta' diyor; her şeyi karşılarmış. Adını bir yamak koymuş. Sen miydin?,Master Urban calls the great gun 'Insurance'; apparently it covers everything. Some lad named it. Was it you?,ad
D32O_TP_NAME_4,32,SPK_TOPCU,,0,Usta Urban büyük topa bir ad takmış ama kimseye söylemiyor. Sen biliyor musun?,"Master Urban has given the great gun a name, but he won't tell anyone. Do you know it?",ad
D32O_TP_URBAN,32,SPK_TOPCU,,0,"Usta Urban'ın büyük topu öbür bataryada konuşuyor. Bu onun küçük kardeşi; daha az konuşur, daha çok dinler.",Master Urban's great gun is talking at the next battery. This is its little brother; it talks less and listens more.,ad
D32O_TP_URBAN_CRACKED,32,SPK_TOPCU,,0,"Usta Urban'ın büyük topu bugün susuyor: tunçta iki çatlak var. Sabırsız bir yamağın işi, diyorlar. Bu onun küçük kardeşi; yük ona kaldı.","Master Urban's great gun is silent today: two cracks in the bronze. Some impatient lad's doing, they say. This is its little brother; the load falls on it now.",ad
D32O_TP_URBAN_TAPED,32,SPK_TOPCU,,0,"Usta Urban'ın büyük topu öbür bataryada konuşuyor; belinde hâlâ senin gri şeridin. Bu onun küçük kardeşi; daha az konuşur, daha çok dinler.","Master Urban's great gun is talking at the next battery, still with your grey strip round its waist. This is its little brother; it talks less and listens more.",ad
D32O_T_01,32,SPK_TOLGA,,0,"Dün şerbet, bugün hendek. Bu ordugâhta terfi aşağı doğru oluyor.","Yesterday sherbet, today the moat. In this camp promotions go downwards.",kod
D32O_T_02,32,SPK_TOLGA,,0,Tellal. Bizim şirkette bunun adı herkese giden e-posta. Herkese yanıtla tuşuna basılmaz.,A herald. At my company we call this an all-staff email. You do not press reply-all.,kod
D32O_T_03,32,SPK_TOLGA,,0,Sigortada buna zemin iyileştirme denir. Burada prim okla ödeniyor.,In insurance we call this ground improvement. Here the premium is paid in arrows.,kod
D32O_T_DITCH,32,SPK_TOLGA,,0,Bir ayda kazdıkları hendek bir sabahta doldu. Hasarın tersine ne denir? Formda kutucuğu yok.,"A moat they dug over months, filled in a morning. What's the opposite of damage? There's no box for it on the form.",kod
D32O_T_END,32,SPK_TOLGA,,0,"Surun iki yanında iki gece. Birinde çan, birinde sükût. Yarın biri bitecek.","Two nights on either side of the wall. Bells on one, silence on the other. Tomorrow one of them ends.",kod
D32O_T_FIRE_1,32,SPK_TOLGA,,0,Bir. Ateş yakmak kolay iş sanmıştım. Rüzgâr başka düşünüyor.,One. I thought lighting a fire was easy. The wind has other ideas.,kod
D32O_T_FIRE_3,32,SPK_TOLGA,,0,Üç. Karşı surdan bakan biri şimdi ne görüyor acaba?,Three. I wonder what someone on the walls opposite sees right now.,kod
D32O_T_FIRE_6,32,SPK_TOLGA,,0,Altı. Bütün sırt yanıyor. Tekbir sesi ovadan surlara kadar gidiyor.,Six. The whole ridge is burning. The tekbir carries across the plain to the walls.,kod
D32O_T_GUNS,32,SPK_TOLGA,,0,"Kırk sekiz gündür bu ses. Yarın susacak. Hangisi daha korkunç, bilemiyorum.",Forty-eight days of this sound. Tomorrow it stops. I can't tell which is more frightening.,kod
D32O_T_H1,32,SPK_TOLGA,,0,"Hendek doldurdum, merdiven çaktım, top doldurdum. Bugün dinlenme günüydü, değil mi?","I filled a moat, nailed ladders, loaded a gun. Today was the day of rest, wasn't it?",kod
D32O_T_HIT_1,32,SPK_TOLGA,,0,Ah! Demete saplandı. Demete. İyi ki demet büyükmüş.,Ow! It stuck in the bundle. The bundle. Good thing the bundle's big.,kod
D32O_T_HIT_2,32,SPK_TOLGA,,0,Bu sefer omzum. Poliçede iş kazası maddesi... poliçe yok. Tamam.,My shoulder this time. The policy's workplace accident clause... there is no policy. Right.,kod
D32O_T_IFTAR,32,SPK_TOLGA,,0,"Bütün gün tek lokma yemeden hendek doldurdum. Bunu sigortacıma değil, diyetisyenime anlatmalıyım.","I filled a moat all day without a bite. I should tell my dietitian about this, not my insurer.",kod
D32O_T_LEB,32,SPK_TOLGA,,0,"Al. Benim zamanımda bunu maçta yerler. Tribünde, gergin anlarda.","Here. In my time people eat these at football matches. In the stands, in the tense moments.",kod
D32O_T_MANTLET,32,SPK_TOLGA,,0,"Seyyar siper. Bizim otoparkta da böyle bir şey vardı; adı bariyerdi, ok tutmazdı.",A mobile screen. We had something like this in our car park; it was called a barrier and it didn't stop arrows.,kod
D32O_T_NAME,32,SPK_TOLGA,,0,...Bir ihtimal.,...Possibly.,kod
D32O_T_NAME_4,32,SPK_TOLGA,,0,(Urban'a söz verdi) Hiçbir fikrim yok.,(He promised Urban) No idea at all.,kod
D32O_T_SIT,32,SPK_TOLGA,,0,"(Tolga bir şey söylemez. Ateş çıtırdar. Uzakta, şehirde çanlar.)","(Tolga says nothing. The fire crackles. Far off, bells in the city.)",kod
D32O_T_SULTAN,32,SPK_TOLGA,,0,Bir ay önce otağında karşısındaydım. Şimdi ateşlerin arasından geçiyor ve beni görmüyor. İyi ki görmüyor.,A month ago I stood before him in his tent. Now he rides between the fires and doesn't see me. Just as well.,kod
D32O_T_SULTAN_ALT,32,SPK_TOLGA,,0,Kaftanı ateşlerin ışığında kırmızı. Yanından geçen at bile susuyor.,His kaftan is red in the firelight. Even the horse beside him is quiet.,kod
D32O_T_TP1,32,SPK_TOLGA,,0,Topçubaşı! Sizi Haliç'te bırakmıştım. Siz de mi karaya çıktınız?,Master gunner! I left you on the Horn. You've come ashore too?,kod
D32O_T_U1,32,SPK_TOLGA,,0,"Usta, köprüden merdivene. Yatay işten dikey işe geçiyoruz.","Master, from bridges to ladders. We're moving from horizontal work to vertical.",kod
D32O_T_WATER,32,SPK_TOLGA,,0,"Su. Oruç açıldı, iç. Yarın da getiririm. Söz.","Water. The fast is over, drink. I'll bring some tomorrow too. I promise.",kod
D32O_U_01,32,SPK_USTA,,0,"Köprünün yamağı! Fıçı bağlamayı öğrenmiştin, şimdi basamak çakmayı öğren. Yarın çok merdiven lazım.",The bridge lad! You learned to lash barrels; now learn to nail rungs. Tomorrow we need a great many ladders.,kod
D32O_U_02,32,SPK_USTA,,0,Çivi tam ortaya. Basamak oynarsa adam düşer; adam düşerse merdiven kötü ad alır.,Nail dead centre. A loose rung drops a man; a man drops and the ladder gets a bad name.,kod
D32O_U_CARRY,32,SPK_USTA,,0,Dört kişi bir merdiven. Sen öndesin; senin bastığın yere onlar da basar.,"Four men to a ladder. You're in front; where you step, they step.",kod
D32O_U_END,32,SPK_USTA,,0,"Merdivenler yığında, mantolar yerinde. Gerisi topçunun, sonra Allah'ın.","The ladders are stacked, the mantlets in place. The rest is up to the gunners, then to God.",kod
D32O_U_MANTLET,32,SPK_USTA,,0,"Şimdi manto. Tekerlekli perde: hendeğin kıyısına it, orada kalsın. Yarın okçular arkasına girecek.",Now the mantlet. A screen on wheels: push it to the edge of the moat and leave it. Tomorrow the archers get behind it.,kod
D32O_U_RUNG_BAD,32,SPK_USTA,,0,"Eğri! Sök, yeniden çak. Yarın biri bunun üstünde dua edecek.","Crooked! Pull it out, nail it again. Tomorrow someone will be praying on this.",kod
D32O_U_RUNG_OK,32,SPK_USTA,,0,"İyi. Bunu bir yeniçeri taşır, yüzü kızarmaz.",Good. A Janissary can carry that without blushing.,kod
D33O_FZ_01,33,SPK_FIRUZ,,0,"Kâtip! Dizdar Firuz Ağa benim. Kural basit: Karadeniz'den inen de çıkan da yelkeni indirir, kayığımız yanaşır, mal yazılır, hak alınır. İndirmeyene top konuşur.","Clerk! I am Firuz Agha, warden of this fortress. The rule is simple: up from the Black Sea or down, you lower your sail, our boat comes alongside, the cargo is written down, the toll is taken. Whoever won't lower, the gun talks to.",kod
D33O_FZ_02,33,SPK_FIRUZ,,0,"Gülme kâtip. Bak: şu Ceneviz gemisi yelkenini indirdi, akıntıyla bize sürükleniyor. Kayığa bin; güverteye çık, ambarı say, beyanla karşılaştır. Tutmazsa bana gel.","Don't laugh, clerk. Look: that Genoese ship has lowered its sail and is drifting toward us on the current. Get in the boat; climb aboard, count the hold, check it against the declaration. If it doesn't match, come to me.",kod
D33O_FZ_03,33,SPK_FIRUZ,,0,Kürekçiler ritmi senden bekler. Akıntı güçlüdür; kürek bırakırsan seni kayalara götürür.,The rowers will take the rhythm from you. The current is strong; drop the stroke and it'll take you onto the rocks.,kod
D33O_FZ_BIG,33,SPK_FIRUZ,[shouting],0,İndirmiyor. Venedik inadı... Usta! Büyük topa!,He won't lower. Venetian stubbornness... Master! The great gun!,kod
D33O_FZ_BOAT,33,SPK_FIRUZ,,0,Sandalla kıyıya çıkıyorlar. Hepsini tutun! Sultan'ın huzuruna gidecekler.,They're coming ashore in the boat. Take them all! They'll go before the Sultan.,kod
D33O_FZ_DRUM,33,SPK_FIRUZ,[shouting],0,"Kâtip! Davul bitti, gemi bekletilmez! Mühürle, in!","Clerk! The drum's done, a ship isn't kept waiting! Stamp it and come down!",kod
D33O_FZ_LATE,33,SPK_FIRUZ,[shouting],0,"Kayık nerede kaldı? Topçu, boş barut! Uyansınlar!","Where's that boat got to? Gunner, a blank charge! Wake them up!",kod
D33O_FZ_SHIP,33,SPK_FIRUZ,[shouting],0,Kuzeyden bir yelken! Venedik sancağı. Yelkenler dolu... İndirmiyor!,A sail from the north! Venetian colours. Sails full... He's not lowering!,kod
D33O_FZ_WARN,33,SPK_FIRUZ,[shouting],0,"Uyarı atışı! Kâtip, küçük topa! Gemiye değil, burnunun önüne. Görsünler, duysunlar.","Warning shot! Clerk, to the small gun! Not at the ship, in front of its bow. Let them see it and hear it.",kod
D33O_FZ_WARN_HIT,33,SPK_FIRUZ,[shouting],0,"Gemiye değdi! Uyarı dedim, kâtip! Uyarı!","You hit the ship! I said a warning, clerk! A warning!",kod
D33O_FZ_WARN_MISS,33,SPK_FIRUZ,,0,Uzağa düştü. Görmediler bile.,Way off. They didn't even see it.,kod
D33O_FZ_WARN_OK,33,SPK_FIRUZ,,0,Tam önüne! Su burnuna kadar sıçradı. Şimdi indirir.,Right in front! The spray reached the bow. Now he'll lower.,kod
D33O_F_01,33,SPK_FATIH,,0,Bu hisarın adı Boğazkesen. Bu sudan bundan sonra kim geçerse önce bize sorar.,"This fortress is called the Throat-Cutter. From now on, whoever passes on this water asks us first.",kod
D33O_G_01,33,SPK_GENOESE,,0,"Buyurun! Tuzlu balık, kenevir, bal, şarap. Dört kalem, efendim, yazın gitsin.","Welcome aboard! Salt fish, hemp, honey, wine. Four items, sir; write them down and off we go.",kod
D33O_G_BRIBE,33,SPK_GENOESE,,0,"Onlar... Galata'ya. Ticaret, efendim, yalnız ticaret. Şu şarap da sizin için; defterde bir satır eksik olsa kimse fark etmez.","Those... are for Galata. Trade, sir, nothing but trade. And this wine is for you; if the ledger were one line short, nobody would notice.",kod
D33O_G_HASTE,33,SPK_GENOESE,,0,Hızlı bir gümrükçü. Hızlıya hediye yakışır; şu şarap sizin.,A quick customs man. Quickness deserves a gift; this wine is yours.,kod
D33O_G_REFUSE,33,SPK_GENOESE,,0,Dürüst bir gümrükçü. Cenova'da anlatsam inanmazlar.,An honest customs man. Nobody in Genoa will believe me.,kod
D33O_G_ROLL,33,SPK_GENOESE,[shouting],0,"Dalga geliyor, tutunun! Merdivende durun!","A swell's coming, hold on! Stay still on the ladder!",kod
D33O_H_01,33,SPK_HALIL,,0,"Zağanos acele eder. Benim kulem denize bakar. Deniz acele etmez, ama her şeyi sonunda o alır.","Zaganos is always in a hurry. My tower looks at the sea. The sea never hurries, but in the end it takes everything.",kod
D33O_M_01,33,SPK_MASON,,0,Kâtip misin? Kalemi kulağına tak. Akşam ezanına kadar bu kule kapanacak; bana tepede bir göz lazım.,"You're a clerk? Tuck your pen behind your ear. This tower closes before the evening call to prayer, and I need an eye up top.",kod
D33O_M_02,33,SPK_MASON,,0,"Tepede çıkrık var; taşları o kaldırır. Sen kılavuz ipini tutarsın. Taş sallanmadan 'indir' dersin. Sallanırken dersen duvar kırılır, taş da.","There's a crane up top; it lifts the stones. You hold the guide rope. When the stone stops swinging, you say lower. Say it while it swings and you break the wall, and the stone.",kod
D33O_M_DONE,33,SPK_MASON,,0,Kule kapandı! Halil Paşa'nınkinden önce. Bunu kimseye söyleme; Zağanos Paşa'ya ben söylerim.,The tower is closed! Before Halil Pasha's. Don't tell anyone; I'll tell Zaganos Pasha myself.,kod
D33O_M_DONE_LATE,33,SPK_MASON,,0,Ezan okundu. Son taşları ustalar koydu. Üç kule aynı gün kapandı; Sultan böyle istemişti.,There's the call to prayer. The masters set the last stones. All three towers closed the same day; that's how the Sultan wanted it.,kod
D33O_M_DROP,33,SPK_MASON,[shouting],0,Kıskaç açıldı! Kaçın aşağıda! ...Kimse yok. Yeni taş!,The tongs opened! Clear below! ...Nobody hurt. New stone!,kod
D33O_M_FALL,33,SPK_MASON,,0,Düştün mü? Alt kat tuttu. Yeniden çık; çıkrık bekliyor.,"Fell, did you? The floor below caught you. Up again; the crane is waiting.",kod
D33O_M_NEWLADDER,33,SPK_MASON,[shouting],0,"Merdiven kırıldı! Hasan, Yusuf: yedek merdiveni getirin, dikmelerin önüne dayayın!","The ladder's broken! Hasan, Yusuf: bring the spare, set it against the poles!",kod
D33O_M_STONE_1,33,SPK_MASON,,0,Oturdu. Taş da insan gibidir; yerini bulunca susar.,"It's set. A stone is like a man; once it finds its place, it goes quiet.",kod
D33O_M_STONE_BAD,33,SPK_MASON,,0,"Duvara çarptı! Kaldır, bir daha. Bu duvara yüz yıl sonra da biri bakacak.","It hit the wall! Lift it, again. Someone will still be looking at this wall in a hundred years.",kod
D33O_M_WATER,33,SPK_MASON,,0,"Denize mi düştün? Tut ipi! ...Kâtip yüzmeyi bilmez, bunu da yazın.","Fell in the sea? Grab the rope! ...The clerk can't swim, write that down too.",kod
D33O_N_01,33,SPK_NIHAT,,0,"Tolga Bey, 31 Ağustos 1452. Kuşatmaya yedi ay var. Dosyanın ilk sayfası bir inşaat: Boğaz'ın en dar yerinde bir hisar, bugün bitiyor.","Mr Tolga, 31 August 1452. Seven months until the siege. The file's first page is a building site: a fortress at the narrowest point of the Bosporus, finished today.",kod
D33O_N_END,33,SPK_NIHAT,,0,"Kaydedildi, Tolga Bey. Kaynaklar devamını yazar: Kaptan Rizzo ve tayfası Dimetoka'da Sultan'ın huzuruna çıkarıldı ve öldürüldü. Haber şehre de Venedik'e de ulaştı. Kuşatma bu suyun üstünde başladı.","Recorded, Mr Tolga. The sources tell the rest: Captain Rizzo and his crew were brought before the Sultan at Didymoteicho and put to death. The news reached the city and Venice. The siege began on this water.",kod
D33O_N_PHOTO,33,SPK_NIHAT,,0,Kaydedildi.,Recorded.,kod
D33O_N_TAKE,33,SPK_NIHAT,,0,"Tolga Bey, bir satırı silmek tarihi değiştirmez. Ama Büro o şişeyi kayda geçirir.","Mr Tolga, deleting a line doesn't change history. But the Bureau does record that bottle.",kod
D33O_RZ_01,33,SPK_RIZZO,[shouting],0,Venedik gemisi! Konstantinopolis'e erzak! Kimseye yelken indirmeyiz!,Venetian ship! Provisions for Constantinople! We lower our sails to no one!,kod
D33O_RZ_02,33,SPK_RIZZO,[shouting],0,"Rüzgâr bizim, akıntı bizim! Yelkenler kalsın!","The wind is ours, the current is ours! Keep the sails up!",kod
D33O_R_01,33,SPK_ROWER,,0,"Akıntı güneye çeker, kâtip. Ritmi kaçırırsan bizi Galata'ya kadar götürür.","The current pulls south, clerk. Lose the rhythm and it'll carry us all the way to Galata.",kod
D33O_R_ROCKS,33,SPK_ROWER,[shouting],0,"Kayalar! Akıntıburnu! Sağa çek, kâtip, sağa!","Rocks! The Current Point! Pull right, clerk, right!",kod
D33O_S_ABOVE,33,SPK_SOLDIER,[shouting],0,Aşağıdakiler! Kova gidiyor!,Look out below! Bucket coming down!,kod
D33O_S_LADDER,33,SPK_SOLDIER,[shouting],0,"Merdiven gitti! Kâtip, dikmelere tutun, iskeleden tırman!","The ladder's gone! Clerk, grab the poles, climb the scaffold!",ad
D33O_S_LADDER_B,33,SPK_SOLDIER,[shouting],0,"Merdiven gitti! Adam düştü, tutun onu!","The ladder's gone! A man fell, grab him!",kod
D33O_T_01,33,SPK_TOLGA,,0,"Kuşatmanın dosyası inşaat ruhsatıyla mı açılıyor? Bizde de öyledir; önce bina, sonra hasar.","The siege file opens with a building permit? Same in our line of work: first the building, then the damage.",kod
D33O_T_02,33,SPK_TOLGA,,0,"Usta, ben gümrük için geldim. ...Gümrük Kasım'da. Tamam. Tepeye çıkıyorum.","Master, I'm here for the customs. ...Customs starts in November. Fine. I'm going up.",kod
D33O_T_03,33,SPK_TOLGA,,0,"İki vezir, iki kule, bir yarış. Bizde buna bütçe dönemi denir.","Two viziers, two towers, one race. Where I work we call that budget season.",ad
D33O_T_04,33,SPK_TOLGA,,0,"Boğaz'ın en dar yeri. Karşıda öbür hisar. Ortadan geçen her gemi iki kalenin arasından geçecek. Gümrük kapısı, ama toplu.","The narrowest point of the Bosporus. The other fortress across the water. Every ship will pass between two castles. A toll gate, with guns.",kod
D33O_T_05,33,SPK_TOLGA,,0,"Yelken indir, beyan et, prim öde. Ağam, siz sigortacılığı icat etmişsiniz.","Lower your sail, declare, pay the premium. Agha, you've invented insurance.",kod
D33O_T_06,33,SPK_TOLGA,,0,Gümrük denetimi. Hikmet Amca'nın vergi dairesinden kaçtığım günler burnumda tütüyor.,A customs inspection. Makes me nostalgic for the days I ran from Uncle Hikmet's tax office.,kod
D33O_T_BOAT,33,SPK_TOLGA,,0,Suda boğulan yok. Bunun iyi bir şey olması lazım. Neden öyle gelmiyor?,No one drowned. That ought to be a good thing. Why doesn't it feel like one?,kod
D33O_T_CLIMB,33,SPK_TOLGA,,0,Serbest tırmanış. Sertifikam yok. Sigortam da yok. Tırmanıyorum.,Free climbing. No certificate. No insurance either. Climbing.,ad
D33O_T_END,33,SPK_TOLGA,,0,"Gümrük defterine ne yazayım? Venedik gemisi, yük: erzak. Beyan: yok. Hasar: tam.","What do I write in the toll ledger? Venetian ship, cargo: provisions. Declaration: none. Damage: total.",kod
D33O_T_FIFTH,33,SPK_TOLGA,,0,Bu balya hafif. Altında bir sandık. İçinde arbalet okları. Beyanda yok.,This bale is light. There's a crate underneath. Crossbow bolts inside. Not on the declaration.,kod
D33O_T_LADDER2,33,SPK_TOLGA,,0,"Yedek merdiven. Sertifikam yok, sigortam da yok; ama en azından basamak var.","A spare ladder. No certificate, no insurance; but at least there are rungs.",kod
D33O_T_PLANK,33,SPK_TOLGA,,0,Kalas çatırdıyor. Ben durmazsam o da durmaz.,"The plank is cracking. If I don't stop, neither will it.",kod
D33O_T_REFUSE,33,SPK_TOLGA,,0,"Beyan eksiksiz. Hediye beyanda yok, bende de yok.","The declaration is complete. There's no gift on it, and none on me.",kod
D33O_T_SINK,33,SPK_TOLGA,,0,"Direk yatıyor, arkada kule. Bu kareyi istemezdim ama çekiyorum.","The mast is going over, the tower behind it. I didn't want this shot, but I'm taking it.",kod
D33O_T_SLIP,33,SPK_TOLGA,,0,"Elim kaydı, kayığa düştüm. Kürekçiler gülüyor. Yeniden.","My hand slipped, I fell into the boat. The rowers are laughing. Again.",kod
D33O_T_STONE,33,SPK_TOLGA,,0,"Beş yüz yılı geçer, usta. Biletle gezecekler.","More than five hundred, master. They'll buy tickets to walk round it.",kod
D33O_T_TAKE,33,SPK_TOLGA,,0,"Bir satır eksik, bir şişe fazla. Bizim sektörde buna tolerans denir.","One line short, one bottle extra. In my line of work we call that tolerance.",kod
D33O_T_URBAN,33,SPK_TOLGA,,0,"Usta Urban. ...Daha tanışmadık, değil mi? Tanışmadık. Tokmak bende.","Master Urban. ...We haven't met yet, have we? We haven't. I've got the rammer.",kod
D33O_T_WARN,33,SPK_TOLGA,,0,Burnunun önüne. Bir hasar tespit uzmanından ilk kez kaza çıkarması isteniyor.,In front of the bow. For the first time someone's asking a claims assessor to cause an accident.,kod
D33O_T_WATER,33,SPK_TOLGA,,0,Kasım'da Boğaz. Haliç'ten de soğuk. Bunu not ediyorum.,The Bosporus in November. Colder than the Golden Horn. I'm making a note.,ad
D33O_T_WIND,33,SPK_TOLGA,,0,"Rüzgâr! Taş sallanıyor, ben sallanıyorum. Birimiz durmalı.",Wind! The stone's swinging and so am I. One of us has to stop.,kod
D33O_U_01,33,SPK_URBAN,,0,"Sen, kâtip! Tokmağı al. Gülle ağır, top sabırsız. Geminin durduğu yere değil, gideceği yere bak.","You, clerk! Take the rammer. The ball is heavy, the gun impatient. Don't look where the ship is; look where it's going.",kod
D33O_U_BACK,33,SPK_URBAN,[shouting],0,"Arkadan çekil! Tunç geri teper, kemik geri tepmez!",Get clear behind! Bronze recoils; bones don't!,kod
D33O_U_END_BAD,33,SPK_URBAN,,0,"Gemiye ikinci top yetişti. Olsun. Sultan daha büyüğünü isteyecek; bir gülle yetsin diye. Kışın Edirne'ye gel, kâtip.","The second gun caught the ship. Never mind. The Sultan will want a bigger one, so that one ball is enough. Come to Edirne in the winter, clerk.",kod
D33O_U_END_OK,33,SPK_URBAN,,0,"Bu top iyi konuştu, kâtip, sen de iyi dinledin. Sultan daha büyüğünü isteyecek. Kışın Edirne'ye gel; orada sana iş var.","This gun spoke well, clerk, and you listened well. The Sultan will want a bigger one. Come to Edirne in the winter; there's work for you there.",kod
D33O_U_HIT,33,SPK_URBAN,[shouting],0,Bordada! Tek gülle! Gemi su alıyor!,In the hull! One ball! She's taking water!,kod
D33O_U_MISS,33,SPK_URBAN,[shouting],0,"Kıçının arkasına! Akıntı hızlı. Yan top, ateş!","Behind her stern! The current is fast. Next gun, fire!",kod
D33O_U_SECOND,33,SPK_URBAN,,0,İşte! İkinci tunç konuştu. Gemi yatıyor.,There! The second bronze has spoken. She's heeling over.,kod
D33O_Z_01,33,SPK_ZAGANOS,,0,"Usta! Halil Paşa'nın kulesi bizden iki sıra önde. Bu tepe ondan geri kalırsa sen de duyarsın, ben de.","Master! Halil Pasha's tower is two courses ahead of us. If this hill falls behind his, you'll hear about it, and so will I.",kod
D34O_F_01,34,SPK_FATIH,,0,"Usta Urban. Bunun gibisini Bizans'a da sunmuştun, değil mi?","Master Urban. You offered something like this to Byzantium as well, didn't you?",kod
D34O_F_02,34,SPK_FATIH,,0,Bana surları yıkacak bir top demiştin.,You promised me a gun that would bring down walls.,kod
D34O_F_03,34,SPK_FATIH,,0,"Bunu İstanbul'a götür, usta. Yol uzun, kış uzun.","Take it to Istanbul, master. The road is long, and so is the winter.",kod
D34O_HR_01,34,SPK_HERALD,[excited],0,"Duyduk duymadık demeyin! Sultan'ın topu bugün konuşacak! Gürültüden korkmayın, ipin önüne geçmeyin!","Hear ye, and say not you did not hear! The Sultan's gun speaks today! Be not afraid of the noise, and do not cross the rope!",kod
D34O_HR_02,34,SPK_HERALD,[shouting],0,"Gebe olan, hasta olan, yaşlı olan içeri girsin! Gök gürlemesi değildir, toptur!","Let those with child, the sick and the old stay indoors! It is not thunder, it is the gun!",kod
D34O_M_01,34,SPK_MASON,,0,"Gülleler geliyor, kâtip! Çemberden geçen top için, geçmeyen geri. Çatlağa da bak. Durdurup bekletme; gülle beklemez, yuvarlanır.","Balls coming, clerk! Whatever passes the ring goes to the gun, whatever doesn't goes back. Watch for cracks too. Don't keep them waiting; a ball doesn't wait, it rolls.",kod
D34O_M_BIG,34,SPK_MASON,,0,Çembere takıldı. Büyük. Namluda sıkışır.,It catches on the ring. Too big. It'd jam in the barrel.,kod
D34O_M_CRACK,34,SPK_MASON,,0,Çatlak. Kılcal ama çatlak. İyi gördün.,"Cracked. Hairline, but cracked. Good eye.",kod
D34O_M_DONE,34,SPK_MASON,,0,"Sekiz gülle, sekiz karar. Kâtiplerin en işe yarayanı sen çıktın.","Eight balls, eight calls. You're the most useful clerk I've ever met.",kod
D34O_M_GOOD,34,SPK_MASON,,0,Temiz. Arabaya.,Clean. Onto the cart.,kod
D34O_M_RUN,34,SPK_MASON,[shouting],0,"Kaçtı! Gülle kaçtı! Ateşe gidiyor! Takozu at, kâtip!","It's loose! The ball's loose! It's heading for the fire! Throw the chock, clerk!",kod
D34O_M_STOP,34,SPK_MASON,,0,Durdu! Takoz tuttu. Ateştekiler sana bir kâse çorba borçlu.,It's stopped! The chock held. The men at the fire owe you a bowl of soup.,kod
D34O_M_WRONG,34,SPK_MASON,,0,Onu kabul ettin ha? Usta görmesin.,You passed that one? Don't let the master see.,kod
D34O_N_01,34,SPK_NIHAT,,0,"Tolga Bey, Ocak 1453, Edirne. Tunca'nın kıyısı karla kaplı. Urban'ın büyük topu üç ayda döküldü; bugün kalıbından çıkıyor, ikindi vakti Sultan'ın önünde konuşacak.","Mr Tolga, January 1453, Edirne. The banks of the Tundzha are under snow. Urban's great gun took three months to cast; today it comes out of its mould, and by mid-afternoon it speaks before the Sultan.",kod
D34O_N_END,34,SPK_NIHAT,,0,"Kaydedildi. Doukas sesin on mil öteden duyulduğunu, güllenin bir mil öteye düşüp toprağa bir kulaç gömüldüğünü yazar. Rakamlar Doukas'ın. Kulak çınlamanız sizin.",Recorded. Doukas writes that the sound was heard ten miles away and the ball fell a mile off and sank a fathom into the ground. The numbers are Doukas's. The ringing in your ears is yours.,kod
D34O_S_CRANK,34,SPK_SOLDIER,[shouting],0,"Benimle çevir, kâtip! Öne geçme, geri kalma!","Turn with me, clerk! Don't get ahead, don't fall behind!",kod
D34O_TW_01,34,SPK_TOWNSMAN,,0,Ben Murad Han'ın toplarını da gördüm. Hiçbiri bunun yarısı kadar değildi.,I saw Sultan Murad's guns too. None of them was half this size.,kod
D34O_T_01,34,SPK_TOLGA,,0,"Ocak, kar, açık hava, dev bir top. Formda kış lastiği kutucuğu var mı?","January, snow, open air, a giant gun. Is there a box on the form for winter tyres?",kod
D34O_T_02,34,SPK_TOLGA,,0,Kalıbı kırarak teslim almak. Bizim sektörde hasarlı mal teslim alınmaz; burada hasarsız alınamıyor.,Taking delivery by breaking the packaging. In my line of work you never accept damaged goods; here you can't get them undamaged.,kod
D34O_T_03,34,SPK_TOLGA,,0,Kalite kontrol. Sonunda kendi işimi yapıyorum.,"Quality control. At last, my actual job.",kod
D34O_T_CROWD_OK,34,SPK_TOLGA,,0,Herkes ipin arkasında. Sahada şimdi tek risk benim.,Everyone's behind the rope. The only risk left on the field is me.,kod
D34O_T_HANG,34,SPK_TOLGA,,0,Bizim sektörde buna gizli hasar denir. Beklemeyi biliyorum. Bekliyorum.,In my line of work we call this latent damage. I know how to wait. I'm waiting.,kod
D34O_T_ICE,34,SPK_TOLGA,,0,Buz! Buz da kötü anılarım arasına giriyor.,Ice! Ice is joining my bad memories too.,kod
D34O_T_KIDS,34,SPK_TOLGA,[shouting],0,Çocuklar! Kızakla ipin önüne değil! Benim kızaklarla ilgili kötü anılarım var.,Children! Not in front of the rope with that sled! I have bad memories involving sleds.,kod
D34O_T_PHOTO,34,SPK_TOLGA,,0,"Duman, at, Sultan. Kar bile bir an yağmayı unuttu.","Smoke, horse, Sultan. Even the snow forgot to fall for a moment.",kod
D34O_T_REVEAL,34,SPK_TOLGA,,0,Namluya eğilip seslendim. Yankı geri gelmedi. Belki hâlâ gidiyordur.,I leaned into the barrel and called out. The echo didn't come back. Maybe it's still going.,kod
D34O_T_RUN,34,SPK_TOLGA,,0,"Yarım ton taş, buzlu yokuş, bir sigortacı. Hangisi önce durur, göreceğiz.","Half a tonne of stone, an icy slope, one insurance man. We'll see which stops first.",kod
D34O_T_SULTAN,34,SPK_TOLGA,,0,Üç ay sonra otağında karşısında duracağım. O bunu bilmiyor. Ben de tam bilmiyorum aslında.,"In three months I'll stand before him in his tent. He doesn't know that. To be honest, neither do I, quite.",ad
D34O_T_SULTAN_ALT,34,SPK_TOLGA,,0,Yirmi yaşında. Atın üstünde dimdik. Bu topu dünyada ilk dinleyecek kişi o.,Twenty years old. Straight as a spear on his horse. He'll be the first person in the world to hear this gun.,ad
D34O_T_W1,34,SPK_TOLGA,,0,"Bugün sadece karşıdaki tepeyi, teyze. İpin arkasına, lütfen.","Today only the hill over there, auntie. Behind the rope, please.",kod
D34O_U_01,34,SPK_URBAN,,0,Kâtip! Boğaz'dan sağ geldin. Bak: toprağın altında benim en büyük çocuğum. Kil gömleğini bugün çıkaracağız.,Clerk! You made it from the Bosporus. Look: under this earth lies my biggest child. Today we take off its coat of clay.,kod
D34O_U_01_ALT,34,SPK_URBAN,,0,"Kâtip! Boğaz'daki gemiyi ikinci top batırmıştı, hatırlıyor musun? Bu çocuk için ikinci top olmayacak. Kil gömleğini çıkarıyoruz.","Clerk! At the Bosporus it took a second gun to sink that ship, remember? For this child there will be no second gun. We take off its coat of clay.",kod
D34O_U_02,34,SPK_URBAN,,0,"Önce kili kır, yumuşak vur; tunca vurursan tunç sana küser. Sonra çukurdan kaldıracağız: iki çıkrık, iki adam, bir top. Biri öne geçerse top yan yatar, zincir kayar.","First break the clay, strike soft; hit the bronze and the bronze will hold it against you. Then we lift it out: two windlasses, two men, one gun. If one of you gets ahead, the gun tilts and the chain slips.",kod
D34O_U_BLAST,34,SPK_URBAN,,0,"Kâtip! Sağır mı oldun, yanık mı? ...İkisi de biraz. Kalk.",Clerk! Deaf or burnt? ...A bit of both. Get up.,kod
D34O_U_END,34,SPK_URBAN,,0,"Şimdi en zor iş: bu çocuk Edirne'den İstanbul'a yürüyecek. Kâtip, gün say, yol yaz. İki ay sürer.","Now the hardest part: this child has to walk from Edirne to Istanbul. Clerk, count the days, write down the road. It'll take two months.",kod
D34O_U_END_NICK,34,SPK_URBAN,,0,"Üç çentik. Topun yüzünde senin imzan var, kâtip. Şimdi bu çocuk İstanbul'a yürüyecek; sen de yanında.","Three nicks. Your signature is on this gun's face, clerk. Now this child walks to Istanbul, and you walk beside it.",kod
D34O_U_F1,34,SPK_URBAN,,0,"Sundum, Sultanım. Ücretimi veremediler, tuncumu alamadılar. Siz istediğimden fazlasını verdiniz.","I did, my Sultan. They couldn't pay my wages or buy my bronze. You gave me more than I asked.",kod
D34O_U_F2,34,SPK_URBAN,,0,"Babil'in surlarını bile, Sultanım. Bugün o tepeyi göreceksiniz, baharda surları.","Even the walls of Babylon, my Sultan. Today you'll see that hill; in the spring, the walls.",kod
D34O_U_HANG,34,SPK_URBAN,[shouting],0,Ateş almadı! Yaklaşma! İçeride için için yanıyor olabilir. Duman bitene kadar bekle.,It didn't fire! Stay back! It may be smouldering inside. Wait until the smoke stops.,kod
D34O_U_HIT,34,SPK_URBAN,[shouting],0,Direğin dibine! Toprağa gömüldü! Kulaç kulaç gömüldü!,At the foot of the post! It buried itself! Fathoms deep!,kod
D34O_U_HIT_BAD,34,SPK_URBAN,[shouting],0,Ah! Tunca değdin! Bir çentik. Topun da insanın da çentiği kalır.,Ah! You hit the bronze! A nick. Guns and men both keep their nicks.,kod
D34O_U_HIT_OK,34,SPK_URBAN,,0,"İyi. Kil dökülüyor, tunç parlıyor.","Good. The clay falls away, the bronze shines.",kod
D34O_U_JAM,34,SPK_URBAN,[shouting],0,"Sıkıştı! Bu gülleyi kim geçirdi? ...Ben söylemeyeyim, sen bil. Tokmağa yüklen!",It's jammed! Who passed this ball? ...I won't say; you know. Lean on that rammer!,kod
D34O_U_LATE,34,SPK_URBAN,[shouting],0,"Kalabalık hâlâ önde! Muhafızlar, çekin şunları! Top bekler, Sultan beklemez.","The crowd's still in front! Guards, move them back! The gun can wait, the Sultan won't.",kod
D34O_U_LIFTED,34,SPK_URBAN,[hesitant],0,Havada! Şimdi kızağa... yavaş... yerinde. Sultan buna Şahi diyecek. Ben çocuğum diyorum.,It's up! Now onto the sled... slowly... in place. The Sultan will call it the Shahi. I call it my child.,kod
D34O_U_PAWL,34,SPK_URBAN,[shouting],0,"Mandal! Mandalı indir, yoksa tambur geri boşalır!",The pawl! Drop the pawl or the drum runs back!,kod
D34O_U_PRIME,34,SPK_URBAN,[shouting],0,"Duman bitti. Falyaya taze barut, sonra ipin arkasına koş! Ben yakıyorum!","The smoke's stopped. Fresh powder in the touch-hole, then run behind the rope! I'm lighting it!",kod
D34O_U_SHORT,34,SPK_URBAN,,0,"Kısa düştü, kara gömüldü. Olsun. Ses yeter; bütün Edirne duydu.","Short, it buried itself in the snow. Never mind. The sound is enough; all Edirne heard it.",kod
D34O_U_SLIP,34,SPK_URBAN,[shouting],0,"Kaydı! Herkes geri! ...Kimseye bir şey olmadı. Baştan, yavaş.","It slipped! Everyone back! ...No one's hurt. From the top, slowly.",kod
D34O_U_SPARK,34,SPK_URBAN,[shouting],0,Geri! Kıvılcım! Sana bekle dedim!,Back! Sparks! I told you to wait!,kod
D34O_U_TILT,34,SPK_URBAN,[shouting],0,Yan yatıyor! Yavaş! Zincir kayacak!,It's tilting! Slowly! The chain's going to slip!,kod
D34O_W_01,34,SPK_WOMAN,,0,"Kâtip efendi, bu top Edirne'yi mi vuracak, İstanbul'u mu?","Master clerk, is this gun going to hit Edirne, or Istanbul?",kod
D34O_W_02,34,SPK_WOMAN,,0,Tepe ne yaptı ki?,And what did the hill ever do?,kod
D35O_DR_01,35,SPK_DROVER,[shouting],0,"Çekil kâtip, öküzler geliyor! Hooo, Sarıkız, yavaş! Köprü bu, ahır değil!","Out of the way, clerk, the oxen are coming! Whoa, Sarıkız, easy! It's a bridge, not a barn!",kod
D35O_DR_03,35,SPK_DROVER,,0,"Adını bilmediğin hayvan senin için durmaz, kâtip. Altmışının da adını bilirim.","An animal won't stop for you if you don't know its name, clerk. I know all sixty.",kod
D35O_DR_GOT,35,SPK_DROVER,[shouting],0,"Tuttun! Adını söyle, adını! Adını duyunca durur.","You've got her! Say her name, her name! She stops when she hears it.",kod
D35O_DR_SPOOK,35,SPK_DROVER,[shouting],0,"Kurt! Sarıkız ipi kopardı, Karabaş da, Benekli de! Kâtip, ipin ucunu yakala; çekme, tut!","Wolves! Sarıkız has broken her rope, and Karabaş, and Benekli! Clerk, grab the end of the rope; don't pull, hold!",kod
D35O_D_01,35,SPK_DULGER,,0,"Yol kâtibi! Dere taştı, köprü yarım. Kalasları biz iteriz; sen kirişte durup her birini iki bağla bağlarsın. Yukarıdan kütük gelirse sırıkla it. Çanlar yaklaşmadan bitmeli.","Road clerk! The stream's flooded, the bridge is half done. We push the planks out; you stand on the beam and lash each one twice. If a log comes down, push it off with the pole. It has to be done before the bells get here.",kod
D35O_D_BREAK,35,SPK_DULGER,[shouting],0,"Kalas döndü! Teker dereye! Herkes ipe! Kâtip, senin bağın mıydı o?","The plank turned! Wheel in the stream! Everyone on the ropes! Clerk, was that one of your lashings?",kod
D35O_D_CREAK,35,SPK_DULGER,,0,Bir kalas gıcırdadı... Teker geçti. Bir daha geçmez ama.,"One plank creaked... The wheel got over. It won't a second time, though.",kod
D35O_D_HITLOG,35,SPK_DULGER,[shouting],0,"Sehpaya çarptı! Son bağ gevşedi, yeniden bağla!","It hit the trestle! The last lashing's loose, tie it again!",kod
D35O_D_LASH_BAD,35,SPK_DULGER,,0,"Gevşek! Bağ kayarsa kalas döner, teker düşer. Dön, bir daha bağla.",Loose! If the lashing slips the plank turns and the wheel goes through. Go back and lash it again.,kod
D35O_D_LASH_OK,35,SPK_DULGER,,0,Sıkı. Bunun üstünden tunç geçer.,Tight. Bronze can cross that.,kod
D35O_D_LOG,35,SPK_DULGER,[shouting],0,Kütük geliyor! Sırık!,Log coming! The pole!,kod
D35O_K_01,35,SPK_KARACA,,0,"Usta Urban! Silivri kapılarını kapadı, Epibatos da. Biz yolu açık tutuyoruz, sen topu yürüt.","Master Urban! Selymbria has shut its gates, and Epibatos too. We keep the road open; you keep the gun moving.",kod
D35O_K_02,35,SPK_KARACA,,0,"Yokuş Allah'ın, düz yol bizim. Yokuşu sen halledeceksin.","The hill is God's, the flat road is ours. The hill is your problem.",kod
D35O_N_01,35,SPK_NIHAT,,0,"Tolga Bey, Mart başı 1453, Trakya. Top bir aydır yolda. Önünde elli dülger ve iki yüz işçi köprü kurup yol düzeltiyor, yanında iki yüz adam yürüyor, önünde altmış öküz.","Mr Tolga, early March 1453, Thrace. The gun has been on the road for a month. Ahead of it fifty carpenters and two hundred labourers build bridges and level the road; two hundred men walk beside it; sixty oxen pull in front.",kod
D35O_N_END,35,SPK_NIHAT,,0,"Kaydedildi. Kaynaklara göre top iki ayda surların beş mil yakınına vardı. Sultan 23 Mart'ta Edirne'den çıkacak, 5 Nisan'da ordu surların önünde olacak. Sıradaki kayıt: siper ve kazık.","Recorded. According to the sources the gun reached five miles from the walls in two months. The Sultan leaves Edirne on 23 March, and on 5 April the army will be before the walls. Next entry: rampart and stakes.",kod
D35O_T_01,35,SPK_TOLGA,,0,Bir top için beş yüz kişilik konvoy. Bizim şirket servis aracı için bu kadar uğraşmazdı.,A five-hundred-man convoy for one gun. My company wouldn't go to this much trouble for the staff minibus.,kod
D35O_T_BRIDGE,35,SPK_TOLGA,,0,"Altı kalas, bir dere. Hayatımın ilk köprüsü. İçimden bir ses son olmayacak diyor.","Six planks, one stream. The first bridge of my life. Something tells me it won't be the last.",kod
D35O_T_CALM,35,SPK_TOLGA,,0,"Sarıkız. Sarıkız, dur. Bak, ben de korkuyorum.","Sarıkız. Sarıkız, stop. Look, I'm scared too.",kod
D35O_T_DAY,35,SPK_TOLGA,,0,"Yazdım. Altına bir not ekledim: usta yorgun, top değil.","Written. I added a note underneath: master tired, gun not.",kod
D35O_T_END,35,SPK_TOLGA,,0,Bu kadar emek bir duvarı yıkmak için. Bizim şirkette buna yatırım derdik.,All this effort to knock down one wall. At my company we'd call this an investment.,kod
D35O_T_LOG,35,SPK_TOLGA,,0,Sırıkla kütük itmek. Bunu hiçbir işe alım sınavında sormadılar.,Fending off logs with a pole. No job interview ever asked me about this.,kod
D35O_T_MUD,35,SPK_TOLGA,,0,"Mart, Trakya, çamur. Hiçbir belgesel bu kısmı çekmiyor.","March, Thrace, mud. No documentary ever films this part.",kod
D35O_T_MUDFALL,35,SPK_TOLGA,,0,Yüzüstü çamurdayım. Öküz ayakta. Durum tespiti: öküz kazandı.,I'm face down in the mud. The ox is standing. Assessment: the ox won.,kod
D35O_T_PHOTO,35,SPK_TOLGA,,0,"Meşale ışığında top. Kızağın üstünde, öküzlerin arasında. Bu kare sigortaya gitmez, müzeye gider.",The gun by torchlight. On its sled among the oxen. This shot doesn't go to an insurer; it goes to a museum.,kod
D35O_T_SLOPE,35,SPK_TOLGA,,0,Yani tam ortası. Hayatım boyunca benden hep tam ortasını istediler.,"So, right in the middle. All my life people have asked me for right in the middle.",kod
D35O_T_SNAP,35,SPK_TOLGA,,0,Halat başımın üstünden geçti. Saçımın bir kısmını da götürdü galiba.,The rope went right over my head. I think it took some of my hair with it.,kod
D35O_T_SWEPT,35,SPK_TOLGA,,0,Dere beni aldı. İpe tutundum. Dere beni bıraktı. Sırayla.,The stream took me. I grabbed the rope. The stream let me go. In that order.,kod
D35O_U_01,35,SPK_URBAN,[excited],0,"Öndeki araba çamura oturdu, batıyor! Kâtip, demetleri tekerin önüne! Sonra hep birlikte: hey-yap!","The lead wagon's stuck in the mud, and it's sinking! Clerk, bundles in front of the wheel! Then all together: heave!",kod
D35O_U_DAY,35,SPK_URBAN,,0,"Kâtip, defterine yaz: yolda kırk birinci gün. Köprü sayısı belli değil, çamur sonsuz.","Clerk, put it in your ledger: day forty-one on the road. Number of bridges unknown, mud infinite.",kod
D35O_U_END_BAD,35,SPK_URBAN,,0,Bir gün kaybettik ama topu kaybetmedik. Nisan başında yine surların önündeyiz.,We lost a day but we didn't lose the gun. We'll still be before the walls in early April.,kod
D35O_U_END_OK,35,SPK_URBAN,,0,Nisan başında surların önündeyiz. Sultan gelmeden topun yatağı hazır olacak.,By early April we're before the walls. The gun's bed will be ready before the Sultan arrives.,kod
D35O_U_FREE,35,SPK_URBAN,[shouting],0,"Çıktı! Yürüyor! Altmış öküz, iki yüz adam ve bir kâtip!","It's out! It's moving! Sixty oxen, two hundred men and one clerk!",kod
D35O_U_HEAVE,35,SPK_URBAN,[shouting],0,"Hey-yap! Bir daha! Bu tunç sizi bekler, siz onu bekletmeyin!",Heave! Again! This bronze waits for you; don't you keep it waiting!,kod
D35O_U_K1,35,SPK_URBAN,,0,"Yol açık olsun, Karaca Bey, ben yürütürüm. Şu yokuşu da siz düzeltseydiniz keşke.","Keep the road open, Karaja Bey, and I'll keep it moving. I only wish you'd levelled that hill as well.",kod
D35O_U_POST,35,SPK_URBAN,[shouting],0,"İkinci kazık! İpi aktar, çabuk!","The second post! Move the rope, quick!",kod
D35O_U_ROPE,35,SPK_URBAN,[shouting],0,Halat gerildi! Bir daha zamansız çekerseniz kopar!,The rope's at its limit! Pull out of time once more and it snaps!,kod
D35O_U_RUN,35,SPK_URBAN,[shouting],0,Kaçıyor! Sık! Sık!,She's running! Tighten! Tighten!,kod
D35O_U_SLIDE,35,SPK_URBAN,,0,Kaydı... yan hendeğe. Sabaha kadar çıkarırız. Bir gün kaybettik.,She slid... into the side ditch. We'll have her out by morning. We've lost a day.,kod
D35O_U_SLIP,35,SPK_URBAN,[shouting],0,Geri kaydı! Demetsiz çekilmez!,It slid back! Don't pull without the bundles!,kod
D35O_U_SLOPE,35,SPK_URBAN,,0,"Yokuş! Kâtip, fren ipi sende, kazığa sarılı. Çok gevşetirsen araba öküzleri ezer, çok sıkarsan ip kopar.","The descent! Clerk, the brake rope is yours, it's wrapped round the post. Slacken too much and the wagon runs over the oxen; pull too hard and the rope snaps.",kod
D35O_U_SLOPE_OK,35,SPK_URBAN,,0,"Aşağıda! Tek kayma yok. Kâtip, bunu Sultan'a ben anlatacağım, sen yazacaksın.","At the bottom! Not a single slip. Clerk, I'll tell the Sultan, you'll write it down.",kod
D35O_U_SNAP,35,SPK_URBAN,[shouting],0,HALAT! Yana!,ROPE! Aside!,kod
D35O_U_TIGHT,35,SPK_URBAN,[shouting],0,Fazla sıktın! Öküzler böğürüyor! Biraz sal!,Too tight! The oxen are bellowing! Let it out a little!,kod
D37O_AB_01,37,SPK_AZAPBASI,,0,"Urban'ın kâtibi sen misin? İyi. Ben Turgut, bu bölüğün başıyım. Al şu zili. Mehter çalarken sen de çal; ses ne kadar büyükse surdaki o kadar küçülür.","You're Urban's clerk? Good. I'm Turgut, captain of this company. Take this cymbal. When the band plays, you play too; the bigger the noise, the smaller the man on the wall.",kod
D37O_AB_02,37,SPK_AZAPBASI,,0,"Davul vurdukça bir adım. Ritmi kaçırma; bölük ritimle yürür, ritmi kaybeden bölük dağılır.","One step for every drumbeat. Don't lose the rhythm; a company marches on rhythm, and a company that loses it scatters.",kod
D37O_AB_03,37,SPK_AZAPBASI,,0,Hendek! Kalası indir. Öbür ucu tutacak biri lazım; en hafifimiz sensin.,The moat! Lower the plank. Someone has to hold the far end; you're the lightest of us.,kod
D37O_AB_04,37,SPK_AZAPBASI,,0,"Barikat! Kancayı fıçının çemberine geçir, sonra hep birlikte çek. Bir fıçı giderse arkasındaki kalas da gider.","The stockade! Get the hook round a barrel's hoop, then all pull together. When a barrel goes, the plank behind it goes too.",kod
D37O_AB_05,37,SPK_AZAPBASI,,0,"Dört saat... Kâtip, şurada adamım yatıyor. Kalkanına yatırdık; ipinden çek. Kimseyi burada bırakmayız.","Four hours... Clerk, one of my men is lying there. We put him on his shield; pull it by the rope. We leave no one here.",kod
D37O_AB_06,37,SPK_AZAPBASI,,0,"Sabaha barikat yine ayakta olur, biliyorum. Ama bu gece onlar da uyumadı.","By morning the stockade will be standing again, I know. But tonight they didn't sleep either.",kod
D37O_AB_BEAT_BAD,37,SPK_AZAPBASI,[shouting],0,"Ritim, kâtip! Ritim!","Rhythm, clerk! Rhythm!",kod
D37O_AB_BEAT_OK,37,SPK_AZAPBASI,[shouting],0,İşte böyle! Duysunlar!,That's it! Let them hear it!,kod
D37O_AB_CUT,37,SPK_AZAPBASI,[shouting],0,İpi kestiler! Yeniden at!,They've cut the rope! Throw again!,kod
D37O_AB_FALL,37,SPK_AZAPBASI,[shouting],0,"Düştü! Kâtip, duvara tutun, yukarı! Hendekte kalan ok yer!","He's down! Clerk, grab the wall, climb! Whoever stays in the moat eats arrows!",kod
D37O_AB_POT,37,SPK_AZAPBASI,[shouting],0,"Çömlek! Ateş! Sağa çek, sağa!","A pot! Fire! Pull right, right!",kod
D37O_AB_PULL_1,37,SPK_AZAPBASI,[shouting],0,Geldi! Bir fıçı!,It's coming! One barrel!,kod
D37O_AB_PULL_3,37,SPK_AZAPBASI,[shouting],0,Üç! Barikatta delik var!,Three! There's a hole in the stockade!,kod
D37O_AB_SALLY,37,SPK_AZAPBASI,[shouting],0,"Delikten çıkıyorlar! Kâtip, şu kılıcı al, yanımdan ayrılma!","They're coming out through the gap! Clerk, take this sword, stay by my side!",kod
D37O_AB_SHIELD,37,SPK_AZAPBASI,[shouting],0,"Kalkan yukarı, zil aşağı! İkisi birden, kâtip!","Shield up, cymbal down! Both at once, clerk!",kod
D37O_AB_SLIP,37,SPK_AZAPBASI,[shouting],0,İp kaydı! Tut onu!,The rope's slipping! Hold on to it!,kod
D37O_AB_STONE,37,SPK_AZAPBASI,[shouting],0,"Taş! Yukarı bak, yana çekil!","Stone! Look up, step aside!",kod
D37O_AZ_01,37,SPK_AZAP,,0,Kâtip... Zilini düşürmüşsün. Ben aldım. Ses kesilirse korkarız.,"Clerk... You dropped your cymbal. I picked it up. If the noise stops, we get scared.",kod
D37O_AZ_02,37,SPK_AZAP,,0,"Düzlük iyi. Annem de hep öyle derdi: düzlüğe çık, gerisi kolay.","Flat ground is good. My mother always said so: get to the flat, the rest is easy.",kod
D37O_G_01,37,SPK_GIUST,[shouting],0,"Tenete! Fıçıların arkasına! Çeksinler, biz yine koyarız!","Tenete! Behind the barrels! Let them pull, we'll put them back!",kod
D37O_G_02,37,SPK_GIUST,[shouting],0,"Bu gece geçemezsiniz! Ne bu gece, ne yarın!","You won't get through tonight! Not tonight, not tomorrow!",kod
D37O_N_01,37,SPK_NIHAT,,0,"Tolga Bey, 18 Nisan. Toplar bir haftadır dövüyor; Mesoteichion'da dış surun bir parçası indi, Rumlar yerine fıçı ve kalastan bir barikat ördü. Sultan bu gece ilk büyük hücumu deniyor. Siz azapların arasındasınız.","Mr Tolga, 18 April. The guns have been pounding for a week; part of the outer wall at the Mesoteichion has come down, and the Greeks have built a stockade of barrels and planks in its place. Tonight the Sultan tries the first great assault. You're among the azaps.",kod
D37O_N_END,37,SPK_NIHAT,,0,"Kaydedildi. 18 Nisan, Osmanlı nüshası. Barbaro bu gece iki yüz Türk'ün öldüğünü, savunuculardan kimsenin ölmediğini yazar. Rakam Venedikli bir kalemden; ama barikatın sabah yine ayakta olduğunu herkes yazar.","Recorded. 18 April, the Ottoman copy. Barbaro writes that two hundred Turks died tonight and not one defender. The figure comes from a Venetian pen; but everyone writes that the stockade stood again in the morning.",kod
D37O_N_PHOTO,37,SPK_NIHAT,,0,"Barikatın üstündeki uzun boylu adam, Tolga Bey: Giustiniani. Bizans nüshasının kahramanı, sizinkinin baş ağrısı. Kayda alın.","The tall man on top of the stockade, Mr Tolga: Giustiniani. The hero of the Byzantine copy, the headache of yours. Record him.",kod
D37O_N_PHOTO_OK,37,SPK_NIHAT,,0,"Kaydedildi. Meşale ışığında, yüzü belli. Bundan sonra onu hep bu barikatta göreceksiniz.","Recorded. Torchlight, face clearly visible. From now on you'll always see him on this stockade.",kod
D37O_S_RETREAT,37,SPK_SOLDIER,[shouting],0,Geri! Borular geri çağırıyor!,Back! The trumpets are calling us back!,kod
D37O_S_VOLLEY,37,SPK_SOLDIER,[shouting],0,Oklar! Kalkanlar yukarı!,Arrows! Shields up!,kod
D37O_T_01,37,SPK_TOLGA,,0,Bir hafta önce o topu kütüklerin üstünde ben çektim. Şimdi açtığı deliğe yakından bakmaya gidiyorum. Sigortada buna ekspertiz denir.,A week ago I hauled that gun on rollers myself. Now I'm going to take a close look at the hole it made. In insurance we call that an appraisal.,kod
D37O_T_02,37,SPK_TOLGA,,0,Zil. Benim müzik eğitimim ilkokulda blok flütle bitmişti.,A cymbal. My musical education ended with the recorder in primary school.,kod
D37O_T_03,37,SPK_TOLGA,,0,Gece yarısı fıçı çekme yarışması. Karşı takım da çok istekli görünüyor.,A midnight barrel-pulling contest. The other team looks very keen as well.,kod
D37O_T_DRAG,37,SPK_TOLGA,,0,"Yavaş, kardeşim. Az kaldı. Kalası geçince düzlük.","Easy, brother. Not far now. Once we're over the plank it's flat ground.",kod
D37O_T_END_BAD,37,SPK_TOLGA,,0,Kancalar tutmadı. Barikat bir çizik bile almadı. Raporuma 'kozmetik hasar bile yok' yazıyorum.,The hooks wouldn't hold. The stockade didn't take a scratch. I'm writing 'not even cosmetic damage' in my report.,kod
D37O_T_END_OK,37,SPK_TOLGA,,0,"Üç fıçı, iki kalas. Sabaha yenileri gelecek. Hasar her gece aynı, onarım her gece biraz daha hızlı.","Three barrels, two planks. By morning there'll be new ones. Same damage every night; the repairs get a little faster every night.",kod
D37O_T_FALL,37,SPK_TOLGA,,0,Hendeğin dibi. Burası da surun bir parçası sayılır mı?,The bottom of the moat. Does this count as part of the wall too?,kod
D37O_T_HIT,37,SPK_TOLGA,,0,Kafam... Fes kask değildir. Bu gece kask oldu.,My head... A fez is not a helmet. Tonight it was one.,kod
D37O_T_MARCH,37,SPK_TOLGA,,0,Ölü bölgeyi zil çalarak geçiyorum. Bunu ofiste kimseye anlatamam.,I'm crossing no man's land playing the cymbals. I can never tell anyone at the office.,kod
D37O_T_PLANK,37,SPK_TOLGA,,0,Köprü dediğin bu kadar: bir tahta ve çok fazla iyimserlik.,That's all a bridge is: one board and far too much optimism.,kod
D37O_T_SALLY_LOST,37,SPK_TOLGA,,0,Yerdeyim. Deliği arkalarından kapattılar. Bu gecelik fıçı yarışması bitti.,I'm on the ground. They've closed the gap behind them. That's the end of tonight's barrel contest.,kod
D37O_T_U1,37,SPK_TOLGA,,0,"Yani siz duvarı açıyorsunuz, ben içinden geçip rapor yazıyorum. Bu iş bölümü bana çok tanıdık geliyor, usta.","So you open the wall and I walk through it and write the report. This division of labour feels very familiar, master.",kod
D37O_T_U2,37,SPK_TOLGA,,0,"Bir gedik açmışlar, usta. İçine de bir İtalyan yerleşmiş.","They opened a breach, master. And an Italian has moved into it.",kod
D37O_U_01,37,SPK_URBAN,,0,"Kâtip! Bu gece toplar susuyor, ağızları sıcak. Ben barutun başında kalırım. Sen azaplarla git, gördüğünü yaz. Dönünce anlatırsın: güllelerim ne açmış.","Clerk! Tonight the guns are silent, their mouths are hot. I stay with the powder. You go with the azaps and write down what you see. When you come back, tell me: what have my balls opened up.",kod
D37O_U_02,37,SPK_URBAN,,0,Rapor iyidir. Rapor top dökmez ama ikinci topun parasını getirir.,"Reports are good. A report casts no gun, but it brings in the money for the second one.",kod
D37O_U_03,37,SPK_URBAN,,0,Ee kâtip? Güllelerim ne açmış?,"Well, clerk? What have my balls opened up?",kod
D37O_U_04,37,SPK_URBAN,,0,"Demek daha büyük top lazım. ...Bir haber daha: Baltaoğlu kürekçi istiyor. Sen hafifsin, kadırgaya git.",Then we need a bigger gun. ...One more thing: Baltaoğlu wants oarsmen. You're light; off to the galley with you.,kod
D38O_N_01,38,SPK_NIHAT,,0,"Tolga Bey, takvimi bir kez daha geri sarıyorum: 29 Mayıs, gece bir buçuk. Bu sefer Haliç'tesiniz. Kara surlarındaki kendinize rastlamazsınız; Büro aynı kişiyi aynı gece iki yere koymayı sevmez, ama bazen mecbur kalır.","Mr Tolga, I'm winding the calendar back once more: 29 May, half past one at night. This time you're on the Horn. You won't run into yourself at the land walls; the Bureau doesn't like putting one person in two places on the same night, but sometimes it has to.",kod
D38O_N_02,38,SPK_NIHAT,,0,"Aziz Romanos kapısı yöresi, Tolga Bey. Kara surlarında sancaklar. Sizin öbür kaydınız saatlerdir oradaydı.","The St Romanus gate, Mr Tolga. Banners on the land walls. Your other record has been there for hours.",kod
D38O_N_AYA,38,SPK_NIHAT,,0,"Ayasofya güneydoğuda, bir kilometre kadar. Altın işaret yolu gösteriyor. Reis boruyu öttürünce sizi merdivenin başına geri alırım.","Hagia Sophia is to the south-east, about a kilometre. The gold marker shows the way. When the captain blows the horn I'll bring you back to the top of the ladder.",kod
D38O_N_BOOM,38,SPK_NIHAT,,0,"Barbaro'ya göre iki denizci baltayla zincirin bağlarını kesti, gemiler açığa çıktı. Haliç'teki tayfa şehre dağılmıştı; peşlerine düşen olmadı. Siz dışında.",According to Barbaro two sailors cut the boom's fastenings with axes and the ships got out. The crews in the Horn had scattered into the city; no one went after them. Except you.,kod
D38O_N_BRIEF,38,SPK_NIHAT,,0,"Özetliyorum, Tolga Bey: bu gece son hücum. Haliç'teki gemiler deniz surlarına merdiven dayayıp savunanları burada oyalayacak; kara surlarına yardım gitmesin diye. Siz hasar tespitindesiniz: ne yanıyor, ne kırılıyor, kim düşüyor. Ama önce kürek.","To sum up, Mr Tolga: tonight is the final assault. The ships in the Horn will put ladders to the sea walls and keep the defenders busy here, so no help reaches the land walls. You're doing a damage assessment: what burns, what breaks, who falls. But first, the oar.",kod
D38O_N_CRETE,38,SPK_NIHAT,,0,"Bir not daha: Haliç'in ağzındaki üç kulede Giritli denizciler öğleden sonraya kadar teslim olmadı. Sultan cesaretlerine saygı gösterdi, gemileriyle gitmelerine izin verdi.","One more note: in three towers at the mouth of the Horn, Cretan sailors didn't surrender until the afternoon. The Sultan honoured their courage and let them leave with their ships.",kod
D38O_N_END,38,SPK_NIHAT,,0,"Kaydedildi. 29 Mayıs, Haliç, Osmanlı nüshası. Akşam Petrion'a çavuşla giriyorsunuz. Dilinizi yanınızda götürün.","Recorded. 29 May, the Horn, the Ottoman copy. This evening you go into Petrion with the çavuş. Take your languages with you.",kod
D38O_N_PHOTO,38,SPK_NIHAT,,0,"Kaydedin, Tolga Bey: Venedik kadırgaları, Ceneviz gemileri. Barbaro şu an onlardan birinde; günlüğü onunla birlikte gidiyor.","Record it, Mr Tolga: Venetian galleys, Genoese ships. Barbaro is on one of them right now; his diary is leaving with him.",kod
D38O_N_PHOTO_OK,38,SPK_NIHAT,,0,Kaydedildi. Barbaro'nun gemisi dosyada.,Recorded. Barbaro's ship is in the file.,kod
D38O_R_01,38,SPK_PATROL,,0,"Kâtip! Zincirin önündeki göz! Bir kürek boyu kaçırmıştık, hatırladın mı? Bu gece kaçacak bir şey yok: biz gidiyoruz, sur yerinde duruyor.","Clerk! The eyes before the chain! We missed by one oar's length, remember? Tonight nothing's getting away: we're the ones going, and the wall stays put.",kod
D38O_R_01_TOLD,38,SPK_PATROL,,0,"Kâtip! Zincirin önündeki göz! O gece ""sarıklar ters sarılmış"" demiştin; dinlemedim, yirmi gün sonra bir kürek boyu kaçırdık. Bu gece ne görürsen söyle, dinlerim.","Clerk! The eyes before the chain! That night you said ""their turbans are wound wrong""; I didn't listen, and twenty days later we missed by an oar's length. Tonight, whatever you see, tell me. I'll listen.",kod
D38O_R_02,38,SPK_PATROL,,0,"Gemileri tepeden aşırdılar, biz de içindeydik. Kürek başına. Yeşil yerde çek; bu gece su şapırdasın, sur duysun. Duysun ki korksun.",They hauled the ships over the hill and we were in them. To the oar. Pull on the green; tonight let the water slap and the wall hear it. Let it hear and be afraid.,kod
D38O_R_03,38,SPK_PATROL,,0,"Sura yanaştık! Merdiveni kaldırın! Kâtip, ayağını tut; tekne sallanırsa merdiven sallanır, sallanan merdivenden adam düşer.","We're alongside the wall! Raise the ladder! Clerk, hold its foot; if the boat rocks the ladder rocks, and men fall off a rocking ladder.",kod
D38O_R_04,38,SPK_PATROL,,0,"Durun! Gemiyi kim tutacak? ...Gittiler. Kâtip, yaşlı, siz kalın. Halatı babaya sar, akıntı bizi sura vurmasın.","Stop! Who's going to mind the ship? ...They're gone. Clerk, old man, you stay. Wrap the rope round the bollard, don't let the current smash us into the wall.",kod
D38O_R_05,38,SPK_PATROL,,0,"Ne diyor, kâtip? Kelimesi kelimesine.","What's he saying, clerk? Word for word.",kod
D38O_R_06,38,SPK_PATROL,,0,"Teslim olana el kalkmaz; Sultan'ın sözü budur. Ben reisim, paşa değilim; ama sözü yukarı götürürüm. Kâtip, akşam çavuşla mahalleye sen gireceksin. Dili bilen sensin.","No hand is raised against those who surrender; that's the Sultan's word. I'm a captain, not a pasha, but I'll carry the word up. Clerk, this evening you go into the quarter with the çavuş. You're the one with the language.",kod
D38O_R_07,38,SPK_PATROL,,0,"Kürek! Önlerini kesin! ...Kaç kişiyiz? Altı. Altı kürekle kadırga kovalanmaz. Yine de çek, kâtip; görsünler ki biri kaldı.","Oars! Cut them off! ...How many of us are there? Six. You can't chase a galley with six oars. Pull anyway, clerk; let them see someone stayed.",kod
D38O_R_BACK,38,SPK_PATROL,,0,Geri! Burası dayanıyor. Kara tarafından haber gelmeden bu sur düşmez.,Back! This part's holding. This wall won't fall until word comes from the land side.,kod
D38O_R_END,38,SPK_PATROL,,0,"Önce bir kürek boyu kaçırdık, şimdi bir mil. Ama gemi burada, adam burada. Reis dediğin bunu sayar.","First we missed by an oar's length, now by a mile. But the ship's here and the man's here. That's what a captain counts.",kod
D38O_R_HORN,38,SPK_PATROL,[shouting],0,"Kâtip! Boru çaldı! Merdivene, hemen!","Clerk! The horn's gone! To the ladder, now!",kod
D38O_R_LEFT,38,SPK_PATROL,[shouting],0,Sola! Sola kır!,Left! Hard left!,kod
D38O_R_RIGHT,38,SPK_PATROL,[shouting],0,Sağa! Sağa!,Right! Right!,kod
D38O_R_ROW_BAD,38,SPK_PATROL,[shouting],0,Kürekler çarpıştı! Ritim!,The oars clashed! Rhythm!,kod
D38O_R_ROW_OK,38,SPK_PATROL,[shouting],0,Böyle! Öndeki fustaya yetiş!,Like that! Catch the fusta ahead!,kod
D38O_R_SNAP,38,SPK_PATROL,[shouting],0,"Kopardın! Gergin halat çekilmez; kızarınca bırak, gevşeyince sar!","You snapped it! You can't haul a taut rope; let go when it's red, wrap when it slackens!",kod
D38O_R_UP,38,SPK_PATROL,,0,"Sen de çık, kâtip! Mazgalın ağzını gör, gel. Kimse senden sur almanı beklemiyor.","You go up too, clerk! Look over the parapet and come down. Nobody expects you to take a wall.",kod
D38O_S2_02,38,SPK_SAILOR2,[shouting],0,"Bak! Batıda, kulelerin üstünde... Bizim sancak!","Look! To the west, on the towers... Our banner!",kod
D38O_S2_03,38,SPK_SAILOR2,[shouting],0,Reis! Frenk gemileri! Zincire iniyorlar!,Captain! The Frankish ships! They're heading for the chain!,kod
D38O_S2_BUMP_OK,38,SPK_SAILOR2,[shouting],0,"Aferin, bıraktın! Şimdi çek!","Good, you let go! Now pull!",kod
D38O_S2_FALL,38,SPK_SAILOR2,[shouting],0,"Adam suya düştü! Rıhtımla teknenin arasına! Çek onu, ezilmeden!",Man in the water! Between the quay and the hull! Pull him out before he's crushed!,kod
D38O_S2_HOOK,38,SPK_SAILOR2,,0,"Çekil kâtip, kancayla alırım! ...Hah. Kırk yılın kancası.","Out of the way, clerk, I'll get him with the hook! ...There. Forty years' worth of hook.",kod
D38O_S2_HOOKS_AGAIN,38,SPK_SAILOR2,,0,"Kancalar gibi... Neyse, ikisi de yukarıda.","Just like the hooks... Never mind, both of them are up.",kod
D38O_S2_HOOKS_BAD,38,SPK_SAILOR2,,0,"Kâtip, 20 Nisan'da ben de Baltaoğlu'nun kadırgasındaydım. Kancaların tutmadı; ertesi gün Bey'i azlettiler. Merdiven senin. Bu sefer tutsun.","Clerk, on 20 April I was on Baltaoğlu's galley too. Your hooks didn't hold; the next day they dismissed the Bey. The ladder's yours. Make it hold this time.",kod
D38O_S2_HOOKS_EVEN,38,SPK_SAILOR2,,0,"Tuttu. Kancaları unuttum, kâtip.","It held. I've forgotten the hooks, clerk.",kod
D38O_S2_HOOKS_OK,38,SPK_SAILOR2,,0,"Kâtip, 20 Nisan'da ben de Baltaoğlu'nun kadırgasındaydım. O gün kancası tutan tek kürekçi sendin. Merdivenin öbür ayağı benden; iki el bir elden iyidir.","Clerk, on 20 April I was on Baltaoğlu's galley too. You were the only oarsman whose hook held that day. I'll take the ladder's other leg; two hands beat one.",kod
D38O_S2_SLIP,38,SPK_SAILOR2,[shouting],0,"Elin kaydı! Tekne vururken bırak, yoksa ikiniz de ezilirsiniz!","Your hand slipped! Let go when the hull bumps, or you'll both be crushed!",kod
D38O_S2_WRAP,38,SPK_SAILOR2,[shouting],0,Bir tur oldu! Devam!,That's one turn! Keep going!,kod
D38O_S_03,38,SPK_SAILOR,[shouting],0,Surdakiler kaçıyor! Kapı açıldı! Herkes karaya! Şehir bizim!,They're running from the wall! The gate's open! Everyone ashore! The city is ours!,kod
D38O_S_ARROW,38,SPK_SAILOR,[shouting],0,Oklar! Küpeştenin dibine!,Arrows! Down by the rail!,kod
D38O_S_ARROW_OK,38,SPK_SAILOR,[shouting],0,"Oklar kalkana saplandı! Kalk, çek!","The arrows hit the shield! Up, pull!",kod
D38O_S_BRACE_BAD,38,SPK_SAILOR,[shouting],0,"Kaydı! Tut, tut!","It's slipping! Hold it, hold it!",kod
D38O_S_BRACE_OK,38,SPK_SAILOR,[shouting],0,Tuttu! Merdiven yerinde!,It held! The ladder's still up!,kod
D38O_S_CLOSER,38,SPK_SAILOR,[shouting],0,Daha yakına! Alevin dibine at!,Closer! Throw it right on the flames!,kod
D38O_S_DODGE,38,SPK_SAILOR,[shouting],0,Iska! Su sütunu boşa düştü!,Missed! The waterspout fell short!,kod
D38O_S_FORK,38,SPK_SAILOR,[shouting],0,Çatal! Yukarıdan itiyorlar! Bastır!,A fork! They're pushing it off! Brace!,kod
D38O_S_HOLD_DONE,38,SPK_SAILOR,[shouting],0,İkisi de yukarıda! Merdiven tuttu!,Both of them are up! The ladder held!,kod
D38O_S_HOLD_SOSO,38,SPK_SAILOR,,0,Çıktılar... ama az kalsın düşüyorduk. Merdiven bir şekilde tuttu.,They're up... but we nearly fell. Somehow the ladder held.,kod
D38O_S_OIL,38,SPK_SAILOR,[shouting],0,"Kazan! Yana sarkın, yağ geliyor!","The cauldron! Lean aside, here comes the oil!",kod
D38O_S_OIL_OK,38,SPK_SAILOR,[shouting],0,"Yağ yanından aktı! Çık, çık!","The oil ran past you! Up, up!",kod
D38O_S_POT,38,SPK_SAILOR,[shouting],0,"Çömlek! Güverte yanıyor! Kum, kâtip, kum!","A pot! The deck's on fire! Sand, clerk, sand!",kod
D38O_S_SAIL,38,SPK_SAILOR,[shouting],0,Yelken tutuştu! Kova! Kova!,The sail's caught! Buckets! Buckets!,kod
D38O_S_SAVED,38,SPK_SAILOR,,0,Karaya koşarken ayağım kaydı. Allah'ın işi; bana dur dedi galiba.,My foot slipped while I was running ashore. God's doing; I think He was telling me to stop.,kod
D38O_S_SPLASH,38,SPK_SAILOR,[shouting],0,Yakından geçti! Kürek kırıldı!,That was close! An oar's broken!,kod
D38O_S_STONE_OK,38,SPK_SAILOR,[shouting],0,İyi durdun! Taş yanından geçti!,Good stop! The stone went past you!,kod
D38O_TW_01,38,SPK_TOWNSMAN,,0,(Rumca) Biz Petrion'un ihtiyarlarıyız. Mahallemiz direnmeyecek. Kapılarımızı açıyoruz; evlerimize ve kilisemize dokunulmasın.,(In Greek) We are the elders of Petrion. Our quarter will not resist. We are opening our gates; let our houses and our church be spared.,kod
D38O_T_01,38,SPK_TOLGA,,0,Bir saat önce Hasan'a su verdim. Şimdi aynı saatte bir teknedeyim. Mesai çizelgem bunu nasıl gösterecek?,"An hour ago I gave Hasan water. Now, at the same hour, I'm on a boat. How is my timesheet going to show this?",kod
D38O_T_02,38,SPK_TOLGA,,0,"Deniz sallıyor, sur itiyor, ben tutuyorum. Ortada kalan hep ben oluyorum.","The sea rocks it, the wall pushes it, I hold it. I'm always the one stuck in the middle.",kod
D38O_T_03,38,SPK_TOLGA,,0,Hasan...,Hasan...,kod
D38O_T_ARROW_HIT,38,SPK_TOLGA,[shouting],0,Ah! Omzum! Poliçede ok yarası maddesi var mıydı?,Ow! My shoulder! Does the policy have an arrow-wound clause?,kod
D38O_T_AYA,38,SPK_TOLGA,,0,Ayasofya. Kubbenin sigorta değerini sorarsanız: paha biçilemez. Formda öyle bir kutucuk yok.,Hagia Sophia. If you ask me the dome's insured value: priceless. The form has no box for that.,kod
D38O_T_END,38,SPK_TOLGA,,0,"Bugün kovaladığımız hiçbir şeyi yakalamadık. Bir adamı sudan çektim, bir halatı bağladım, bir cümleyi çevirdim. Raporuma üçünü de yazıyorum.","Today we caught nothing we chased. I pulled a man out of the water, tied a rope, translated a sentence. All three go in my report.",kod
D38O_T_OIL_HIT,38,SPK_TOLGA,[shouting],0,Yandım! Kaynar yağ! Bu düpedüz iş kazası!,I'm burnt! Boiling oil! That's an industrial accident!,kod
D38O_T_POT_OK,38,SPK_TOLGA,,0,Söndü. Yangın tüpü olmayan bir dünyada kum kovası en iyi arkadaşım.,"It's out. In a world without fire extinguishers, a sand bucket is my best friend.",kod
D38O_T_PULL,38,SPK_TOLGA,[shouting],0,Tuttum! Elini ver! ...Tamam. Yaşıyor. Islak ama yaşıyor.,"Got you! Give me your hand! ...There. He's alive. Wet, but alive.",kod
D38O_T_R1,38,SPK_TOLGA,,0,Reis! Siz de mi Haliç'in içine geçtiniz?,Captain! You've come inside the Horn too?,kod
D38O_T_STONE_HIT,38,SPK_TOLGA,[shouting],0,Ah! Kafama taş! 1453'te baret yönetmeliği yok tabii.,"Ow! A stone on my head! No hard-hat regulations in 1453, naturally.",kod
D38O_T_STREET,38,SPK_TOLGA,,0,Sokaklar bomboş. Herkes ya surda ya kilisede.,The streets are empty. Everyone's either on the walls or in church.,kod
D38O_T_TOP,38,SPK_TOLGA,,0,Yukarıdayım. Arkamda koca bir şehir uyuyor. İki dakika bakmamın tarihe bir zararı olmaz herhalde.,"I'm up. Behind me a whole city is asleep. Two minutes of looking can't do history any harm, surely.",kod
D38O_T_TR,38,SPK_TOLGA,,0,"Teslim oluyorlar, reis. Mahallenin kapılarını açıyorlar. Evlerine ve kiliselerine dokunulmasın istiyorlar.","They're surrendering, captain. They're opening the quarter's gates. They ask that their houses and their church be spared.",kod
D38O_T_TR_ADD,38,SPK_TOLGA,,0,"Teslim oluyorlar, reis. Kapılarını açıyorlar, evlerine ve kiliselerine dokunulmasın istiyorlar. Bir de... kimseye zarar vermediklerini söylüyorlar.","They're surrendering, captain. They're opening their gates and ask that their houses and church be spared. And... they say they've harmed no one.",kod
D38O_T_UP,38,SPK_TOLGA,,0,Yukarıda kaynar yağ kokusu var. Ve Venedik aksanıyla bağırılan küfürler. İniyorum.,Up there it smells of boiling oil. And of swearing in a Venetian accent. I'm coming down.,kod
D39O_C_01,39,SPK_CAVUS,,0,"Reisin kâtibi sen misin? İki dil biliyormuşsun. Ben Sultan'ın çavuşu Davud. Elimde emir var, dilimde Rumca yok. Sen olacaksın.","You're the captain's clerk? They say you know both tongues. I am Davud, the Sultan's çavuş. I have the order in my hand and no Greek on my tongue. You'll be it.",kod
D39O_C_01_ADD,39,SPK_CAVUS,,0,"Reis, 'kimseye zarar vermediler' dediğini söyledi. Doğru mu, bilmem. Ama söz bir kere söylendi; artık bizim yükümüz.",The captain told me you said 'they have harmed no one'. Whether it's true I don't know. But the word has been spoken; now it's ours to carry.,kod
D39O_C_02,39,SPK_CAVUS,,0,Şu sancaklar Sultan'ın. Listedeki her kapıya bir tane. Çabuk ol; bu mahallenin teslim olduğunu bilmeyen gemiciler sokakta.,These banners are the Sultan's. One on every door on the list. Be quick; there are sailors in the streets who don't know this quarter has surrendered.,kod
D39O_C_03,39,SPK_CAVUS,,0,"Durun! Bu mahalle Sultan'ın emanetidir. Emanete el uzatan, Sultan'a el uzatır.",Stop! This quarter is in the Sultan's trust. Whoever lays a hand on a trust lays a hand on the Sultan.,kod
D39O_C_04,39,SPK_CAVUS,,0,"Kapıya yeniçeri dikiyorum. Kâtip, içeridekilere söyle: sabaha kadar kimse girmeyecek.","I'm putting a Janissary on the door. Clerk, tell the people inside: no one comes in until morning.",kod
D39O_C_END,39,SPK_CAVUS,,0,"Sabah ben giderim, nöbet kalır. İyi tercüman çok konuşmaz derler, kâtip. Sen az konuştun, doğru konuştun.","In the morning I go, and the guard stays. They say a good interpreter doesn't talk much, clerk. You said little, and you said it right.",kod
D39O_C_FAR,39,SPK_CAVUS,[shouting],0,Kâtip! Yavaş! Ben senin yaşında değilim!,Clerk! Slow down! I'm not your age!,kod
D39O_C_FLAG_OK,39,SPK_CAVUS,,0,Oldu. Bir kapı daha emanette.,Done. One more door in trust.,kod
D39O_C_FLAG_WRONG,39,SPK_CAVUS,,0,O değil! O kapı listede yok.,Not that one! That door isn't on the list.,kod
D39O_C_LATE,39,SPK_CAVUS,,0,Geç kaldık. Onun sancağı dikilmiş. O evin hesabını yarın subaşı sorar; bu gece ben soramam.,We're too late. His banner's up. Tomorrow the governor will settle that house; tonight I can't.,kod
D39O_J_01,39,SPK_JANISSARY,,0,"Kâtip, sen yazarsın: tekfura ne oldu? Biri gediğin orada düştü diyor, biri kaçtı diyor.","Clerk, you're the one who writes: what happened to the Emperor? One says he fell by the breach, another says he ran.",kod
D39O_J_KNOW,39,SPK_JANISSARY,,0,Kâtip bilmezse kim bilir? ...Doğru. Kimse.,"If the clerk doesn't know, who does? ...Right. Nobody.",kod
D39O_J_ROOF,39,SPK_JANISSARY,[shouting],0,"Çatı gitti! Kâtip, kapıdan, ıslak bezle! İkinizi de aldık, sağsınız!","The roof's gone! Clerk, through the door, with a wet cloth! We've got you both, you're alive!",kod
D39O_J_WALL,39,SPK_JANISSARY,,0,Adamlarının yanında. Öyleyse iyi bir ölüm. Allah rahmet etsin; düşmandı ama adamdı.,"Beside his men. Then it was a good death. God rest him; he was the enemy, but he was a man.",kod
D39O_J_WRITE,39,SPK_JANISSARY,,0,'Kimse bilmiyor' diye yazılır mı? Yazılır herhalde. Dürüst olanı o.,Can you write 'nobody knows'? I suppose you can. It's the honest thing.,kod
D39O_N_01,39,SPK_NIHAT,,0,"Akşam oldu, Tolga Bey. Şehrin çoğunda yağma sürüyor; kaynaklar bunu saklamaz, ben de saklamayacağım. Ama Petrion gibi teslim olan birkaç mahalleye Sultan'ın adamları muhafız koydu. Siz bu gece o muhafızların dilisiniz.","Evening, Mr Tolga. Most of the city is being plundered; the sources don't hide it and neither will I. But a few quarters that surrendered, like Petrion, were given guards by the Sultan's men. Tonight you are those guards' tongue.",kod
D39O_N_EMP,39,SPK_NIHAT,,0,"Kaynaklar gerçekten anlaşamaz, Tolga Bey. Çoğu İmparator'un surda, savaşırken düştüğünü yazar; nasıl ve nerede, kimse kesin bilmez. Mezarı bilinmiyor. Büro bu satıra dokunmaz.","The sources truly don't agree, Mr Tolga. Most say the Emperor fell fighting on the wall; how and where, no one knows for sure. His grave is unknown. The Bureau doesn't touch that line.",kod
D39O_N_END,39,SPK_NIHAT,,0,"Kaydedildi. 29 Mayıs gecesi, Petrion. Yarın sabah şehirde başka bir iş var. Sonra bir cuma.","Recorded. The night of 29 May, Petrion. Tomorrow morning there's other work in the city. Then a Friday.",kod
D39O_N_PHOTO,39,SPK_NIHAT,,0,"Kapıya bakın: nöbette bir yeniçeri, eşikte papaz, içeride mumlar. Bu gecenin bir kare hakkı var.","Look at the door: a Janissary on guard, the priest on the threshold, candles inside. Tonight is entitled to one frame.",kod
D39O_N_PHOTO_OK,39,SPK_NIHAT,,0,Kaydedildi. Bu kare bütün şehri anlatmaz. Bu kapıyı anlatır.,Recorded. This frame doesn't tell the whole city. It tells this door.,kod
D39O_PR_01,39,SPK_PRIEST,[shouting],0,"(Rumca) Kilise! Kilisenin kapısını kırıyorlar! İçeride kadınlar, çocuklar var!",(In Greek) The church! They're breaking down the church door! There are women and children inside!,kod
D39O_PR_02,39,SPK_PRIEST,,0,"(Rumca) Tanrı seni korusun, fesli adam. Hangi taraftan olduğunu sormayacağım.","(In Greek) God keep you, man in the fez. I won't ask which side you're from.",kod
D39O_PR_03,39,SPK_PRIEST,,0,(Rumca) Kapıyı kırmaya gelen adam ipi tuttu. Bu gece her şey ters. Tanrı da öyle istedi belki.,(In Greek) The man who came to break the door held the rope. Everything is backwards tonight. Perhaps God wanted it so.,kod
D39O_PR_FIRE,39,SPK_PRIEST,[shouting],0,"(Rumca) Yangın! Yan ev! Yukarıda Theodoros var, yaşlı, yürüyemez!","(In Greek) Fire! The house next door! Theodoros is upstairs, he's old, he can't walk!",kod
D39O_SA_01,39,SPK_SAILOR,,0,Çekil kâtip! Bütün şehir yağmada; bu kapı mı kutsal?,"Out of the way, clerk! The whole city's being plundered; what makes this door holy?",kod
D39O_SA_02,39,SPK_SAILOR,,0,"Emir varsa emir. Bütün gece kürek çektik, şimdi eli boş dönüyoruz. ...Olsun.","If there's an order, there's an order. We rowed all night and now we go back empty-handed. ...So be it.",kod
D39O_SA_03,39,SPK_SAILOR,,0,Gemiyle kaçtı diyorlar. Frenk gemileri gitti; onunki niye gitmesin?,They say he got away on a ship. The Frankish ships got away; why not his?,kod
D39O_SA_FLAG,39,SPK_SAILOR,[shouting],0,Bu kapı benim! Sancağımı diktim!,This door's mine! I've planted my banner!,kod
D39O_SA_ROPE,39,SPK_SAILOR,[shouting],0,Ver ipi! Tuttum! Yavaş... yavaş... İndi!,Give me the rope! Got it! Easy... easy... He's down!,kod
D39O_SA_TEZ,39,SPK_SAILOR,,0,Kâğıt... Okuyamam ama mühür tanıdık. Biraz beklerim; sonra baltam karar verir.,"Paper... I can't read it, but I know the seal. I'll wait a bit; then my axe decides.",kod
D39O_SA_TEZ_SULTAN,39,SPK_SAILOR,,0,Kâtibin adı Padişah'ın kâğıdında mı? (Kâğıdı alnına götürür.) ...Baltalar iner. Biraz daha bekleriz.,The clerk's name on the Sultan's own paper? (Raises it to his brow.) ...Axes down. We'll wait a while longer.,kod
D39O_S_TILE,39,SPK_SAILOR,[shouting],0,Kiremit! Yukarı bak!,Tiles! Look up!,kod
D39O_TW_01,39,SPK_TOWNSMAN,,0,"(Rumca) Kapıları adla değil, işaretle söyleyeyim; sokaklarımızın adı yok. Mavi kapı, üstünde balık. Kuyunun karşısı. Asmalı avlu...","(In Greek) I'll give you the doors by their marks, not by names; our streets have none. The blue door with the fish. Across from the well. The courtyard with the vine...",kod
D39O_TW_PASS,39,SPK_TOWNSMAN,[excited],0,"(Rumca) Bu mühür... Logothetes Theodoros'un! Yedi nüsha adam. Ondan izin koparan dürüst biridir. Dur, çavuşu ben koşup getiririm!","(In Greek) This seal... it's Theodoros the Logothete's! The seven-copies man. Anyone who got a permit out of him is honest. Wait, I'll run and fetch the çavuş myself!",kod
D39O_TW_POINT,39,SPK_TOWNSMAN,,0,"(Rumca) Çavuş mu? Kuyunun oradan aşağı, kapıya doğru indi.","(In Greek) The çavuş? He went down past the well, towards the gate.",kod
D39O_T_01,39,SPK_TOLGA,,0,"Bütün gün su taşıdım, kürek çektim, halat bağladım. Şimdi tercümanım. Özgeçmişime sığmıyor.","All day I've carried water, pulled an oar, tied ropes. Now I'm an interpreter. It won't fit on my CV.",kod
D39O_T_02,39,SPK_TOLGA,,0,Adres: 'kuyunun karşısı'. Bizim kargo da tam böyle bulurdu.,Address: 'across from the well'. That's exactly how our couriers find people too.,kod
D39O_T_03,39,SPK_TOLGA,[excited],0,Çavuş nerede? Az önce buradaydı!,Where's the çavuş? He was right here!,kod
D39O_T_04,39,SPK_TOLGA,,0,"(Rumca) Kimse girmeyecek. Sabaha kadar kapıda nöbet var. Bu gece buradasınız, güvendesiniz.","(In Greek) No one will come in. There's a guard on the door until morning. Tonight you're here, and you're safe.",kod
D39O_T_05,39,SPK_TOLGA,,0,İyi. Ben de son zamanlarda kendime sormuyorum.,Good. I've stopped asking myself lately too.,kod
D39O_T_DOOR_BROKE,39,SPK_TOLGA,,0,Kapı kırıldı. Ama eşikte çavuş duruyor ve kimse içeri adım atmıyor.,The door's broken. But the çavuş is standing on the threshold and nobody's taking a step inside.,kod
D39O_T_END,39,SPK_TOLGA,,0,Bu gece iki dilin arasında bir kapı tuttum. Şehrin geri kalanını tutamadım; kimse tutamazdı.,Tonight I held one door between two languages. I couldn't hold the rest of the city; no one could.,kod
D39O_T_FIRE,39,SPK_TOLGA,,0,Kapı alev almış. Cumba... Cumbaya tırmanırım. Sigortada buna 'sorumluluk dışı' denir. Ben şimdi içerdeyim.,The door's on fire. The bay window... I'll climb the bay window. In insurance that's 'outside the scope of cover'. I'm inside now.,kod
D39O_T_FLAGS,39,SPK_TOLGA,,0,Kapılar sancaklı. Sigortada buna 'teminat altına alındı' denir. Burada bir bez parçası ve bir çavuşun sesi.,The doors have their banners. In insurance we'd say 'now under cover'. Here it's a strip of cloth and a çavuş's voice.,kod
D39O_T_SMOKE,39,SPK_TOLGA,,0,Göremiyorum. Eğil. Öksürük... Sağ tarafta.,I can't see. Stay low. Coughing... On the right.,kod
D39O_T_STRUGGLE_BAD,39,SPK_TOLGA,,0,Ah. Gemici kolu. Kürek çekmek insanı güçlü yapıyormuş.,Ow. A sailor's arm. Turns out rowing makes you strong.,kod
D39O_T_STRUGGLE_OK,39,SPK_TOLGA,,0,Balta bende. Kimseye sallamayacağım; sadece sende olmasın.,I've got the axe. I'm not swinging it at anyone; I just don't want you to have it.,kod
D39O_T_TEZ,39,SPK_TOLGA,,0,"Bu mahalle teslim oldu. Sultan'ın emri var, çavuş yolda. Bekleyin.",This quarter has surrendered. There's an order from the Sultan and the çavuş is on his way. Wait.,kod
D39O_T_TEZ_SULTAN,39,SPK_TOLGA,,0,"Bu da benim. Davud'un değil: Sultan'ın kendi tuğrası, altında benim adım. ""Bunu taşıyanın yolunu kesmeyin.""","And this one's mine. Not Davud's: the Sultan's own tughra, with my name under it. ""Let no one bar the way of the bearer.""",kod
